transaction_id,product_id,return_date,reason
T20250004941,P0487,2025-10-14,Wrong Item
T20250051775,P0101,2025-07-30,Wrong Item
T20250115253,P0232,2026-01-12,Wrong Item
T20260149321,P0316,2025-04-09,Customer Changed Mind
T20260023570,P0403,2025-10-13,Customer Changed Mind
T20250030862,P0140,2025-04-03,Damaged
T20260094471,P0174,2026-11-22,Damaged
T20250127794,P0120,2026-06-28,Damaged
T20250071558,P0273,2025-09-16,Customer Changed Mind
T20260068011,P0104,2026-02-17,Customer Changed Mind
T20250148208,P0070,2025-06-24,Customer Changed Mind
T20260005735,P0482,2025-12-24,Customer Changed Mind
T20250100698,P0211,2026-03-04,Damaged
T20260091403,P0198,2026-11-03,Customer Changed Mind
T20260045272,P0331,2026-12-26,Customer Changed Mind
T20260088663,P0275,2025-04-25,Customer Changed Mind
T20260112957,P0316,2025-05-30,Damaged
T20260057082,P0382,2026-11-12,Wrong Item
T20260148896,P0388,2025-09-04,Customer Changed Mind
T20260070946,P0302,2026-12-26,Customer Changed Mind
T20250074581,P0461,2026-05-20,Wrong Item
T20260103578,P0237,2026-08-07,Wrong Item
T20250047620,P0045,2025-09-30,Wrong Item
T20250092772,P0420,2025-12-19,Customer Changed Mind
T20250116904,P0120,2025-01-23,Wrong Item
T20260058352,P0145,2025-09-15,Customer Changed Mind
T20250076044,P0278,2026-04-05,Damaged
T20260052667,P0109,2026-01-19,Damaged
T20250062134,P0093,2025-11-25,Wrong Item
T20260127353,P0467,2025-01-23,Damaged
T20250064194,P0372,2026-04-14,Damaged
T20260145822,P0359,2025-04-03,Customer Changed Mind
T20250027391,P0057,2025-03-31,Wrong Item
T20260053500,P0200,2026-06-15,Wrong Item
T20260114505,P0283,2025-04-24,Customer Changed Mind
T20260147455,P0190,2026-02-05,Damaged
T20250137985,P0373,2025-08-22,Customer Changed Mind
T20250047622,P0267,2025-11-11,Damaged
T20250021911,P0362,2026-08-26,Customer Changed Mind
T20250094181,P0052,2026-09-28,Wrong Item
T20250068117,P0368,2026-10-30,Damaged
T20250039648,P0293,2026-07-14,Damaged
T20250073722,P0221,2025-07-19,Wrong Item
T20250133456,P0095,2026-02-28,Damaged
T20250030763,P0256,2025-06-25,Damaged
T20250058096,P0202,2025-05-09,Customer Changed Mind
T20250126979,P0430,2026-11-24,Wrong Item
T20250149636,P0176,2025-07-03,Customer Changed Mind
T20250027810,P0164,2025-10-07,Wrong Item
T20260122001,P0041,2026-06-16,Damaged
T20250114617,P0359,2026-05-16,Wrong Item
T20260040693,P0278,2025-12-29,Customer Changed Mind
T20260069814,P0104,2025-05-08,Wrong Item
T20250067164,P0157,2026-09-21,Customer Changed Mind
T20250083961,P0220,2025-06-23,Wrong Item
T20260104122,P0434,2026-11-17,Customer Changed Mind
T20250141378,P0142,2025-02-08,Customer Changed Mind
T20260001754,P0390,2025-01-20,Wrong Item
T20250125013,P0489,2026-03-30,Customer Changed Mind
T20260123552,P0356,2025-09-12,Customer Changed Mind
T20260051853,P0409,2025-11-09,Damaged
T20250099511,P0222,2025-10-04,Wrong Item
T20250025140,P0003,2026-03-05,Wrong Item
T20250007603,P0412,2025-08-19,Customer Changed Mind
T20250084095,P0209,2026-07-30,Customer Changed Mind
T20250084071,P0146,2026-03-14,Wrong Item
T20260001177,P0023,2025-01-31,Customer Changed Mind
T20260144081,P0178,2025-05-08,Customer Changed Mind
T20250088694,P0465,2026-02-14,Customer Changed Mind
T20250099932,P0416,2026-12-14,Customer Changed Mind
T20250014442,P0196,2026-04-25,Damaged
T20260012220,P0378,2025-12-21,Customer Changed Mind
T20260013631,P0281,2025-04-11,Customer Changed Mind
T20250049023,P0447,2025-12-29,Wrong Item
T20250080644,P0315,2026-05-08,Damaged
T20260124016,P0227,2025-09-29,Customer Changed Mind
T20250064876,P0015,2026-02-25,Wrong Item
T20260006696,P0049,2025-05-11,Customer Changed Mind
T20260145991,P0188,2025-10-07,Customer Changed Mind
T20260042037,P0250,2026-08-10,Wrong Item
T20250118765,P0410,2025-06-23,Wrong Item
T20250094748,P0245,2026-12-27,Damaged
T20260101764,P0172,2026-02-20,Customer Changed Mind
T20250060381,P0025,2025-07-31,Wrong Item
T20260133938,P0302,2026-06-28,Wrong Item
T20260045995,P0093,2025-08-17,Wrong Item
T20250112778,P0164,2026-05-11,Wrong Item
T20250076727,P0295,2025-09-11,Customer Changed Mind
T20250021435,P0108,2026-06-25,Customer Changed Mind
T20250017468,P0246,2025-02-07,Customer Changed Mind
T20260075673,P0404,2026-04-05,Wrong Item
T20250079759,P0453,2026-01-06,Customer Changed Mind
T20260107599,P0194,2026-10-14,Wrong Item
T20260120720,P0232,2026-08-18,Wrong Item
T20260003801,P0398,2026-05-13,Customer Changed Mind
T20250092266,P0267,2026-08-09,Wrong Item
T20260057329,P0401,2026-06-19,Damaged
T20260093955,P0025,2026-08-01,Customer Changed Mind
T20260138928,P0161,2025-10-16,Damaged
T20260036600,P0463,2026-05-21,Damaged
T20250048005,P0124,2025-05-10,Customer Changed Mind
T20260062520,P0145,2026-04-14,Damaged
T20260144075,P0152,2026-03-27,Customer Changed Mind
T20250131575,P0368,2026-12-27,Customer Changed Mind
T20260052057,P0155,2025-06-10,Wrong Item
T20260089160,P0122,2025-04-17,Wrong Item
T20250092611,P0369,2026-01-09,Customer Changed Mind
T20260118351,P0009,2026-11-29,Damaged
T20260109109,P0235,2026-05-26,Damaged
T20260115328,P0378,2026-11-27,Damaged
T20260079144,P0131,2025-12-24,Wrong Item
T20260111302,P0399,2026-03-03,Damaged
T20250084117,P0242,2025-03-22,Damaged
T20250031189,P0336,2025-04-21,Wrong Item
T20250107254,P0407,2025-11-14,Customer Changed Mind
T20260042798,P0474,2025-08-31,Damaged
T20250028083,P0459,2025-10-19,Damaged
T20250118789,P0189,2025-03-13,Customer Changed Mind
T20250002152,P0065,2026-05-06,Damaged
T20260137026,P0310,2025-11-10,Damaged
T20260099169,P0418,2025-12-20,Customer Changed Mind
T20250137539,P0014,2025-08-28,Damaged
T20250046291,P0122,2025-10-12,Damaged
T20250030233,P0440,2026-08-28,Wrong Item
T20260025145,P0372,2025-10-23,Customer Changed Mind
T20250050676,P0401,2026-03-02,Customer Changed Mind
T20250071570,P0246,2025-09-14,Customer Changed Mind
T20260069843,P0005,2026-11-24,Damaged
T20250036279,P0042,2025-12-28,Wrong Item
T20250066052,P0069,2025-07-11,Customer Changed Mind
T20260102609,P0308,2026-08-21,Damaged
T20250024783,P0277,2026-07-05,Wrong Item
T20260149327,P0011,2025-12-06,Customer Changed Mind
T20250095349,P0407,2026-08-13,Damaged
T20250046332,P0044,2025-10-31,Customer Changed Mind
T20250091240,P0339,2025-07-19,Wrong Item
T20250005445,P0499,2026-03-29,Wrong Item
T20260122876,P0284,2025-02-16,Damaged
T20250043811,P0169,2025-10-22,Damaged
T20260067082,P0229,2026-05-16,Wrong Item
T20250100370,P0310,2026-02-01,Damaged
T20260108874,P0345,2025-02-26,Damaged
T20250121949,P0455,2025-12-05,Wrong Item
T20260062950,P0137,2025-04-09,Customer Changed Mind
T20260050057,P0078,2026-08-05,Wrong Item
T20260079177,P0421,2025-10-26,Damaged
T20260137838,P0040,2026-05-09,Wrong Item
T20260063118,P0268,2025-12-26,Wrong Item
T20260026475,P0356,2025-07-12,Damaged
T20250118176,P0124,2025-08-28,Wrong Item
T20260059024,P0374,2026-09-21,Wrong Item
T20260071906,P0443,2025-07-29,Damaged
T20250042493,P0480,2025-02-06,Damaged
T20260073728,P0159,2025-03-01,Damaged
T20250141993,P0461,2025-08-22,Damaged
T20250055675,P0140,2026-08-23,Customer Changed Mind
T20260074087,P0290,2026-06-02,Customer Changed Mind
T20250083655,P0163,2026-01-21,Wrong Item
T20250061917,P0383,2025-07-09,Wrong Item
T20260003665,P0022,2025-03-26,Damaged
T20260005758,P0203,2026-06-10,Damaged
T20260040393,P0403,2026-03-08,Damaged
T20260081050,P0044,2026-12-20,Customer Changed Mind
T20260051122,P0346,2026-09-14,Customer Changed Mind
T20250059267,P0320,2026-09-10,Customer Changed Mind
T20260112487,P0481,2026-06-30,Damaged
T20260038582,P0246,2026-07-05,Damaged
T20250131814,P0046,2025-04-01,Customer Changed Mind
T20250073949,P0154,2025-10-15,Customer Changed Mind
T20260004308,P0299,2025-05-20,Customer Changed Mind
T20260017194,P0368,2025-08-24,Damaged
T20260127393,P0308,2026-08-04,Damaged
T20260046835,P0413,2025-05-19,Damaged
T20250091690,P0095,2026-01-18,Damaged
T20260012086,P0300,2026-05-09,Customer Changed Mind
T20260081058,P0165,2026-10-16,Wrong Item
T20250054120,P0182,2026-05-07,Customer Changed Mind
T20260097858,P0338,2026-12-14,Customer Changed Mind
T20250098092,P0011,2026-02-16,Damaged
T20260121915,P0300,2025-04-18,Wrong Item
T20250044677,P0048,2025-07-19,Damaged
T20250056078,P0245,2025-10-05,Damaged
T20250129375,P0108,2025-02-21,Customer Changed Mind
T20250133361,P0420,2026-08-30,Customer Changed Mind
T20250085866,P0449,2025-12-02,Wrong Item
T20260041559,P0263,2025-04-11,Damaged
T20260068728,P0361,2025-04-26,Customer Changed Mind
T20260058771,P0291,2026-11-03,Damaged
T20250109195,P0371,2025-03-05,Damaged
T20250039549,P0024,2026-02-07,Wrong Item
T20260019828,P0424,2026-10-07,Damaged
T20250057416,P0245,2026-01-26,Wrong Item
T20250033193,P0425,2025-10-01,Damaged
T20260023865,P0251,2025-07-05,Customer Changed Mind
T20250050919,P0201,2025-12-02,Customer Changed Mind
T20250108504,P0194,2026-09-26,Customer Changed Mind
T20250072963,P0395,2025-12-05,Damaged
T20260120712,P0440,2026-11-14,Wrong Item
T20250063504,P0184,2026-11-21,Damaged
T20250026896,P0060,2025-01-16,Damaged
T20260111152,P0279,2026-01-06,Damaged
T20250008838,P0499,2026-03-02,Customer Changed Mind
T20250016064,P0108,2026-12-04,Wrong Item
T20250107661,P0079,2025-03-16,Damaged
T20250130161,P0318,2025-05-15,Damaged
T20260029573,P0433,2026-10-19,Damaged
T20250116121,P0139,2026-04-10,Customer Changed Mind
T20250032234,P0378,2025-10-30,Wrong Item
T20260041736,P0283,2026-05-14,Wrong Item
T20250057456,P0446,2025-08-15,Wrong Item
T20260010502,P0367,2026-08-21,Damaged
T20260065795,P0358,2025-05-15,Wrong Item
T20250126714,P0303,2025-06-08,Customer Changed Mind
T20260023047,P0393,2025-07-29,Wrong Item
T20250097726,P0105,2025-08-07,Wrong Item
T20260043811,P0349,2026-01-15,Customer Changed Mind
T20250017156,P0447,2026-08-08,Wrong Item
T20250071055,P0204,2025-01-07,Wrong Item
T20260043990,P0159,2025-01-02,Damaged
T20250052059,P0123,2026-12-09,Wrong Item
T20260124757,P0078,2026-05-07,Customer Changed Mind
T20250001558,P0092,2025-12-31,Wrong Item
T20260103081,P0046,2025-05-06,Wrong Item
T20260031909,P0295,2026-12-04,Damaged
T20250145269,P0265,2026-05-30,Customer Changed Mind
T20260036660,P0367,2026-04-22,Wrong Item
T20250006479,P0315,2026-11-23,Customer Changed Mind
T20260099414,P0348,2026-10-09,Damaged
T20250043182,P0361,2025-01-07,Customer Changed Mind
T20260098529,P0483,2025-05-05,Damaged
T20250125724,P0221,2026-08-22,Customer Changed Mind
T20260064268,P0395,2026-02-21,Wrong Item
T20260120767,P0403,2026-12-31,Customer Changed Mind
T20250141103,P0402,2025-02-03,Customer Changed Mind
T20260142203,P0061,2026-09-15,Wrong Item
T20250062008,P0095,2026-07-03,Wrong Item
T20250089122,P0251,2025-02-17,Customer Changed Mind
T20250047736,P0198,2026-10-02,Damaged
T20260072505,P0365,2026-11-16,Customer Changed Mind
T20250029628,P0176,2025-10-22,Damaged
T20260052216,P0459,2025-01-11,Wrong Item
T20260044828,P0194,2026-04-03,Wrong Item
T20250018649,P0448,2026-05-30,Wrong Item
T20260049020,P0377,2026-07-20,Damaged
T20250111554,P0373,2026-12-23,Wrong Item
T20260094687,P0182,2026-11-12,Customer Changed Mind
T20260080919,P0241,2025-06-08,Wrong Item
T20250042397,P0296,2026-06-10,Wrong Item
T20260071946,P0196,2025-06-15,Wrong Item
T20260018390,P0383,2025-12-23,Customer Changed Mind
T20260025576,P0455,2025-05-15,Wrong Item
T20260003541,P0072,2026-03-03,Wrong Item
T20250074055,P0455,2025-08-24,Wrong Item
T20260083828,P0358,2025-02-22,Wrong Item
T20250131312,P0368,2025-08-09,Customer Changed Mind
T20260074154,P0034,2025-04-15,Customer Changed Mind
T20260116743,P0493,2026-01-08,Customer Changed Mind
T20250015594,P0222,2026-07-01,Customer Changed Mind
T20260077419,P0007,2025-06-03,Customer Changed Mind
T20250115531,P0343,2025-08-20,Damaged
T20250012282,P0419,2025-04-26,Wrong Item
T20250021847,P0029,2026-06-19,Customer Changed Mind
T20250086772,P0046,2026-03-10,Damaged
T20260043139,P0170,2025-11-14,Wrong Item
T20250100472,P0078,2026-10-26,Wrong Item
T20260027774,P0367,2026-05-07,Wrong Item
T20260074462,P0029,2026-07-05,Customer Changed Mind
T20260105020,P0223,2026-01-11,Wrong Item
T20250140852,P0156,2026-11-26,Customer Changed Mind
T20250006484,P0457,2026-08-20,Wrong Item
T20250097191,P0069,2025-06-12,Customer Changed Mind
T20260068796,P0419,2026-08-19,Customer Changed Mind
T20250146934,P0235,2025-02-09,Wrong Item
T20260033990,P0188,2026-10-21,Customer Changed Mind
T20260000347,P0230,2025-10-02,Customer Changed Mind
T20260141295,P0380,2025-07-08,Damaged
T20260025531,P0326,2025-02-06,Damaged
T20250080284,P0065,2025-04-02,Damaged
T20250064297,P0222,2025-06-20,Customer Changed Mind
T20260071587,P0203,2026-08-30,Customer Changed Mind
T20250145984,P0121,2026-07-27,Wrong Item
T20260116813,P0065,2025-03-14,Wrong Item
T20250053725,P0425,2026-12-29,Damaged
T20260021137,P0345,2026-10-17,Wrong Item
T20260062764,P0033,2026-08-23,Damaged
T20250030683,P0257,2025-07-11,Wrong Item
T20260054086,P0037,2025-01-04,Wrong Item
T20250078594,P0305,2025-01-02,Wrong Item
T20260012787,P0160,2026-08-24,Damaged
T20260062279,P0215,2025-12-06,Customer Changed Mind
T20250033141,P0296,2025-04-29,Damaged
T20250013870,P0471,2025-07-11,Customer Changed Mind
T20260055831,P0275,2025-01-15,Wrong Item
T20260135806,P0440,2025-11-06,Wrong Item
T20250013820,P0464,2026-03-29,Damaged
T20260048918,P0305,2025-01-26,Damaged
T20260015989,P0401,2025-06-14,Customer Changed Mind
T20250081377,P0416,2025-03-22,Customer Changed Mind
T20250149867,P0465,2025-05-11,Wrong Item
T20260042119,P0108,2025-04-30,Damaged
T20260030210,P0206,2026-07-14,Customer Changed Mind
T20250147051,P0006,2025-04-07,Customer Changed Mind
T20250127638,P0343,2025-01-11,Customer Changed Mind
T20260141867,P0209,2026-04-15,Wrong Item
T20260028582,P0225,2025-11-14,Customer Changed Mind
T20250127544,P0425,2025-11-29,Wrong Item
T20260085717,P0296,2025-09-03,Customer Changed Mind
T20260021723,P0485,2026-05-03,Customer Changed Mind
T20260011574,P0240,2026-03-18,Customer Changed Mind
T20250075409,P0188,2026-09-27,Wrong Item
T20250090035,P0008,2025-01-18,Damaged
T20250042840,P0175,2026-04-13,Customer Changed Mind
T20250008581,P0093,2026-08-23,Damaged
T20250013664,P0234,2026-01-27,Wrong Item
T20260097464,P0033,2026-09-21,Damaged
T20250096424,P0380,2026-01-07,Wrong Item
T20260044898,P0445,2025-03-24,Damaged
T20260133532,P0325,2026-06-23,Customer Changed Mind
T20250069531,P0358,2025-09-12,Damaged
T20260087884,P0145,2026-12-13,Customer Changed Mind
T20260111893,P0190,2025-02-13,Wrong Item
T20260000376,P0193,2026-02-24,Damaged
T20260032443,P0154,2025-10-28,Wrong Item
T20260074406,P0336,2025-11-17,Wrong Item
T20260021332,P0430,2025-05-12,Wrong Item
T20250140442,P0466,2026-11-06,Wrong Item
T20260004939,P0147,2025-09-18,Damaged
T20250131259,P0242,2025-09-19,Wrong Item
T20260012293,P0142,2025-01-26,Customer Changed Mind
T20260142709,P0335,2025-10-30,Damaged
T20260114845,P0309,2026-03-03,Customer Changed Mind
T20260016131,P0169,2025-06-29,Damaged
T20250132328,P0480,2025-03-09,Customer Changed Mind
T20260058063,P0023,2025-06-19,Damaged
T20250048322,P0033,2025-02-14,Wrong Item
T20250016624,P0499,2025-04-21,Customer Changed Mind
T20250004734,P0245,2025-01-08,Damaged
T20260039590,P0392,2026-12-12,Wrong Item
T20250101739,P0081,2026-08-28,Damaged
T20250111000,P0133,2025-04-08,Customer Changed Mind
T20260048444,P0123,2025-05-14,Damaged
T20250016638,P0012,2025-08-13,Damaged
T20250055638,P0082,2026-03-06,Wrong Item
T20260108788,P0196,2025-03-04,Customer Changed Mind
T20260088820,P0230,2025-12-29,Customer Changed Mind
T20250115603,P0017,2025-08-22,Damaged
T20260096939,P0108,2025-07-17,Damaged
T20260041530,P0045,2026-08-20,Wrong Item
T20250011213,P0142,2026-10-01,Damaged
T20250027388,P0265,2025-05-13,Wrong Item
T20260079061,P0191,2026-04-21,Wrong Item
T20260101977,P0120,2026-05-10,Damaged
T20250023366,P0308,2025-04-24,Customer Changed Mind
T20250010057,P0083,2026-07-27,Wrong Item
T20250112593,P0131,2026-10-14,Damaged
T20260118565,P0326,2026-01-21,Customer Changed Mind
T20260007455,P0279,2025-11-06,Wrong Item
T20250059187,P0389,2026-06-08,Customer Changed Mind
T20250070372,P0244,2026-07-09,Wrong Item
T20250126007,P0199,2025-04-18,Customer Changed Mind
T20260047380,P0140,2026-09-20,Customer Changed Mind
T20260121738,P0375,2025-01-16,Damaged
T20260044635,P0032,2025-03-01,Wrong Item
T20260015242,P0313,2026-05-06,Customer Changed Mind
T20250047838,P0391,2025-08-08,Customer Changed Mind
T20250029771,P0031,2026-03-18,Damaged
T20260107199,P0496,2025-08-07,Wrong Item
T20250061814,P0401,2026-05-07,Customer Changed Mind
T20260058348,P0400,2026-11-03,Damaged
T20260041265,P0173,2026-03-28,Damaged
T20250002157,P0296,2025-03-27,Wrong Item
T20260038784,P0050,2025-06-04,Damaged
T20250095787,P0282,2025-11-09,Customer Changed Mind
T20260088436,P0172,2025-12-03,Wrong Item
T20260089163,P0311,2025-09-28,Wrong Item
T20260145072,P0468,2025-05-12,Wrong Item
T20250104338,P0014,2025-09-15,Customer Changed Mind
T20260141607,P0366,2025-06-07,Damaged
T20250021708,P0106,2025-06-24,Customer Changed Mind
T20250143149,P0063,2026-04-26,Wrong Item
T20250137148,P0197,2026-02-01,Damaged
T20250078780,P0158,2025-08-13,Damaged
T20250092536,P0158,2026-08-30,Damaged
T20260121294,P0486,2026-12-22,Damaged
T20250079847,P0100,2026-03-14,Customer Changed Mind
T20260124306,P0368,2026-10-07,Wrong Item
T20260003714,P0095,2025-12-13,Damaged
T20250117114,P0353,2026-11-10,Customer Changed Mind
T20260145580,P0121,2026-08-08,Damaged
T20260003341,P0074,2026-12-20,Damaged
T20260092231,P0429,2025-05-30,Customer Changed Mind
T20250017420,P0481,2026-06-27,Wrong Item
T20250052376,P0078,2026-04-12,Wrong Item
T20250071440,P0003,2025-05-05,Wrong Item
T20260104000,P0261,2025-01-05,Wrong Item
T20260049108,P0301,2025-10-21,Damaged
T20250146464,P0219,2026-08-13,Damaged
T20260004057,P0338,2026-08-15,Damaged
T20260126394,P0487,2025-02-10,Customer Changed Mind
T20250106502,P0337,2025-01-14,Customer Changed Mind
T20250084374,P0321,2025-01-28,Damaged
T20260103180,P0419,2025-08-21,Damaged
T20260086365,P0112,2026-08-10,Wrong Item
T20260032279,P0213,2025-05-27,Customer Changed Mind
T20260071109,P0143,2025-02-26,Customer Changed Mind
T20260139706,P0037,2025-08-16,Wrong Item
T20260141438,P0012,2026-03-30,Wrong Item
T20250071066,P0221,2026-12-19,Damaged
T20250122789,P0402,2026-09-14,Damaged
T20260044910,P0348,2026-09-14,Damaged
T20250145391,P0491,2025-08-07,Wrong Item
T20260049164,P0326,2025-11-22,Customer Changed Mind
T20260116382,P0046,2025-07-15,Wrong Item
T20260121414,P0171,2025-12-01,Damaged
T20260017801,P0220,2025-01-16,Wrong Item
T20250061371,P0067,2026-07-24,Wrong Item
T20260078790,P0140,2025-09-15,Damaged
T20260140878,P0424,2025-10-02,Customer Changed Mind
T20250144980,P0077,2026-11-30,Damaged
T20250119483,P0039,2025-07-21,Wrong Item
T20250018604,P0407,2026-04-26,Customer Changed Mind
T20250138393,P0382,2025-01-25,Damaged
T20250083163,P0078,2025-04-27,Wrong Item
T20250077727,P0431,2025-01-05,Wrong Item
T20260074928,P0015,2025-04-10,Damaged
T20250028596,P0082,2025-06-10,Customer Changed Mind
T20260007996,P0338,2025-01-09,Customer Changed Mind
T20250108954,P0212,2025-05-03,Customer Changed Mind
T20260050857,P0200,2025-09-01,Customer Changed Mind
T20250072173,P0159,2026-03-29,Wrong Item
T20250106183,P0251,2025-01-30,Wrong Item
T20250012328,P0181,2026-07-28,Wrong Item
T20260114481,P0435,2025-08-13,Wrong Item
T20250096134,P0135,2026-04-05,Customer Changed Mind
T20250129425,P0443,2025-01-07,Damaged
T20250080441,P0089,2025-06-17,Customer Changed Mind
T20260110522,P0392,2025-12-07,Damaged
T20250072154,P0242,2026-08-20,Wrong Item
T20250093234,P0188,2025-06-01,Customer Changed Mind
T20250058502,P0134,2026-02-19,Damaged
T20260127308,P0134,2026-12-27,Customer Changed Mind
T20260001009,P0499,2026-06-29,Wrong Item
T20250090763,P0287,2025-07-03,Customer Changed Mind
T20260125585,P0200,2025-12-04,Customer Changed Mind
T20250077424,P0285,2026-05-16,Damaged
T20250050947,P0282,2026-02-17,Wrong Item
T20250086003,P0105,2026-10-11,Customer Changed Mind
T20260052926,P0141,2025-08-07,Customer Changed Mind
T20250052894,P0336,2025-12-02,Wrong Item
T20260002519,P0304,2026-12-03,Damaged
T20250145898,P0447,2025-01-10,Wrong Item
T20250133627,P0241,2026-04-07,Wrong Item
T20250113025,P0256,2026-12-10,Wrong Item
T20260066655,P0328,2026-01-04,Wrong Item
T20260023878,P0075,2026-10-31,Customer Changed Mind
T20250073954,P0221,2025-03-22,Customer Changed Mind
T20260107397,P0497,2025-04-12,Customer Changed Mind
T20250103663,P0374,2025-10-04,Wrong Item
T20260131910,P0096,2025-09-13,Customer Changed Mind
T20250104079,P0299,2026-04-22,Wrong Item
T20250083563,P0310,2026-11-20,Wrong Item
T20250028436,P0048,2025-09-26,Wrong Item
T20260056395,P0352,2026-01-18,Wrong Item
T20260089720,P0003,2026-04-15,Wrong Item
T20250035659,P0490,2026-11-17,Damaged
T20260117856,P0064,2025-01-13,Customer Changed Mind
T20250025953,P0352,2025-10-30,Damaged
T20250108843,P0155,2026-04-14,Damaged
T20250050565,P0304,2025-05-26,Customer Changed Mind
T20260091574,P0219,2026-12-08,Damaged
T20260064651,P0350,2026-07-08,Customer Changed Mind
T20250014904,P0201,2025-07-18,Customer Changed Mind
T20250142217,P0191,2025-12-01,Damaged
T20250053741,P0178,2026-07-03,Damaged
T20250017917,P0213,2026-01-05,Customer Changed Mind
T20250046527,P0489,2026-02-23,Customer Changed Mind
T20260104258,P0003,2025-08-11,Damaged
T20250117732,P0470,2025-06-30,Customer Changed Mind
T20250084721,P0075,2025-06-28,Wrong Item
T20260133229,P0064,2025-06-16,Wrong Item
T20260024501,P0274,2025-08-04,Damaged
T20250122944,P0436,2026-03-08,Wrong Item
T20250001934,P0129,2025-08-11,Wrong Item
T20260125793,P0176,2025-03-03,Damaged
T20250123228,P0204,2026-05-31,Customer Changed Mind
T20250024600,P0063,2025-09-01,Customer Changed Mind
T20260080991,P0065,2026-06-13,Wrong Item
T20250056772,P0272,2026-12-27,Wrong Item
T20250147503,P0190,2025-04-15,Wrong Item
T20250085741,P0238,2026-02-07,Wrong Item
T20250069716,P0249,2026-01-13,Damaged
T20260114260,P0237,2026-11-09,Wrong Item
T20250065737,P0374,2025-03-11,Wrong Item
T20250099254,P0014,2026-09-16,Customer Changed Mind
T20260073411,P0086,2026-06-03,Damaged
T20250116646,P0305,2026-03-17,Wrong Item
T20250075954,P0299,2025-12-09,Wrong Item
T20250125531,P0032,2026-05-31,Customer Changed Mind
T20260086312,P0308,2025-01-03,Wrong Item
T20250076948,P0409,2026-04-30,Customer Changed Mind
T20250145527,P0352,2025-07-10,Damaged
T20260014479,P0136,2026-05-22,Wrong Item
T20260132478,P0035,2025-09-09,Customer Changed Mind
T20250110104,P0466,2025-05-03,Customer Changed Mind
T20260126716,P0035,2025-10-07,Customer Changed Mind
T20250021142,P0463,2026-10-02,Damaged
T20260001238,P0446,2026-09-08,Wrong Item
T20260136033,P0231,2026-01-28,Customer Changed Mind
T20250094009,P0159,2026-01-23,Wrong Item
T20250109338,P0063,2025-06-29,Damaged
T20250148928,P0444,2026-11-25,Damaged
T20260136038,P0278,2025-10-31,Customer Changed Mind
T20250029163,P0464,2026-07-29,Wrong Item
T20260052367,P0485,2025-03-01,Wrong Item
T20250037813,P0112,2026-03-17,Wrong Item
T20250055174,P0408,2025-12-29,Wrong Item
T20250113507,P0258,2026-11-23,Customer Changed Mind
T20260050332,P0028,2025-04-20,Customer Changed Mind
T20260123190,P0177,2025-07-11,Damaged
T20260092354,P0426,2025-03-23,Wrong Item
T20250093315,P0122,2026-05-10,Wrong Item
T20260115463,P0279,2025-09-04,Damaged
T20260140432,P0103,2026-02-10,Customer Changed Mind
T20260087127,P0346,2025-09-11,Customer Changed Mind
T20250092371,P0377,2026-01-07,Wrong Item
T20250032067,P0153,2025-03-26,Damaged
T20260003031,P0273,2025-10-08,Damaged
T20260061606,P0407,2025-04-02,Damaged
T20260074439,P0124,2026-07-27,Damaged
T20250012783,P0483,2026-05-09,Wrong Item
T20260131291,P0409,2025-08-08,Customer Changed Mind
T20260131984,P0130,2025-04-08,Wrong Item
T20260115609,P0201,2025-09-23,Customer Changed Mind
T20260080594,P0108,2026-08-30,Customer Changed Mind
T20250022981,P0265,2025-04-21,Damaged
T20250068319,P0087,2026-05-24,Customer Changed Mind
T20250011283,P0460,2025-07-08,Wrong Item
T20250032854,P0047,2026-06-20,Damaged
T20260040653,P0366,2025-03-05,Damaged
T20260004922,P0010,2025-12-09,Customer Changed Mind
T20260047081,P0496,2026-06-27,Customer Changed Mind
T20250128025,P0314,2025-08-05,Wrong Item
T20250091677,P0499,2026-05-26,Wrong Item
T20250136087,P0010,2025-03-17,Wrong Item
T20260032705,P0376,2025-02-17,Damaged
T20260129387,P0380,2025-09-19,Damaged
T20250004956,P0375,2025-08-26,Damaged
T20260007145,P0246,2025-03-21,Customer Changed Mind
T20250048688,P0056,2025-08-23,Wrong Item
T20260099114,P0351,2026-09-01,Customer Changed Mind
T20250056226,P0362,2026-10-22,Wrong Item
T20250036312,P0133,2025-09-26,Customer Changed Mind
T20250105698,P0445,2026-03-09,Damaged
T20260079007,P0135,2026-03-26,Damaged
T20260026855,P0159,2026-01-04,Customer Changed Mind
T20250022354,P0010,2025-01-23,Customer Changed Mind
T20260057970,P0213,2025-12-22,Customer Changed Mind
T20260147214,P0344,2026-08-18,Damaged
T20250135511,P0123,2025-05-03,Wrong Item
T20260110469,P0344,2025-01-28,Customer Changed Mind
T20260143208,P0060,2025-12-15,Customer Changed Mind
T20250134761,P0360,2026-10-31,Damaged
T20260122312,P0103,2026-04-19,Customer Changed Mind
T20250145389,P0488,2026-06-24,Damaged
T20250032197,P0004,2026-07-15,Customer Changed Mind
T20260036084,P0381,2026-04-18,Customer Changed Mind
T20260121387,P0406,2026-02-06,Damaged
T20250132995,P0320,2025-03-30,Damaged
T20260042595,P0291,2026-12-24,Wrong Item
T20260140210,P0215,2026-07-04,Damaged
T20250083443,P0088,2026-06-04,Customer Changed Mind
T20250124860,P0341,2026-09-09,Customer Changed Mind
T20250007705,P0095,2025-01-17,Wrong Item
T20260110422,P0062,2025-11-14,Customer Changed Mind
T20260031743,P0136,2026-06-15,Damaged
T20260140212,P0457,2025-01-10,Damaged
T20250009061,P0389,2025-07-26,Damaged
T20250021022,P0299,2025-01-20,Damaged
T20260142036,P0194,2025-10-13,Wrong Item
T20260055024,P0452,2026-07-03,Damaged
T20260105239,P0119,2025-11-09,Wrong Item
T20250055356,P0234,2026-11-24,Customer Changed Mind
T20250040148,P0150,2026-02-05,Wrong Item
T20260112338,P0208,2026-07-15,Damaged
T20260007872,P0074,2026-12-19,Damaged
T20250004086,P0224,2025-12-13,Damaged
T20250001708,P0131,2025-08-19,Damaged
T20260049518,P0025,2026-01-15,Wrong Item
T20260128815,P0377,2026-01-21,Customer Changed Mind
T20260145018,P0330,2026-04-27,Customer Changed Mind
T20250118980,P0328,2025-01-23,Wrong Item
T20250122442,P0480,2025-12-28,Customer Changed Mind
T20260097466,P0457,2026-11-07,Wrong Item
T20260103410,P0122,2026-07-16,Customer Changed Mind
T20260088889,P0083,2026-03-01,Damaged
T20260046664,P0426,2026-09-01,Wrong Item
T20260140464,P0473,2025-10-29,Damaged
T20260043963,P0119,2025-11-02,Damaged
T20250007875,P0129,2025-11-24,Customer Changed Mind
T20250098708,P0106,2026-08-17,Wrong Item
T20250119110,P0163,2025-06-16,Customer Changed Mind
T20250138008,P0475,2026-04-05,Customer Changed Mind
T20250012951,P0180,2025-07-04,Wrong Item
T20260042497,P0066,2025-10-29,Wrong Item
T20260013408,P0241,2025-10-15,Wrong Item
T20260111640,P0250,2026-03-11,Wrong Item
T20250006869,P0153,2025-03-09,Customer Changed Mind
T20260015580,P0031,2025-11-06,Customer Changed Mind
T20250136767,P0131,2026-11-28,Wrong Item
T20260075731,P0293,2025-08-10,Customer Changed Mind
T20250003022,P0016,2026-08-20,Damaged
T20260046076,P0227,2026-02-12,Damaged
T20260084587,P0275,2026-10-07,Damaged
T20250066309,P0460,2026-06-24,Customer Changed Mind
T20250057974,P0095,2026-10-17,Wrong Item
T20250140097,P0429,2026-12-13,Wrong Item
T20250032336,P0230,2025-03-15,Wrong Item
T20250060783,P0237,2025-01-14,Customer Changed Mind
T20260080910,P0179,2025-12-21,Wrong Item
T20250026786,P0280,2026-06-18,Wrong Item
T20250138068,P0016,2026-05-02,Wrong Item
T20260030764,P0334,2025-04-08,Wrong Item
T20260069326,P0179,2025-03-18,Wrong Item
T20260081866,P0083,2026-07-06,Damaged
T20250067828,P0394,2025-04-10,Damaged
T20260054206,P0149,2026-03-21,Wrong Item
T20250037390,P0346,2025-10-13,Customer Changed Mind
T20250037186,P0168,2026-09-22,Damaged
T20250084334,P0301,2025-09-03,Customer Changed Mind
T20250071283,P0236,2026-12-18,Customer Changed Mind
T20250148429,P0023,2025-01-03,Damaged
T20250007614,P0021,2026-10-20,Wrong Item
T20250140256,P0441,2025-01-10,Wrong Item
T20250041175,P0065,2025-11-28,Wrong Item
T20260054658,P0238,2026-08-18,Wrong Item
T20250000254,P0090,2025-06-01,Customer Changed Mind
T20260141739,P0194,2026-02-23,Damaged
T20250078120,P0499,2025-06-15,Wrong Item
T20260093905,P0440,2025-01-31,Customer Changed Mind
T20250100629,P0081,2025-03-12,Damaged
T20250010320,P0195,2025-12-12,Damaged
T20250039112,P0248,2025-08-14,Customer Changed Mind
T20260015420,P0478,2025-12-04,Damaged
T20250079869,P0455,2026-09-26,Damaged
T20250040303,P0480,2025-12-02,Wrong Item
T20250044931,P0246,2025-06-16,Damaged
T20260033655,P0411,2025-12-04,Customer Changed Mind
T20260125748,P0278,2025-12-15,Damaged
T20260094053,P0432,2026-07-15,Damaged
T20250112183,P0085,2026-10-01,Damaged
T20250023550,P0492,2025-01-15,Customer Changed Mind
T20260017445,P0440,2026-01-08,Customer Changed Mind
T20250047663,P0046,2026-03-12,Customer Changed Mind
T20260083486,P0237,2025-03-05,Damaged
T20260064669,P0405,2025-01-03,Customer Changed Mind
T20260043840,P0120,2026-03-09,Wrong Item
T20260087418,P0499,2025-12-25,Wrong Item
T20260028557,P0242,2026-10-04,Wrong Item
T20260111996,P0079,2025-06-19,Wrong Item
T20260047206,P0122,2026-07-01,Damaged
T20250014423,P0207,2025-03-07,Customer Changed Mind
T20260067456,P0069,2025-11-16,Customer Changed Mind
T20250003491,P0389,2025-06-10,Customer Changed Mind
T20250085439,P0170,2026-08-29,Customer Changed Mind
T20260022233,P0365,2025-01-08,Customer Changed Mind
T20250116132,P0009,2026-11-29,Damaged
T20250144546,P0365,2026-01-23,Wrong Item
T20260058036,P0306,2025-05-25,Wrong Item
T20260092688,P0333,2026-03-25,Damaged
T20260018749,P0259,2025-10-07,Wrong Item
T20250069768,P0489,2025-05-03,Customer Changed Mind
T20250136620,P0367,2026-11-04,Customer Changed Mind
T20260146697,P0053,2026-03-10,Damaged
T20260005710,P0273,2026-05-06,Customer Changed Mind
T20260110326,P0439,2026-01-29,Damaged
T20250072034,P0455,2025-02-22,Wrong Item
T20260132627,P0310,2026-07-21,Customer Changed Mind
T20260055225,P0357,2026-08-12,Damaged
T20260107409,P0067,2026-01-10,Damaged
T20260144246,P0425,2026-02-24,Wrong Item
T20250121044,P0119,2026-04-29,Wrong Item
T20260143316,P0013,2026-08-29,Damaged
T20250040795,P0382,2026-05-09,Wrong Item
T20260054324,P0418,2026-04-13,Damaged
T20250018386,P0177,2025-01-26,Damaged
T20260079140,P0169,2025-06-10,Customer Changed Mind
T20250050559,P0063,2026-06-19,Wrong Item
T20250099134,P0240,2025-12-16,Damaged
T20250147027,P0375,2026-08-26,Customer Changed Mind
T20250000049,P0275,2025-05-24,Damaged
T20260133905,P0150,2025-10-02,Customer Changed Mind
T20250134705,P0400,2025-03-18,Damaged
T20250099117,P0486,2025-06-15,Damaged
T20250099095,P0338,2025-07-17,Wrong Item
T20260005252,P0476,2026-05-19,Customer Changed Mind
T20260104189,P0182,2026-01-13,Customer Changed Mind
T20260141695,P0166,2026-10-14,Wrong Item
T20250103503,P0408,2026-01-05,Customer Changed Mind
T20250126176,P0382,2026-11-25,Customer Changed Mind
T20250056197,P0386,2026-07-28,Customer Changed Mind
T20260082602,P0305,2025-11-18,Customer Changed Mind
T20260026023,P0035,2025-05-02,Damaged
T20260147580,P0485,2025-06-06,Wrong Item
T20250019701,P0431,2025-02-13,Wrong Item
T20260096188,P0191,2026-05-07,Wrong Item
T20260049493,P0369,2025-01-07,Wrong Item
T20260036419,P0414,2025-07-27,Wrong Item
T20260079402,P0443,2026-11-11,Wrong Item
T20260008343,P0430,2026-03-09,Wrong Item
T20260029257,P0049,2025-12-21,Customer Changed Mind
T20250142785,P0249,2025-07-29,Wrong Item
T20260114280,P0463,2026-03-02,Wrong Item
T20250073884,P0422,2026-12-27,Wrong Item
T20260033130,P0093,2025-09-29,Customer Changed Mind
T20250020963,P0372,2026-05-30,Customer Changed Mind
T20260039828,P0205,2025-06-05,Damaged
T20260144413,P0150,2026-03-22,Wrong Item
T20250130633,P0066,2025-07-11,Customer Changed Mind
T20260095740,P0256,2026-10-18,Customer Changed Mind
T20260139680,P0408,2026-11-27,Wrong Item
T20250007411,P0112,2025-06-28,Customer Changed Mind
T20250092893,P0443,2025-09-30,Wrong Item
T20260107980,P0062,2025-08-30,Customer Changed Mind
T20250099474,P0205,2026-09-06,Wrong Item
T20260083340,P0228,2026-01-01,Wrong Item
T20260003240,P0153,2026-07-13,Customer Changed Mind
T20260064630,P0096,2025-05-11,Customer Changed Mind
T20250092817,P0366,2026-02-17,Customer Changed Mind
T20260071699,P0202,2026-03-12,Customer Changed Mind
T20250084497,P0182,2026-07-16,Wrong Item
T20250007299,P0317,2025-02-06,Customer Changed Mind
T20250079997,P0279,2026-01-09,Wrong Item
T20250011546,P0399,2025-02-07,Customer Changed Mind
T20260139616,P0432,2026-04-20,Wrong Item
T20260091580,P0402,2025-02-19,Customer Changed Mind
T20260024983,P0458,2026-01-17,Wrong Item
T20260015383,P0480,2026-08-19,Customer Changed Mind
T20260064886,P0486,2026-12-07,Damaged
T20260122546,P0165,2026-05-10,Damaged
T20250090310,P0417,2026-12-23,Customer Changed Mind
T20250134340,P0075,2026-12-22,Wrong Item
T20250061470,P0184,2025-03-01,Customer Changed Mind
T20260037438,P0243,2026-03-22,Wrong Item
T20250005863,P0280,2026-01-03,Customer Changed Mind
T20250039768,P0249,2026-01-21,Wrong Item
T20250008139,P0019,2026-08-13,Wrong Item
T20250051750,P0076,2026-01-06,Customer Changed Mind
T20260027439,P0028,2025-11-10,Wrong Item
T20260053052,P0223,2025-01-14,Wrong Item
T20260004369,P0050,2026-02-24,Customer Changed Mind
T20260088730,P0223,2025-05-07,Customer Changed Mind
T20260064071,P0474,2025-04-18,Damaged
T20260126168,P0123,2026-10-21,Wrong Item
T20260045587,P0141,2025-01-27,Customer Changed Mind
T20260083106,P0148,2026-01-25,Wrong Item
T20250021793,P0421,2025-01-12,Damaged
T20260028749,P0344,2025-12-03,Customer Changed Mind
T20250031118,P0099,2026-01-12,Damaged
T20250064773,P0351,2025-06-14,Wrong Item
T20250031621,P0489,2026-05-03,Damaged
T20250103337,P0247,2025-11-14,Wrong Item
T20260050409,P0146,2025-10-29,Damaged
T20260034920,P0203,2025-02-19,Damaged
T20260007342,P0458,2026-02-12,Wrong Item
T20260039250,P0105,2025-11-11,Wrong Item
T20250114062,P0123,2025-11-13,Wrong Item
T20250142365,P0417,2025-07-03,Customer Changed Mind
T20250126890,P0117,2025-12-27,Wrong Item
T20250083842,P0050,2026-01-01,Wrong Item
T20250050057,P0236,2026-08-02,Customer Changed Mind
T20260139868,P0138,2025-03-21,Customer Changed Mind
T20260043503,P0138,2025-02-01,Wrong Item
T20260077457,P0455,2026-03-18,Customer Changed Mind
T20250072869,P0335,2026-07-20,Wrong Item
T20260009872,P0471,2026-07-30,Damaged
T20260095879,P0090,2026-04-26,Wrong Item
T20250115807,P0195,2025-09-13,Damaged
T20250095085,P0481,2025-05-02,Wrong Item
T20250017638,P0183,2025-05-28,Customer Changed Mind
T20250146319,P0213,2025-09-05,Customer Changed Mind
T20250116428,P0488,2025-04-02,Damaged
T20260060919,P0156,2026-10-10,Customer Changed Mind
T20250070784,P0480,2026-02-01,Damaged
T20250114704,P0230,2026-10-09,Damaged
T20250047739,P0220,2025-06-30,Wrong Item
T20250024542,P0290,2026-02-26,Wrong Item
T20260025423,P0139,2025-03-19,Damaged
T20250132836,P0232,2026-12-13,Customer Changed Mind
T20260048167,P0206,2025-08-08,Damaged
T20250024662,P0253,2025-03-26,Damaged
T20250072790,P0182,2026-07-03,Damaged
T20260067198,P0287,2026-07-17,Wrong Item
T20260135096,P0123,2026-03-07,Damaged
T20250132313,P0365,2025-10-30,Customer Changed Mind
T20250035962,P0481,2025-11-30,Wrong Item
T20250004087,P0402,2025-11-26,Customer Changed Mind
T20250009163,P0254,2026-08-26,Customer Changed Mind
T20260008831,P0102,2025-07-07,Customer Changed Mind
T20260090408,P0388,2026-11-27,Customer Changed Mind
T20250003410,P0335,2025-09-11,Wrong Item
T20250070579,P0457,2026-06-14,Damaged
T20260018261,P0243,2025-06-18,Customer Changed Mind
T20250149658,P0470,2026-06-27,Wrong Item
T20260113064,P0250,2026-07-09,Damaged
T20260049838,P0495,2026-09-29,Customer Changed Mind
T20260035052,P0429,2026-01-04,Damaged
T20250111380,P0213,2025-01-27,Customer Changed Mind
T20260085727,P0338,2026-07-26,Customer Changed Mind
T20250025176,P0087,2025-01-01,Customer Changed Mind
T20250143527,P0155,2026-06-02,Damaged
T20250014237,P0310,2026-09-14,Customer Changed Mind
T20260044518,P0386,2026-12-13,Customer Changed Mind
T20250074547,P0476,2026-12-20,Wrong Item
T20250017024,P0374,2025-10-21,Customer Changed Mind
T20260092415,P0424,2025-02-12,Customer Changed Mind
T20260097158,P0286,2026-09-12,Customer Changed Mind
T20250089480,P0224,2025-04-21,Damaged
T20260035957,P0428,2026-10-19,Customer Changed Mind
T20260144163,P0452,2025-11-18,Customer Changed Mind
T20250029479,P0078,2026-07-20,Customer Changed Mind
T20260094411,P0437,2025-08-25,Damaged
T20260095712,P0457,2025-05-29,Customer Changed Mind
T20250119542,P0489,2026-03-27,Wrong Item
T20250083105,P0267,2025-12-12,Wrong Item
T20260019980,P0260,2025-02-22,Damaged
T20260121769,P0012,2026-08-17,Customer Changed Mind
T20260119409,P0051,2025-02-10,Wrong Item
T20260099760,P0445,2025-10-02,Wrong Item
T20250032693,P0397,2026-04-04,Damaged
T20260137963,P0197,2026-03-06,Damaged
T20260052077,P0004,2025-12-07,Damaged
T20260061884,P0323,2025-12-15,Wrong Item
T20260081947,P0470,2025-07-23,Wrong Item
T20250087646,P0228,2025-05-22,Wrong Item
T20250010182,P0437,2025-03-01,Customer Changed Mind
T20250061752,P0016,2026-08-21,Customer Changed Mind
T20260014058,P0145,2026-11-19,Damaged
T20250036716,P0068,2025-12-16,Customer Changed Mind
T20260058607,P0315,2025-08-05,Wrong Item
T20250117087,P0117,2026-09-23,Customer Changed Mind
T20250041455,P0484,2025-09-06,Damaged
T20250122144,P0201,2025-02-18,Damaged
T20250069674,P0461,2025-06-16,Damaged
T20250087198,P0156,2025-04-08,Customer Changed Mind
T20260123355,P0382,2025-01-17,Damaged
T20260018485,P0319,2026-07-10,Damaged
T20260115248,P0444,2026-03-18,Customer Changed Mind
T20260017075,P0099,2025-03-23,Customer Changed Mind
T20260077366,P0345,2026-05-15,Damaged
T20250088082,P0275,2026-09-02,Wrong Item
T20260053409,P0366,2026-09-15,Wrong Item
T20260102813,P0336,2026-10-06,Wrong Item
T20260136030,P0298,2025-09-07,Customer Changed Mind
T20260091223,P0152,2026-10-23,Damaged
T20250100594,P0208,2026-05-09,Customer Changed Mind
T20250110792,P0381,2025-01-11,Customer Changed Mind
T20260009531,P0473,2025-03-16,Wrong Item
T20250018683,P0271,2026-07-09,Damaged
T20260140868,P0340,2025-04-12,Customer Changed Mind
T20250103757,P0127,2025-10-11,Wrong Item
T20260085942,P0362,2025-12-24,Wrong Item
T20260005018,P0119,2026-02-14,Damaged
T20250080968,P0453,2025-01-17,Damaged
T20260109699,P0172,2026-11-17,Customer Changed Mind
T20250032123,P0355,2025-11-21,Damaged
T20260002368,P0035,2025-03-14,Customer Changed Mind
T20250138857,P0314,2026-04-09,Damaged
T20260060613,P0165,2025-12-28,Customer Changed Mind
T20260112089,P0381,2025-09-15,Wrong Item
T20250123381,P0035,2026-12-04,Damaged
T20250106531,P0429,2025-08-04,Damaged
T20260053230,P0210,2025-06-22,Customer Changed Mind
T20250118793,P0453,2026-07-27,Wrong Item
T20260144620,P0491,2025-08-08,Wrong Item
T20260106608,P0209,2025-12-23,Wrong Item
T20260044213,P0028,2025-03-22,Damaged
T20250074895,P0131,2025-02-04,Wrong Item
T20260051525,P0138,2025-07-12,Damaged
T20260063744,P0489,2025-04-19,Wrong Item
T20260144449,P0088,2025-03-10,Wrong Item
T20260029805,P0314,2025-01-03,Customer Changed Mind
T20260043188,P0237,2025-01-21,Damaged
T20250143526,P0468,2026-12-04,Wrong Item
T20250026718,P0468,2025-07-06,Customer Changed Mind
T20250093208,P0424,2026-01-21,Wrong Item
T20250061427,P0019,2026-12-11,Wrong Item
T20260148591,P0126,2025-02-19,Customer Changed Mind
T20260033136,P0319,2025-12-25,Wrong Item
T20250120464,P0197,2026-10-13,Customer Changed Mind
T20250127683,P0296,2025-06-10,Damaged
T20260107943,P0075,2026-06-28,Customer Changed Mind
T20250089085,P0230,2025-05-24,Damaged
T20250096839,P0122,2025-07-20,Wrong Item
T20260068578,P0232,2025-05-08,Wrong Item
T20260012362,P0416,2026-10-26,Customer Changed Mind
T20260082929,P0020,2026-02-07,Damaged
T20250111250,P0056,2026-10-27,Wrong Item
T20260004981,P0489,2025-12-29,Wrong Item
T20250006226,P0112,2025-08-23,Wrong Item
T20260050237,P0468,2026-10-08,Damaged
T20260070029,P0098,2026-05-08,Damaged
T20260096042,P0303,2025-07-11,Damaged
T20250028201,P0023,2025-11-30,Customer Changed Mind
T20260117632,P0237,2025-12-06,Damaged
T20260117149,P0253,2025-11-30,Customer Changed Mind
T20260091076,P0285,2025-11-12,Customer Changed Mind
T20250018045,P0375,2026-10-02,Damaged
T20260104761,P0026,2025-11-22,Wrong Item
T20250000402,P0002,2026-06-10,Wrong Item
T20250118729,P0081,2025-12-15,Customer Changed Mind
T20250041324,P0145,2026-04-09,Customer Changed Mind
T20260064781,P0368,2025-10-19,Customer Changed Mind
T20250148179,P0126,2026-11-30,Wrong Item
T20250071720,P0046,2025-01-10,Damaged
T20260018845,P0006,2025-04-10,Customer Changed Mind
T20250023242,P0455,2026-02-07,Damaged
T20260127485,P0374,2026-06-17,Wrong Item
T20250082903,P0449,2025-05-02,Customer Changed Mind
T20250050306,P0231,2026-09-22,Customer Changed Mind
T20260111470,P0029,2025-08-21,Customer Changed Mind
T20250028793,P0180,2026-10-22,Customer Changed Mind
T20250021240,P0491,2025-11-08,Wrong Item
T20250004606,P0232,2025-08-23,Damaged
T20260043462,P0116,2026-06-25,Damaged
T20260016301,P0106,2025-08-20,Wrong Item
T20250038559,P0084,2026-01-03,Damaged
T20260064254,P0473,2026-04-28,Damaged
T20250028330,P0287,2025-01-17,Wrong Item
T20250012391,P0238,2026-12-06,Wrong Item
T20250010847,P0430,2026-08-11,Wrong Item
T20250012209,P0222,2025-01-01,Damaged
T20260060318,P0275,2026-04-06,Wrong Item
T20260111623,P0159,2025-10-08,Damaged
T20260017479,P0387,2026-05-24,Damaged
T20250095401,P0284,2025-09-30,Wrong Item
T20250038683,P0295,2026-05-05,Customer Changed Mind
T20260041281,P0200,2026-09-07,Customer Changed Mind
T20250020073,P0458,2025-09-24,Customer Changed Mind
T20260008808,P0169,2025-11-25,Damaged
T20260096494,P0431,2026-03-05,Customer Changed Mind
T20260002859,P0056,2025-01-18,Wrong Item
T20250137468,P0239,2026-10-01,Customer Changed Mind
T20250000779,P0412,2025-12-22,Damaged
T20260077828,P0183,2026-05-21,Customer Changed Mind
T20260000090,P0418,2025-12-18,Customer Changed Mind
T20260001564,P0332,2026-07-31,Wrong Item
T20250020611,P0222,2026-03-28,Wrong Item
T20260013393,P0319,2025-12-16,Damaged
T20260091606,P0178,2026-03-30,Damaged
T20250086989,P0218,2025-09-10,Wrong Item
T20260092121,P0170,2026-09-29,Wrong Item
T20260055774,P0197,2025-08-02,Damaged
T20250084097,P0439,2025-12-10,Customer Changed Mind
T20260025629,P0368,2026-04-25,Wrong Item
T20250040460,P0416,2026-07-27,Wrong Item
T20260124756,P0032,2026-03-17,Damaged
T20260124811,P0126,2026-08-03,Customer Changed Mind
T20260012191,P0085,2026-03-25,Wrong Item
T20260074715,P0259,2025-06-06,Customer Changed Mind
T20250122997,P0338,2026-03-02,Wrong Item
T20260058674,P0335,2025-03-30,Wrong Item
T20250021740,P0110,2025-03-09,Customer Changed Mind
T20260016156,P0138,2025-03-21,Damaged
T20260038792,P0115,2026-03-13,Damaged
T20250059787,P0060,2026-05-23,Wrong Item
T20250042514,P0003,2026-08-22,Customer Changed Mind
T20260133405,P0152,2025-05-31,Wrong Item
T20260087682,P0491,2026-09-16,Wrong Item
T20260027704,P0299,2025-03-29,Wrong Item
T20260114970,P0187,2026-07-25,Wrong Item
T20250003666,P0255,2026-12-24,Wrong Item
T20260062716,P0281,2026-01-31,Damaged
T20250022663,P0364,2026-04-29,Wrong Item
T20250097010,P0358,2026-01-07,Damaged
T20250046699,P0166,2026-12-26,Wrong Item
T20250075486,P0234,2026-01-02,Customer Changed Mind
T20260090480,P0490,2026-11-25,Wrong Item
T20250041757,P0362,2025-02-22,Damaged
T20250116563,P0494,2026-04-09,Wrong Item
T20260049309,P0205,2025-09-16,Customer Changed Mind
T20250027294,P0230,2026-10-07,Customer Changed Mind
T20260000764,P0104,2026-07-14,Wrong Item
T20250058842,P0027,2026-11-18,Customer Changed Mind
T20260104963,P0298,2025-09-23,Wrong Item
T20250138875,P0143,2026-10-30,Customer Changed Mind
T20250135564,P0306,2026-11-17,Wrong Item
T20260109189,P0367,2026-09-17,Wrong Item
T20250143442,P0123,2025-09-16,Customer Changed Mind
T20250100492,P0281,2025-04-04,Wrong Item
T20260131512,P0246,2026-11-09,Customer Changed Mind
T20260016593,P0432,2026-11-01,Wrong Item
T20260095478,P0337,2026-07-17,Customer Changed Mind
T20250063401,P0162,2026-11-27,Damaged
T20260081975,P0458,2025-06-03,Damaged
T20260070955,P0228,2026-05-11,Damaged
T20250135007,P0402,2025-05-03,Customer Changed Mind
T20250087164,P0392,2026-07-11,Wrong Item
T20260115339,P0488,2026-01-18,Customer Changed Mind
T20250059650,P0347,2026-02-21,Wrong Item
T20260070331,P0175,2026-06-29,Damaged
T20260101845,P0231,2026-05-16,Damaged
T20250105093,P0043,2026-07-04,Wrong Item
T20260071071,P0313,2026-08-27,Customer Changed Mind
T20250113514,P0461,2026-03-16,Damaged
T20260087014,P0082,2026-07-07,Wrong Item
T20250094872,P0397,2025-03-18,Wrong Item
T20250003788,P0361,2026-05-06,Damaged
T20260056090,P0384,2025-08-02,Wrong Item
T20260146607,P0346,2026-12-08,Customer Changed Mind
T20260031389,P0153,2025-06-24,Damaged
T20260074212,P0271,2026-01-25,Customer Changed Mind
T20250062572,P0330,2025-10-18,Customer Changed Mind
T20260091066,P0287,2025-06-01,Wrong Item
T20250125012,P0105,2025-09-03,Customer Changed Mind
T20260004949,P0108,2026-09-18,Customer Changed Mind
T20250119359,P0267,2025-06-29,Damaged
T20260093889,P0396,2025-08-11,Damaged
T20260015653,P0149,2025-12-15,Customer Changed Mind
T20260020643,P0133,2026-09-25,Damaged
T20260106693,P0348,2026-05-17,Customer Changed Mind
T20260063936,P0160,2026-05-17,Damaged
T20250103854,P0015,2025-07-24,Wrong Item
T20250026410,P0126,2026-05-05,Wrong Item
T20250135713,P0428,2025-03-05,Wrong Item
T20260087983,P0165,2025-07-11,Damaged
T20250057226,P0331,2026-08-06,Damaged
T20260111307,P0423,2026-04-25,Wrong Item
T20250011518,P0070,2026-02-27,Damaged
T20250082245,P0177,2025-07-20,Damaged
T20250097242,P0414,2025-07-09,Damaged
T20250095102,P0456,2025-06-25,Damaged
T20250109680,P0141,2025-04-05,Wrong Item
T20260082996,P0038,2025-03-27,Wrong Item
T20260123024,P0394,2026-12-10,Damaged
T20260088136,P0178,2025-12-13,Damaged
T20250099548,P0290,2025-06-05,Damaged
T20260137966,P0014,2025-06-10,Damaged
T20260145519,P0188,2026-06-19,Customer Changed Mind
T20250077681,P0393,2026-06-20,Wrong Item
T20260042745,P0120,2025-09-18,Wrong Item
T20260043297,P0002,2025-05-23,Damaged
T20260021591,P0095,2026-12-07,Wrong Item
T20250128093,P0208,2026-01-01,Wrong Item
T20250123822,P0263,2025-04-05,Damaged
T20250116056,P0116,2025-09-23,Wrong Item
T20260008735,P0292,2025-07-02,Customer Changed Mind
T20250075725,P0235,2025-10-31,Damaged
T20250035177,P0393,2026-12-28,Damaged
T20260140735,P0395,2025-09-18,Customer Changed Mind
T20260008962,P0123,2026-03-29,Wrong Item
T20260122301,P0494,2025-06-11,Wrong Item
T20250070376,P0207,2026-12-29,Damaged
T20250079302,P0247,2025-06-05,Customer Changed Mind
T20260007835,P0464,2025-02-05,Damaged
T20250136728,P0074,2025-05-18,Damaged
T20260059187,P0469,2026-03-15,Damaged
T20260131960,P0075,2026-08-18,Customer Changed Mind
T20260072915,P0286,2026-11-14,Customer Changed Mind
T20260037155,P0281,2025-05-17,Damaged
T20260037479,P0219,2025-10-22,Customer Changed Mind
T20260066938,P0321,2026-10-21,Damaged
T20260123384,P0055,2025-08-28,Customer Changed Mind
T20250130532,P0319,2025-01-19,Customer Changed Mind
T20260005648,P0349,2025-11-25,Wrong Item
T20260046616,P0041,2026-08-05,Customer Changed Mind
T20250109964,P0232,2025-11-07,Customer Changed Mind
T20260040366,P0476,2025-12-23,Damaged
T20250013491,P0267,2025-11-08,Customer Changed Mind
T20250100735,P0168,2025-09-30,Customer Changed Mind
T20260142072,P0467,2025-10-12,Wrong Item
T20250047433,P0148,2025-07-09,Customer Changed Mind
T20250127828,P0370,2026-06-27,Wrong Item
T20260071694,P0246,2026-07-06,Customer Changed Mind
T20260005725,P0174,2026-05-01,Customer Changed Mind
T20250004373,P0274,2025-07-29,Damaged
T20250054111,P0415,2026-03-03,Customer Changed Mind
T20250071701,P0453,2025-09-29,Wrong Item
T20260107142,P0031,2026-11-02,Customer Changed Mind
T20250108379,P0397,2026-03-10,Customer Changed Mind
T20260010303,P0480,2026-09-13,Customer Changed Mind
T20250031515,P0005,2026-02-22,Customer Changed Mind
T20260104056,P0379,2025-09-21,Customer Changed Mind
T20250141457,P0236,2026-11-25,Wrong Item
T20260113902,P0057,2026-12-25,Wrong Item
T20250013988,P0391,2026-05-22,Damaged
T20260006216,P0391,2026-04-13,Wrong Item
T20250121140,P0039,2025-06-21,Wrong Item
T20250141907,P0258,2026-02-17,Damaged
T20250125371,P0251,2025-02-03,Damaged
T20250104548,P0175,2025-01-10,Damaged
T20250140031,P0117,2025-07-13,Wrong Item
T20250127181,P0169,2025-09-12,Wrong Item
T20250007802,P0057,2025-11-09,Damaged
T20250070114,P0002,2025-08-29,Customer Changed Mind
T20250012415,P0086,2026-03-01,Damaged
T20260133202,P0295,2026-07-08,Wrong Item
T20260136055,P0173,2026-10-30,Customer Changed Mind
T20260117419,P0381,2026-06-24,Wrong Item
T20260148848,P0429,2025-06-21,Customer Changed Mind
T20260020195,P0218,2026-06-26,Wrong Item
T20260038577,P0282,2025-12-25,Damaged
T20250017850,P0102,2026-03-22,Customer Changed Mind
T20260065861,P0206,2025-05-03,Wrong Item
T20260095728,P0247,2026-11-05,Damaged
T20260119728,P0346,2026-08-19,Customer Changed Mind
T20260086155,P0059,2026-03-14,Customer Changed Mind
T20250013194,P0268,2025-04-21,Damaged
T20260057014,P0005,2026-06-27,Wrong Item
T20250119398,P0220,2025-05-26,Customer Changed Mind
T20250000238,P0493,2025-12-12,Damaged
T20260061964,P0018,2025-06-11,Damaged
T20260088585,P0372,2026-02-15,Wrong Item
T20260021405,P0140,2026-07-08,Wrong Item
T20250000677,P0356,2025-07-30,Wrong Item
T20250061668,P0021,2025-10-05,Wrong Item
T20250046664,P0305,2026-10-14,Wrong Item
T20260015986,P0234,2025-11-26,Damaged
T20250034947,P0426,2026-07-11,Damaged
T20250078352,P0240,2026-07-01,Wrong Item
T20260105858,P0456,2026-07-23,Customer Changed Mind
T20250058365,P0199,2026-09-03,Wrong Item
T20260107170,P0052,2026-07-06,Wrong Item
T20250059389,P0302,2026-11-11,Wrong Item
T20250093235,P0433,2026-05-01,Wrong Item
T20260040723,P0455,2026-11-20,Customer Changed Mind
T20260008828,P0132,2025-12-11,Customer Changed Mind
T20250018522,P0356,2026-02-01,Customer Changed Mind
T20250004314,P0399,2026-01-13,Damaged
T20260056623,P0366,2025-06-14,Wrong Item
T20260066212,P0366,2026-04-15,Wrong Item
T20260141365,P0445,2026-11-19,Damaged
T20250098168,P0334,2026-02-23,Customer Changed Mind
T20250078384,P0400,2025-11-19,Wrong Item
T20260108133,P0313,2026-04-15,Wrong Item
T20250075734,P0011,2025-09-17,Wrong Item
T20260092601,P0326,2026-01-31,Damaged
T20250011369,P0457,2025-11-16,Damaged
T20250036664,P0234,2026-04-06,Customer Changed Mind
T20260004610,P0382,2025-06-06,Damaged
T20250117751,P0303,2026-02-02,Wrong Item
T20260029237,P0419,2025-09-18,Customer Changed Mind
T20250077142,P0008,2026-10-24,Wrong Item
T20250062179,P0458,2026-10-27,Wrong Item
T20260069641,P0216,2026-02-17,Damaged
T20250008598,P0395,2025-04-15,Wrong Item
T20260129529,P0390,2026-02-11,Damaged
T20250007354,P0211,2026-09-07,Damaged
T20260141714,P0399,2025-04-12,Damaged
T20260083137,P0438,2025-02-12,Damaged
T20250037060,P0237,2025-04-23,Damaged
T20250095134,P0322,2025-04-26,Customer Changed Mind
T20260148971,P0093,2025-01-24,Damaged
T20250087543,P0461,2025-06-28,Customer Changed Mind
T20260126904,P0032,2025-09-02,Customer Changed Mind
T20260136437,P0232,2025-12-03,Damaged
T20260107908,P0019,2025-09-16,Customer Changed Mind
T20260015017,P0233,2025-07-16,Damaged
T20260127443,P0334,2025-03-14,Wrong Item
T20260061875,P0097,2026-04-10,Wrong Item
T20250005300,P0439,2026-05-03,Customer Changed Mind
T20250148580,P0191,2025-01-28,Wrong Item
T20260082132,P0449,2025-01-04,Wrong Item
T20250113808,P0032,2026-11-30,Customer Changed Mind
T20250025705,P0436,2026-01-05,Customer Changed Mind
T20260056594,P0440,2025-10-14,Damaged
T20250106498,P0365,2026-05-17,Wrong Item
T20250025988,P0228,2026-12-02,Customer Changed Mind
T20250047180,P0282,2026-11-14,Wrong Item
T20250123988,P0466,2026-05-12,Wrong Item
T20250096064,P0273,2025-03-21,Customer Changed Mind
T20250000772,P0065,2026-02-03,Damaged
T20260137279,P0169,2025-02-12,Wrong Item
T20250026754,P0026,2025-07-12,Wrong Item
T20250079399,P0245,2025-05-16,Customer Changed Mind
T20260081304,P0384,2026-03-03,Damaged
T20260105882,P0358,2026-02-12,Customer Changed Mind
T20260025353,P0095,2026-12-29,Wrong Item
T20260071623,P0060,2026-09-10,Damaged
T20250109793,P0283,2025-05-04,Wrong Item
T20260030758,P0003,2025-06-02,Customer Changed Mind
T20250082851,P0319,2025-07-27,Damaged
T20250002563,P0359,2026-10-11,Damaged
T20250049215,P0338,2025-01-14,Customer Changed Mind
T20250003762,P0431,2025-03-05,Wrong Item
T20260041443,P0189,2025-02-12,Damaged
T20260136405,P0262,2026-07-10,Damaged
T20250022398,P0493,2026-04-27,Customer Changed Mind
T20250007909,P0395,2025-10-24,Damaged
T20260124226,P0359,2026-02-04,Wrong Item
T20250012751,P0251,2025-04-11,Wrong Item
T20260010314,P0163,2026-12-17,Damaged
T20260131345,P0102,2026-06-22,Wrong Item
T20250092989,P0389,2026-10-12,Customer Changed Mind
T20260046259,P0197,2025-06-13,Wrong Item
T20250024470,P0007,2025-12-28,Customer Changed Mind
T20250128998,P0020,2026-03-18,Wrong Item
T20260147617,P0137,2026-01-31,Damaged
T20260094730,P0001,2026-03-12,Wrong Item
T20260002818,P0091,2026-06-02,Wrong Item
T20260044638,P0445,2026-01-19,Damaged
T20250080301,P0287,2026-09-01,Wrong Item
T20250044203,P0410,2026-02-23,Customer Changed Mind
T20250090830,P0157,2025-11-15,Wrong Item
T20260020329,P0331,2026-12-17,Customer Changed Mind
T20250008548,P0297,2025-02-17,Damaged
T20250125565,P0155,2026-02-02,Damaged
T20260059998,P0476,2025-01-13,Wrong Item
T20260037987,P0484,2025-04-07,Wrong Item
T20260003041,P0211,2025-01-17,Wrong Item
T20250079217,P0100,2025-11-03,Customer Changed Mind
T20260089688,P0079,2026-10-18,Damaged
T20250148689,P0370,2026-03-26,Damaged
T20260139932,P0185,2026-07-30,Wrong Item
T20250137678,P0304,2026-02-04,Damaged
T20250147485,P0117,2026-10-06,Damaged
T20260071591,P0235,2026-05-07,Damaged
T20250106049,P0028,2025-04-11,Damaged
T20250025496,P0090,2025-01-30,Wrong Item
T20250090199,P0370,2026-06-15,Customer Changed Mind
T20260115868,P0453,2025-12-11,Customer Changed Mind
T20250106533,P0081,2026-04-09,Wrong Item
T20260118112,P0014,2026-03-14,Customer Changed Mind
T20260016469,P0223,2025-09-26,Damaged
T20260039475,P0349,2026-02-27,Customer Changed Mind
T20260149251,P0050,2025-11-12,Wrong Item
T20260117648,P0311,2026-05-28,Wrong Item
T20250003617,P0213,2026-04-09,Damaged
T20250144503,P0341,2026-01-19,Customer Changed Mind
T20250074669,P0347,2025-03-14,Wrong Item
T20250093024,P0008,2026-08-23,Customer Changed Mind
T20250063378,P0052,2026-10-28,Customer Changed Mind
T20260021908,P0440,2026-08-11,Customer Changed Mind
T20260100569,P0221,2026-06-19,Damaged
T20250065359,P0077,2026-12-26,Damaged
T20260133285,P0415,2025-02-02,Damaged
T20250020550,P0335,2026-02-12,Wrong Item
T20250108419,P0035,2025-05-28,Damaged
T20260136167,P0278,2025-04-14,Damaged
T20250035024,P0291,2025-07-25,Customer Changed Mind
T20250023426,P0214,2026-12-21,Customer Changed Mind
T20250056211,P0139,2025-11-23,Wrong Item
T20250126855,P0179,2026-02-26,Damaged
T20260114462,P0385,2026-08-30,Wrong Item
T20250000119,P0421,2026-02-03,Customer Changed Mind
T20260148647,P0322,2026-02-13,Wrong Item
T20260146572,P0124,2025-09-30,Wrong Item
T20250069891,P0235,2025-12-29,Customer Changed Mind
T20260005817,P0222,2026-01-08,Wrong Item
T20250001582,P0167,2026-07-16,Wrong Item
T20250040728,P0232,2025-03-15,Customer Changed Mind
T20250106373,P0355,2026-06-05,Wrong Item
T20250100788,P0090,2026-06-06,Wrong Item
T20250107784,P0342,2025-11-22,Damaged
T20250072696,P0060,2025-09-30,Wrong Item
T20260097517,P0139,2026-11-30,Damaged
T20260014550,P0288,2026-02-09,Wrong Item
T20260035370,P0176,2025-08-16,Damaged
T20260050353,P0461,2026-08-05,Wrong Item
T20250059465,P0431,2025-07-23,Customer Changed Mind
T20260068256,P0490,2025-09-24,Damaged
T20250103035,P0165,2026-10-14,Damaged
T20250064580,P0317,2026-09-16,Wrong Item
T20250092592,P0383,2025-01-26,Wrong Item
T20250087343,P0496,2026-04-05,Customer Changed Mind
T20260038164,P0246,2026-10-23,Wrong Item
T20250085096,P0250,2025-11-01,Damaged
T20260051491,P0355,2026-09-16,Damaged
T20250124161,P0038,2026-06-06,Damaged
T20250047898,P0170,2026-07-04,Damaged
T20260087603,P0087,2025-04-09,Wrong Item
T20250046762,P0143,2025-12-20,Customer Changed Mind
T20260065508,P0349,2026-05-02,Customer Changed Mind
T20260097452,P0196,2025-07-10,Wrong Item
T20260007843,P0094,2025-10-11,Customer Changed Mind
T20250099623,P0386,2026-06-29,Customer Changed Mind
T20250060299,P0452,2025-02-04,Damaged
T20260099989,P0245,2026-05-18,Customer Changed Mind
T20250121308,P0407,2026-04-11,Customer Changed Mind
T20260088659,P0222,2025-12-14,Wrong Item
T20250073765,P0447,2025-06-30,Customer Changed Mind
T20250118938,P0130,2026-04-27,Damaged
T20250072395,P0266,2025-03-19,Damaged
T20250086521,P0445,2025-02-11,Customer Changed Mind
T20250078691,P0456,2026-01-10,Customer Changed Mind
T20250149312,P0226,2025-07-17,Damaged
T20260049232,P0160,2026-02-19,Wrong Item
T20250133959,P0364,2025-11-07,Wrong Item
T20260080035,P0140,2025-08-07,Customer Changed Mind
T20250085494,P0146,2026-04-12,Damaged
T20250037962,P0106,2026-01-27,Customer Changed Mind
T20250138606,P0004,2025-04-29,Damaged
T20250000696,P0333,2026-12-03,Wrong Item
T20260137655,P0204,2026-08-17,Damaged
T20260044201,P0223,2026-10-11,Damaged
T20250022056,P0205,2025-03-22,Wrong Item
T20250118684,P0180,2026-12-30,Wrong Item
T20260050863,P0016,2025-06-27,Customer Changed Mind
T20250107471,P0474,2025-12-08,Damaged
T20250069516,P0059,2025-01-17,Customer Changed Mind
T20260141474,P0313,2026-04-01,Wrong Item
T20260014723,P0163,2026-02-19,Customer Changed Mind
T20250069152,P0277,2026-04-16,Customer Changed Mind
T20260032395,P0346,2026-12-10,Wrong Item
T20260082748,P0092,2026-03-22,Customer Changed Mind
T20260140682,P0126,2025-04-18,Damaged
T20250037205,P0197,2026-12-31,Customer Changed Mind
T20250016091,P0151,2026-12-23,Customer Changed Mind
T20250007321,P0156,2025-03-27,Wrong Item
T20250000016,P0404,2025-05-19,Wrong Item
T20260077227,P0204,2025-02-24,Customer Changed Mind
T20250075356,P0114,2025-01-26,Damaged
T20250062770,P0196,2025-10-17,Damaged
T20260017780,P0135,2025-06-11,Damaged
T20260081463,P0327,2026-10-07,Damaged
T20260102937,P0106,2025-10-30,Customer Changed Mind
T20250000831,P0303,2026-01-26,Customer Changed Mind
T20250084218,P0033,2025-11-12,Damaged
T20260008724,P0307,2026-01-17,Damaged
T20250047771,P0308,2025-03-01,Damaged
T20260083568,P0493,2026-06-08,Damaged
T20260018690,P0139,2026-04-20,Damaged
T20260091717,P0461,2026-10-24,Wrong Item
T20260087232,P0428,2025-02-16,Wrong Item
T20260022823,P0351,2025-03-19,Customer Changed Mind
T20250149939,P0293,2025-11-14,Wrong Item
T20260006960,P0321,2025-04-03,Wrong Item
T20250092709,P0065,2026-04-30,Damaged
T20260078480,P0326,2026-03-10,Wrong Item
T20260065619,P0428,2025-05-14,Customer Changed Mind
T20260033036,P0326,2025-11-22,Customer Changed Mind
T20250063771,P0019,2025-04-03,Customer Changed Mind
T20250025868,P0389,2026-10-12,Customer Changed Mind
T20250135019,P0440,2025-01-04,Damaged
T20260039972,P0017,2025-12-22,Customer Changed Mind
T20260053969,P0152,2026-10-06,Wrong Item
T20260009548,P0411,2026-11-03,Wrong Item
T20250144242,P0146,2025-07-12,Damaged
T20250102928,P0138,2025-07-01,Damaged
T20260117472,P0021,2026-10-19,Wrong Item
T20250042097,P0254,2026-06-26,Wrong Item
T20250109230,P0161,2025-08-26,Customer Changed Mind
T20260069311,P0214,2026-07-05,Customer Changed Mind
T20260128835,P0212,2026-06-18,Wrong Item
T20250142434,P0007,2026-11-27,Damaged
T20260098162,P0128,2026-08-14,Wrong Item
T20260099441,P0159,2025-02-02,Customer Changed Mind
T20260103910,P0039,2025-05-18,Wrong Item
T20250117288,P0272,2025-10-03,Customer Changed Mind
T20260033210,P0052,2025-10-07,Customer Changed Mind
T20250142921,P0245,2025-01-30,Damaged
T20250089677,P0372,2026-07-14,Damaged
T20250077802,P0474,2026-10-30,Customer Changed Mind
T20260023924,P0362,2025-06-27,Wrong Item
T20260069523,P0441,2026-07-19,Customer Changed Mind
T20260074194,P0175,2025-12-09,Wrong Item
T20250109635,P0184,2025-03-14,Wrong Item
T20250032990,P0386,2025-07-21,Wrong Item
T20250063963,P0172,2026-12-19,Damaged
T20250119094,P0148,2026-11-25,Customer Changed Mind
T20250125471,P0075,2026-01-17,Damaged
T20260123049,P0270,2025-10-24,Wrong Item
T20250077941,P0134,2026-02-12,Customer Changed Mind
T20250018524,P0249,2025-05-01,Wrong Item
T20260043570,P0380,2026-04-30,Customer Changed Mind
T20250084416,P0324,2025-04-02,Wrong Item
T20250118943,P0268,2026-02-18,Customer Changed Mind
T20250149720,P0314,2025-07-02,Customer Changed Mind
T20250104790,P0033,2025-08-19,Wrong Item
T20250019098,P0417,2026-02-17,Customer Changed Mind
T20260063265,P0079,2025-08-14,Wrong Item
T20260116005,P0083,2026-06-01,Wrong Item
T20250082788,P0457,2026-04-04,Damaged
T20250017273,P0091,2025-12-22,Wrong Item
T20250028447,P0166,2026-09-03,Damaged
T20260024629,P0304,2025-02-20,Damaged
T20260052305,P0092,2026-04-14,Wrong Item
T20250046658,P0389,2026-10-28,Customer Changed Mind
T20260042877,P0121,2026-03-20,Wrong Item
T20250042583,P0144,2026-08-26,Customer Changed Mind
T20260080452,P0037,2026-11-07,Wrong Item
T20250044631,P0377,2026-06-17,Wrong Item
T20250144307,P0497,2026-11-29,Customer Changed Mind
T20250138218,P0371,2026-03-23,Damaged
T20260087414,P0007,2026-06-08,Damaged
T20260074125,P0237,2025-07-04,Wrong Item
T20250009975,P0372,2026-09-27,Damaged
T20260125317,P0312,2025-12-03,Damaged
T20250114966,P0107,2025-06-01,Damaged
T20250063533,P0020,2025-01-30,Damaged
T20250100293,P0408,2025-12-18,Damaged
T20260040313,P0029,2025-08-26,Damaged
T20260147043,P0009,2026-12-26,Damaged
T20250103942,P0171,2025-06-23,Customer Changed Mind
T20250107902,P0214,2026-07-10,Damaged
T20260050128,P0099,2026-08-25,Damaged
T20260008152,P0260,2025-07-20,Customer Changed Mind
T20260036224,P0341,2026-10-03,Damaged
T20250138618,P0080,2026-10-03,Customer Changed Mind
T20250066615,P0343,2026-06-07,Customer Changed Mind
T20250083681,P0265,2026-03-16,Customer Changed Mind
T20260027724,P0375,2025-02-07,Wrong Item
T20250033042,P0025,2025-12-20,Customer Changed Mind
T20250060008,P0453,2026-11-23,Customer Changed Mind
T20250030376,P0205,2026-09-14,Wrong Item
T20260111647,P0283,2026-04-12,Wrong Item
T20260098963,P0463,2026-07-30,Customer Changed Mind
T20250077409,P0310,2026-09-11,Damaged
T20250057237,P0253,2025-02-27,Customer Changed Mind
T20250143066,P0338,2025-06-30,Damaged
T20260070714,P0309,2026-03-03,Wrong Item
T20260104080,P0120,2025-01-30,Customer Changed Mind
T20250032122,P0368,2026-05-25,Wrong Item
T20260010416,P0366,2025-06-24,Damaged
T20250096145,P0133,2026-11-14,Damaged
T20260039882,P0184,2025-01-23,Customer Changed Mind
T20260085231,P0368,2025-01-31,Customer Changed Mind
T20250097622,P0062,2025-07-23,Wrong Item
T20260053359,P0228,2025-08-27,Customer Changed Mind
T20250109460,P0116,2026-10-06,Wrong Item
T20260000231,P0369,2025-06-23,Damaged
T20250102538,P0025,2026-05-01,Wrong Item
T20260097036,P0494,2026-07-04,Damaged
T20250079739,P0303,2025-04-15,Damaged
T20250057078,P0497,2026-08-30,Wrong Item
T20260079222,P0312,2026-02-13,Damaged
T20250068776,P0264,2025-06-07,Damaged
T20260075031,P0355,2026-08-26,Damaged
T20250026610,P0383,2026-02-26,Damaged
T20260147433,P0293,2026-01-20,Wrong Item
T20250058352,P0105,2026-02-26,Customer Changed Mind
T20250103626,P0383,2025-01-23,Wrong Item
T20260085700,P0314,2026-10-21,Damaged
T20260061967,P0225,2026-06-18,Damaged
T20260082105,P0274,2025-01-16,Customer Changed Mind
T20250130496,P0398,2025-07-09,Damaged
T20250088078,P0349,2026-03-05,Damaged
T20250092575,P0045,2026-05-16,Damaged
T20260075627,P0492,2026-04-13,Wrong Item
T20250067782,P0244,2026-12-15,Customer Changed Mind
T20250087346,P0239,2025-03-25,Wrong Item
T20260128000,P0129,2026-04-12,Customer Changed Mind
T20260122309,P0494,2025-02-22,Damaged
T20260074918,P0461,2026-12-16,Damaged
T20250141703,P0166,2025-10-28,Damaged
T20260069608,P0037,2026-09-25,Wrong Item
T20250006048,P0485,2025-08-15,Customer Changed Mind
T20260038803,P0494,2026-07-30,Wrong Item
T20260108114,P0079,2026-08-01,Customer Changed Mind
T20250106839,P0358,2025-02-26,Customer Changed Mind
T20250123656,P0149,2026-03-12,Wrong Item
T20250008140,P0088,2025-11-28,Customer Changed Mind
T20260084277,P0036,2026-04-19,Wrong Item
T20250063750,P0140,2026-11-15,Customer Changed Mind
T20260031107,P0019,2025-09-07,Wrong Item
T20260039747,P0243,2026-02-07,Wrong Item
T20260052703,P0044,2025-10-09,Wrong Item
T20260147757,P0224,2025-05-12,Customer Changed Mind
T20250139931,P0037,2026-09-20,Wrong Item
T20260109808,P0030,2025-04-08,Damaged
T20260136107,P0487,2025-05-23,Damaged
T20250027075,P0333,2025-04-27,Damaged
T20260093087,P0329,2026-07-24,Customer Changed Mind
T20260018105,P0268,2026-11-01,Damaged
T20260126227,P0422,2025-09-19,Customer Changed Mind
T20250039094,P0054,2026-01-05,Wrong Item
T20260098445,P0185,2025-03-10,Damaged
T20260033877,P0222,2025-10-16,Wrong Item
T20250095610,P0330,2026-08-18,Customer Changed Mind
T20250035937,P0228,2025-12-07,Customer Changed Mind
T20260142988,P0067,2025-02-03,Customer Changed Mind
T20260007099,P0182,2026-06-29,Wrong Item
T20250030004,P0335,2026-02-09,Customer Changed Mind
T20250068938,P0221,2025-06-28,Wrong Item
T20260124192,P0098,2026-06-30,Damaged
T20250000862,P0424,2026-05-07,Damaged
T20260020950,P0445,2025-12-18,Damaged
T20250071616,P0036,2026-06-17,Wrong Item
T20260128667,P0495,2025-06-15,Damaged
T20260117375,P0371,2026-08-26,Damaged
T20250067048,P0038,2025-04-05,Wrong Item
T20250042012,P0467,2026-07-13,Damaged
T20260038831,P0045,2026-09-12,Wrong Item
T20250070945,P0339,2026-01-30,Wrong Item
T20260143639,P0399,2025-02-22,Wrong Item
T20250096119,P0104,2025-04-29,Customer Changed Mind
T20260015741,P0426,2025-07-22,Wrong Item
T20260126368,P0382,2026-10-13,Damaged
T20260010607,P0130,2026-09-05,Wrong Item
T20250098683,P0406,2025-05-13,Wrong Item
T20260002290,P0338,2026-12-01,Customer Changed Mind
T20260144182,P0155,2025-03-23,Wrong Item
T20260058170,P0186,2025-03-18,Wrong Item
T20250046997,P0119,2026-05-13,Customer Changed Mind
T20260119595,P0437,2026-08-23,Damaged
T20250076645,P0242,2026-05-27,Customer Changed Mind
T20260014180,P0250,2025-08-17,Wrong Item
T20250074197,P0098,2025-11-26,Damaged
T20250037973,P0471,2025-01-04,Damaged
T20250036164,P0228,2026-08-03,Damaged
T20260022220,P0207,2025-12-11,Damaged
T20260073259,P0266,2026-08-02,Damaged
T20250003550,P0464,2025-01-05,Wrong Item
T20250133598,P0080,2026-04-29,Damaged
T20250044091,P0196,2025-12-14,Damaged
T20260148801,P0018,2025-12-22,Customer Changed Mind
T20250004784,P0121,2026-07-04,Damaged
T20250069913,P0125,2025-09-04,Wrong Item
T20250073553,P0007,2025-04-09,Wrong Item
T20250097111,P0465,2025-12-06,Damaged
T20250146846,P0005,2025-06-09,Damaged
T20260100841,P0282,2026-01-05,Wrong Item
T20260058019,P0335,2026-07-22,Wrong Item
T20250016250,P0213,2026-12-07,Customer Changed Mind
T20260090886,P0016,2026-08-29,Customer Changed Mind
T20250141228,P0106,2025-05-04,Damaged
T20260018861,P0076,2025-03-11,Wrong Item
T20260124667,P0350,2025-10-28,Wrong Item
T20250080372,P0295,2025-04-14,Wrong Item
T20250026278,P0100,2025-06-23,Customer Changed Mind
T20260105707,P0026,2026-09-18,Customer Changed Mind
T20250016593,P0171,2026-12-14,Customer Changed Mind
T20250103582,P0491,2026-02-08,Customer Changed Mind
T20260025032,P0004,2025-07-02,Damaged
T20260040815,P0291,2025-10-14,Wrong Item
T20250037537,P0025,2026-12-30,Damaged
T20250087884,P0477,2026-11-07,Customer Changed Mind
T20260129402,P0109,2025-01-21,Damaged
T20250096959,P0333,2026-08-18,Customer Changed Mind
T20260108992,P0001,2026-08-04,Damaged
T20260022724,P0298,2025-03-21,Customer Changed Mind
T20260021985,P0159,2025-01-22,Wrong Item
T20250083314,P0410,2025-02-07,Wrong Item
T20260044336,P0409,2026-12-05,Customer Changed Mind
T20250132746,P0279,2025-03-29,Customer Changed Mind
T20250114164,P0272,2025-08-17,Customer Changed Mind
T20260082623,P0415,2025-03-26,Damaged
T20260123027,P0127,2025-03-21,Customer Changed Mind
T20260091314,P0316,2025-10-31,Customer Changed Mind
T20260035631,P0301,2025-11-08,Wrong Item
T20260012576,P0014,2025-02-16,Damaged
T20250048324,P0485,2026-12-22,Wrong Item
T20260059738,P0133,2026-05-20,Damaged
T20260149090,P0208,2025-09-12,Wrong Item
T20250124180,P0476,2025-12-10,Damaged
T20250032581,P0184,2026-07-07,Wrong Item
T20260008958,P0047,2025-12-17,Damaged
T20250048642,P0139,2026-02-26,Customer Changed Mind
T20260019183,P0250,2025-06-17,Damaged
T20250137032,P0446,2025-10-04,Wrong Item
T20250126967,P0250,2026-05-24,Customer Changed Mind
T20250004848,P0444,2025-05-16,Damaged
T20260009183,P0115,2025-08-15,Wrong Item
T20250033095,P0300,2026-04-19,Customer Changed Mind
T20250012384,P0409,2025-01-28,Customer Changed Mind
T20260049991,P0379,2025-03-23,Damaged
T20260005779,P0301,2025-06-19,Wrong Item
T20250136831,P0081,2025-02-20,Wrong Item
T20250090039,P0420,2026-07-09,Damaged
T20250126969,P0136,2025-04-06,Damaged
T20250056610,P0471,2026-10-31,Wrong Item
T20260046288,P0039,2025-03-25,Wrong Item
T20250145546,P0363,2025-01-07,Damaged
T20260070260,P0381,2026-09-10,Damaged
T20260062008,P0297,2026-01-21,Damaged
T20250051434,P0486,2025-10-19,Wrong Item
T20260065851,P0496,2025-01-25,Wrong Item
T20250065809,P0432,2026-12-06,Wrong Item
T20250133123,P0326,2025-11-06,Customer Changed Mind
T20260044504,P0005,2025-10-07,Damaged
T20250105134,P0137,2025-11-27,Wrong Item
T20250084441,P0113,2026-01-08,Wrong Item
T20250043352,P0463,2026-03-26,Customer Changed Mind
T20260121272,P0149,2026-01-09,Customer Changed Mind
T20260113061,P0027,2025-04-09,Wrong Item
T20250124621,P0335,2025-05-11,Customer Changed Mind
T20250048583,P0242,2025-07-30,Wrong Item
T20250106969,P0279,2026-10-22,Customer Changed Mind
T20250044129,P0011,2025-09-25,Customer Changed Mind
T20260056404,P0054,2025-10-27,Damaged
T20250083480,P0122,2026-07-23,Customer Changed Mind
T20260121053,P0126,2025-12-25,Customer Changed Mind
T20250109915,P0163,2025-03-20,Damaged
T20260105962,P0056,2026-09-19,Customer Changed Mind
T20260014223,P0197,2026-04-05,Damaged
T20260015360,P0106,2026-11-19,Damaged
T20260096486,P0157,2026-01-26,Wrong Item
T20260091415,P0160,2026-07-30,Damaged
T20250114422,P0471,2025-10-21,Wrong Item
T20250061098,P0412,2026-02-03,Wrong Item
T20250130150,P0369,2026-07-22,Customer Changed Mind
T20260095724,P0136,2026-12-17,Damaged
T20260136043,P0177,2025-02-19,Customer Changed Mind
T20260061572,P0302,2025-05-14,Damaged
T20250096144,P0131,2026-06-23,Damaged
T20260043641,P0104,2026-06-21,Wrong Item
T20260049402,P0495,2026-12-24,Customer Changed Mind
T20250014404,P0207,2025-01-20,Customer Changed Mind
T20250106306,P0082,2026-05-24,Customer Changed Mind
T20250076002,P0227,2026-03-17,Damaged
T20250068791,P0368,2026-09-14,Wrong Item
T20250012766,P0321,2025-01-17,Damaged
T20250019926,P0295,2025-05-11,Wrong Item
T20260123965,P0410,2026-11-10,Customer Changed Mind
T20260091737,P0211,2026-09-25,Damaged
T20260129034,P0310,2025-01-09,Damaged
T20250078376,P0237,2026-05-17,Wrong Item
T20260005645,P0017,2025-12-13,Damaged
T20260068032,P0446,2025-06-18,Customer Changed Mind
T20250045278,P0121,2026-04-11,Wrong Item
T20260066931,P0272,2026-01-27,Customer Changed Mind
T20250146518,P0104,2025-03-22,Damaged
T20250039355,P0197,2026-06-08,Customer Changed Mind
T20250083803,P0179,2025-08-08,Wrong Item
T20260058940,P0376,2026-02-09,Wrong Item
T20260053421,P0491,2026-05-11,Damaged
T20260013929,P0250,2025-12-10,Damaged
T20260143567,P0342,2025-06-23,Wrong Item
T20260070554,P0146,2026-09-10,Wrong Item
T20260045641,P0091,2026-10-31,Wrong Item
T20260130057,P0369,2025-10-17,Customer Changed Mind
T20250081327,P0303,2026-08-28,Damaged
T20250042434,P0230,2026-11-07,Wrong Item
T20260031108,P0474,2025-05-09,Damaged
T20250058566,P0119,2025-08-02,Damaged
T20260038772,P0207,2025-09-28,Wrong Item
T20260086597,P0055,2025-11-29,Damaged
T20260036215,P0202,2026-08-30,Wrong Item
T20260139632,P0367,2026-01-17,Customer Changed Mind
T20260039604,P0229,2025-07-11,Customer Changed Mind
T20250027811,P0368,2026-07-19,Customer Changed Mind
T20260114004,P0456,2025-12-26,Wrong Item
T20260113573,P0395,2026-04-16,Wrong Item
T20260041856,P0419,2026-11-20,Customer Changed Mind
T20260101854,P0087,2026-03-14,Wrong Item
T20250096183,P0121,2026-03-08,Damaged
T20250045622,P0413,2026-05-19,Wrong Item
T20250092760,P0286,2025-05-17,Wrong Item
T20250102935,P0207,2026-01-12,Damaged
T20260044701,P0200,2026-10-24,Wrong Item
T20260076340,P0152,2025-12-03,Damaged
T20260089329,P0162,2025-03-16,Damaged
T20250148263,P0388,2025-02-09,Damaged
T20260058008,P0054,2026-06-13,Wrong Item
T20260069247,P0332,2025-06-18,Wrong Item
T20260066604,P0188,2025-10-24,Customer Changed Mind
T20250070149,P0072,2026-02-04,Customer Changed Mind
T20250098592,P0371,2026-09-04,Wrong Item
T20250141065,P0221,2026-10-14,Customer Changed Mind
T20260031730,P0091,2026-01-19,Wrong Item
T20250109341,P0451,2025-04-13,Customer Changed Mind
T20260111138,P0127,2026-01-04,Wrong Item
T20250105376,P0417,2025-01-17,Damaged
T20250101071,P0043,2025-09-06,Damaged
T20260047034,P0437,2026-07-17,Customer Changed Mind
T20260039442,P0095,2025-05-21,Customer Changed Mind
T20250020763,P0233,2025-08-29,Damaged
T20260110574,P0182,2026-02-08,Wrong Item
T20260070549,P0138,2026-04-07,Customer Changed Mind
T20250042906,P0040,2025-12-21,Wrong Item
T20250057058,P0481,2026-07-02,Wrong Item
T20260080913,P0103,2026-02-16,Customer Changed Mind
T20250020818,P0171,2026-09-06,Customer Changed Mind
T20250055787,P0420,2025-10-28,Damaged
T20250139847,P0287,2026-07-31,Damaged
T20260001700,P0062,2026-04-02,Customer Changed Mind
T20250025560,P0063,2025-12-10,Damaged
T20250003933,P0477,2026-01-23,Damaged
T20250063922,P0400,2025-03-31,Damaged
T20260097223,P0318,2025-03-09,Damaged
T20250087935,P0076,2026-04-10,Customer Changed Mind
T20260004107,P0044,2026-07-19,Wrong Item
T20260143254,P0026,2026-09-01,Wrong Item
T20250025857,P0212,2025-08-09,Customer Changed Mind
T20250066767,P0468,2026-10-09,Damaged
T20260114373,P0341,2026-04-30,Damaged
T20250101549,P0463,2025-08-16,Wrong Item
T20260041800,P0253,2025-02-12,Customer Changed Mind
T20250100259,P0076,2026-12-28,Customer Changed Mind
T20250007123,P0192,2026-07-26,Wrong Item
T20260106449,P0434,2025-06-14,Wrong Item
T20260067681,P0264,2025-01-01,Customer Changed Mind
T20260016571,P0204,2025-04-01,Damaged
T20260082871,P0471,2025-02-04,Damaged
T20250098710,P0324,2026-01-08,Customer Changed Mind
T20260042920,P0032,2025-12-19,Damaged
T20260009318,P0301,2025-05-18,Customer Changed Mind
T20250040432,P0394,2025-08-05,Customer Changed Mind
T20260017008,P0108,2025-02-14,Wrong Item
T20250058675,P0251,2026-01-26,Wrong Item
T20260087376,P0237,2026-07-06,Customer Changed Mind
T20260006828,P0274,2026-05-04,Customer Changed Mind
T20260125870,P0246,2025-08-06,Customer Changed Mind
T20260024633,P0428,2025-06-10,Customer Changed Mind
T20250004244,P0338,2025-05-31,Wrong Item
T20250048150,P0193,2025-11-08,Customer Changed Mind
T20250116565,P0384,2026-04-14,Customer Changed Mind
T20260066412,P0429,2026-07-29,Customer Changed Mind
T20250143371,P0186,2026-05-25,Wrong Item
T20250016606,P0484,2026-04-11,Wrong Item
T20260079996,P0132,2025-05-24,Customer Changed Mind
T20250069689,P0089,2025-05-20,Damaged
T20250084174,P0373,2025-05-30,Damaged
T20250060775,P0496,2026-03-23,Damaged
T20250143768,P0309,2025-06-17,Customer Changed Mind
T20250032856,P0041,2026-09-04,Wrong Item
T20260098231,P0379,2026-10-14,Damaged
T20250056408,P0391,2026-02-14,Damaged
T20250058324,P0143,2025-09-11,Customer Changed Mind
T20250079715,P0307,2025-03-29,Customer Changed Mind
T20250051284,P0226,2026-05-19,Damaged
T20250130680,P0251,2026-11-23,Wrong Item
T20250097271,P0018,2025-04-27,Customer Changed Mind
T20260097609,P0365,2025-01-10,Customer Changed Mind
T20250101951,P0148,2025-11-28,Wrong Item
T20260042978,P0476,2025-02-23,Damaged
T20250092617,P0435,2025-04-03,Wrong Item
T20260031564,P0252,2026-09-21,Customer Changed Mind
T20250142315,P0207,2026-01-14,Damaged
T20250126785,P0375,2026-07-14,Customer Changed Mind
T20250103362,P0468,2025-06-26,Damaged
T20250141340,P0160,2026-01-03,Damaged
T20260061459,P0167,2026-06-26,Wrong Item
T20260107115,P0429,2026-10-12,Damaged
T20260121126,P0022,2026-07-31,Customer Changed Mind
T20250051819,P0339,2025-10-08,Damaged
T20250124924,P0365,2026-05-01,Wrong Item
T20260122716,P0263,2026-07-27,Customer Changed Mind
T20260044376,P0452,2025-05-14,Wrong Item
T20250140365,P0491,2025-05-19,Wrong Item
T20260045146,P0271,2026-12-10,Damaged
T20250091254,P0197,2026-04-02,Customer Changed Mind
T20260142403,P0215,2026-09-30,Customer Changed Mind
T20250103243,P0485,2025-09-09,Damaged
T20250084642,P0130,2025-05-28,Damaged
T20250053655,P0303,2026-10-31,Damaged
T20250114996,P0242,2025-02-16,Wrong Item
T20260000108,P0054,2026-06-22,Wrong Item
T20260033562,P0124,2025-09-30,Customer Changed Mind
T20250147887,P0308,2025-08-15,Customer Changed Mind
T20260073069,P0281,2026-03-23,Wrong Item
T20250114190,P0098,2025-01-01,Damaged
T20260108020,P0212,2025-12-02,Wrong Item
T20260118756,P0159,2025-08-23,Damaged
T20250140410,P0269,2026-09-07,Wrong Item
T20250005506,P0364,2025-11-11,Wrong Item
T20250011082,P0444,2026-06-16,Customer Changed Mind
T20250071409,P0207,2026-04-23,Wrong Item
T20250046912,P0251,2026-10-18,Damaged
T20260044433,P0355,2025-12-16,Damaged
T20260126641,P0071,2025-01-19,Customer Changed Mind
T20250020355,P0121,2025-07-02,Damaged
T20260091140,P0233,2025-11-17,Customer Changed Mind
T20250108213,P0317,2025-09-26,Customer Changed Mind
T20260038351,P0184,2025-09-26,Damaged
T20250139756,P0495,2026-11-03,Customer Changed Mind
T20250012006,P0234,2026-04-06,Customer Changed Mind
T20250126177,P0221,2025-11-22,Damaged
T20250074430,P0112,2026-10-18,Damaged
T20260008560,P0233,2025-11-02,Customer Changed Mind
T20250051341,P0438,2026-01-10,Damaged
T20250130689,P0405,2026-12-03,Customer Changed Mind
T20260105715,P0128,2026-10-29,Damaged
T20250103435,P0176,2026-07-01,Wrong Item
T20250001174,P0264,2025-03-31,Customer Changed Mind
T20260054693,P0091,2026-09-14,Damaged
T20250083358,P0401,2026-01-03,Customer Changed Mind
T20250090218,P0173,2026-02-12,Damaged
T20260058035,P0145,2026-11-04,Customer Changed Mind
T20250129577,P0129,2025-08-17,Damaged
T20260138918,P0487,2025-02-28,Damaged
T20260074328,P0245,2026-02-22,Wrong Item
T20260089338,P0403,2026-06-28,Wrong Item
T20260087243,P0449,2025-07-14,Wrong Item
T20260042947,P0031,2026-07-15,Damaged
T20250011490,P0310,2025-03-28,Customer Changed Mind
T20250089777,P0390,2026-02-09,Customer Changed Mind
T20260123019,P0368,2026-04-30,Damaged
T20260118395,P0473,2025-05-27,Customer Changed Mind
T20260109889,P0053,2026-04-13,Wrong Item
T20250028741,P0308,2026-10-19,Damaged
T20250126213,P0205,2025-06-25,Customer Changed Mind
T20260049660,P0236,2025-06-14,Damaged
T20260079154,P0300,2026-02-13,Damaged
T20260132074,P0026,2026-12-22,Customer Changed Mind
T20250087261,P0265,2026-02-08,Customer Changed Mind
T20250136667,P0291,2026-11-02,Wrong Item
T20260014598,P0166,2025-01-28,Wrong Item
T20260076478,P0206,2025-03-03,Damaged
T20250036245,P0379,2026-09-05,Wrong Item
T20260103785,P0283,2026-03-01,Customer Changed Mind
T20250035593,P0473,2025-04-11,Damaged
T20260099803,P0093,2026-05-13,Damaged
T20250070401,P0381,2026-01-10,Wrong Item
T20260083703,P0231,2026-09-21,Customer Changed Mind
T20260130896,P0281,2026-07-25,Damaged
T20260079574,P0113,2025-05-21,Wrong Item
T20250087908,P0483,2025-11-27,Customer Changed Mind
T20260063736,P0113,2025-11-03,Wrong Item
T20260026117,P0073,2026-08-21,Wrong Item
T20250147409,P0028,2025-10-29,Damaged
T20250020675,P0232,2026-01-31,Damaged
T20260135172,P0214,2025-03-31,Damaged
T20260065853,P0055,2025-02-18,Customer Changed Mind
T20250005537,P0326,2025-10-13,Wrong Item
T20250138809,P0029,2025-10-13,Damaged
T20250138070,P0420,2026-02-24,Damaged
T20260129198,P0253,2026-01-01,Customer Changed Mind
T20260049977,P0140,2025-04-11,Customer Changed Mind
T20260106629,P0352,2025-10-29,Wrong Item
T20250111655,P0295,2025-11-12,Customer Changed Mind
T20260011382,P0142,2026-11-10,Damaged
T20260104249,P0316,2026-07-24,Damaged
T20260109083,P0103,2026-11-26,Wrong Item
T20260026213,P0020,2025-09-18,Damaged
T20260009980,P0018,2025-02-14,Customer Changed Mind
T20250039445,P0406,2025-01-09,Customer Changed Mind
T20260029373,P0296,2025-06-03,Customer Changed Mind
T20250105614,P0084,2025-06-28,Wrong Item
T20260028737,P0002,2025-10-04,Damaged
T20260087226,P0361,2026-06-17,Customer Changed Mind
T20250029354,P0368,2026-05-31,Damaged
T20250089544,P0003,2026-11-28,Wrong Item
T20250018952,P0018,2026-03-16,Damaged
T20260063111,P0094,2025-09-28,Wrong Item
T20250036361,P0472,2025-12-01,Customer Changed Mind
T20260112626,P0183,2025-10-25,Wrong Item
T20260074951,P0323,2026-02-03,Wrong Item
T20260113835,P0459,2026-04-08,Wrong Item
T20250054193,P0471,2026-12-12,Wrong Item
T20260045604,P0305,2025-10-22,Wrong Item
T20260076892,P0364,2025-12-05,Damaged
T20250130185,P0103,2026-06-27,Damaged
T20250025107,P0402,2026-03-25,Damaged
T20250092894,P0321,2026-09-09,Wrong Item
T20250104483,P0109,2026-10-09,Wrong Item
T20260044197,P0276,2026-06-24,Wrong Item
T20250048854,P0218,2025-02-26,Damaged
T20250039976,P0250,2025-12-08,Damaged
T20250074502,P0386,2026-09-22,Damaged
T20260058237,P0071,2025-08-18,Damaged
T20250077439,P0264,2026-07-12,Wrong Item
T20250128827,P0015,2025-07-22,Customer Changed Mind
T20260087876,P0307,2025-09-25,Wrong Item
T20250146080,P0437,2026-07-28,Customer Changed Mind
T20260092507,P0328,2025-01-03,Damaged
T20250136648,P0438,2025-09-02,Wrong Item
T20260037648,P0295,2026-01-27,Customer Changed Mind
T20250008601,P0476,2025-11-10,Wrong Item
T20260117415,P0491,2025-03-02,Damaged
T20250030963,P0436,2026-10-19,Damaged
T20260044706,P0422,2025-11-02,Wrong Item
T20260050873,P0112,2026-01-11,Customer Changed Mind
T20260008633,P0228,2026-05-20,Customer Changed Mind
T20260085668,P0240,2025-07-14,Wrong Item
T20250006581,P0437,2026-04-01,Wrong Item
T20250066585,P0287,2025-09-11,Wrong Item
T20260028190,P0037,2025-09-03,Wrong Item
T20250071221,P0426,2025-03-28,Damaged
T20250072495,P0284,2025-01-08,Customer Changed Mind
T20260046752,P0132,2025-08-28,Wrong Item
T20260082808,P0366,2025-06-07,Wrong Item
T20260094371,P0165,2026-08-12,Damaged
T20250131957,P0341,2025-08-27,Damaged
T20250115918,P0097,2025-05-24,Customer Changed Mind
T20250148682,P0098,2026-06-04,Customer Changed Mind
T20250045086,P0350,2026-05-04,Customer Changed Mind
T20250047236,P0447,2025-05-27,Wrong Item
T20260084897,P0370,2026-03-17,Customer Changed Mind
T20260132702,P0106,2025-02-26,Wrong Item
T20260117087,P0363,2026-10-11,Damaged
T20260000923,P0457,2025-09-16,Customer Changed Mind
T20250129359,P0260,2026-09-27,Wrong Item
T20260145911,P0119,2025-12-27,Customer Changed Mind
T20250072651,P0495,2026-07-30,Damaged
T20260014366,P0450,2026-08-10,Damaged
T20260013857,P0026,2025-04-20,Damaged
T20260046048,P0113,2025-03-20,Customer Changed Mind
T20250120944,P0040,2025-09-10,Wrong Item
T20260013882,P0292,2025-01-27,Wrong Item
T20250062081,P0054,2026-05-16,Damaged
T20250103588,P0419,2026-09-17,Damaged
T20260073904,P0347,2025-12-21,Customer Changed Mind
T20260004100,P0360,2025-12-19,Damaged
T20250115696,P0059,2025-05-04,Customer Changed Mind
T20250030911,P0175,2026-11-10,Wrong Item
T20260064898,P0262,2026-03-23,Wrong Item
T20260132987,P0248,2025-09-13,Damaged
T20250048311,P0474,2026-02-27,Wrong Item
T20250071948,P0439,2025-05-23,Customer Changed Mind
T20260079363,P0188,2025-02-12,Wrong Item
T20260049529,P0275,2025-07-01,Damaged
T20250049984,P0387,2025-07-08,Damaged
T20260074173,P0442,2025-06-20,Wrong Item
T20250020891,P0310,2025-08-15,Customer Changed Mind
T20250035100,P0319,2026-01-21,Wrong Item
T20260048070,P0375,2026-01-20,Damaged
T20260136833,P0170,2025-08-18,Customer Changed Mind
T20260129070,P0441,2025-10-19,Customer Changed Mind
T20250002140,P0376,2026-04-30,Damaged
T20250050431,P0280,2025-01-18,Customer Changed Mind
T20260010752,P0285,2026-06-05,Wrong Item
T20260088847,P0333,2025-01-17,Wrong Item
T20250019113,P0239,2025-11-12,Customer Changed Mind
T20250114001,P0084,2025-07-23,Wrong Item
T20260108899,P0267,2025-10-16,Customer Changed Mind
T20260129488,P0184,2026-05-26,Damaged
T20250049924,P0339,2025-07-20,Customer Changed Mind
T20260104925,P0368,2026-06-08,Damaged
T20260129807,P0424,2026-06-03,Wrong Item
T20260112235,P0077,2026-05-26,Customer Changed Mind
T20260144594,P0106,2025-10-25,Damaged
T20250034248,P0050,2025-04-10,Customer Changed Mind
T20250133263,P0325,2026-03-06,Customer Changed Mind
T20260045299,P0392,2026-02-03,Damaged
T20260066459,P0020,2025-05-25,Damaged
T20250141782,P0034,2025-07-27,Customer Changed Mind
T20260144816,P0386,2025-03-29,Wrong Item
T20260073503,P0291,2025-04-17,Damaged
T20250140679,P0144,2026-08-10,Customer Changed Mind
T20260003633,P0136,2025-04-22,Damaged
T20260012918,P0367,2026-05-17,Wrong Item
T20250067794,P0125,2025-09-21,Wrong Item
T20260031523,P0166,2025-09-09,Customer Changed Mind
T20250028194,P0360,2026-02-17,Damaged
T20250009657,P0152,2025-09-21,Wrong Item
T20250009322,P0480,2025-12-31,Wrong Item
T20260003983,P0064,2025-04-17,Customer Changed Mind
T20250006915,P0011,2026-01-27,Customer Changed Mind
T20260095729,P0151,2026-04-22,Damaged
T20260130068,P0132,2025-04-05,Damaged
T20260017288,P0190,2025-09-22,Customer Changed Mind
T20250126791,P0399,2026-01-04,Damaged
T20250005518,P0244,2026-06-25,Wrong Item
T20260111980,P0350,2025-12-26,Wrong Item
T20260073203,P0254,2026-10-09,Damaged
T20250067267,P0165,2026-01-23,Customer Changed Mind
T20260121454,P0271,2026-08-12,Customer Changed Mind
T20260130727,P0253,2025-11-15,Customer Changed Mind
T20250094774,P0034,2026-04-20,Damaged
T20260104765,P0363,2026-12-31,Damaged
T20250089845,P0287,2026-10-19,Wrong Item
T20260121565,P0158,2026-04-19,Damaged
T20250118434,P0010,2026-07-01,Damaged
T20250074334,P0078,2025-10-15,Damaged
T20260083460,P0443,2025-12-11,Customer Changed Mind
T20260112451,P0278,2025-02-07,Damaged
T20260073645,P0390,2026-07-12,Damaged
T20250018504,P0119,2025-06-04,Wrong Item
T20250085729,P0248,2026-07-13,Damaged
T20250021675,P0367,2026-08-07,Damaged
T20260113883,P0060,2025-10-17,Damaged
T20260031741,P0067,2025-05-31,Wrong Item
T20250018838,P0200,2026-12-19,Customer Changed Mind
T20260051379,P0142,2025-10-04,Customer Changed Mind
T20260119139,P0434,2025-06-13,Wrong Item
T20250052213,P0239,2025-12-23,Wrong Item
T20250032810,P0037,2026-09-07,Customer Changed Mind
T20260135922,P0117,2026-08-27,Customer Changed Mind
T20260090640,P0096,2025-11-09,Wrong Item
T20260025594,P0253,2025-01-10,Wrong Item
T20250037610,P0284,2025-09-02,Damaged
T20260026655,P0015,2025-02-09,Damaged
T20250079271,P0389,2026-09-17,Damaged
T20250073801,P0184,2026-07-18,Damaged
T20260137958,P0247,2025-03-03,Wrong Item
T20260055631,P0135,2026-08-28,Customer Changed Mind
T20250127189,P0171,2025-07-04,Damaged
T20260122534,P0303,2026-09-05,Damaged
T20260051594,P0153,2026-01-21,Damaged
T20260001691,P0313,2025-09-29,Customer Changed Mind
T20260095510,P0036,2026-12-02,Wrong Item
T20250055843,P0431,2026-04-21,Wrong Item
T20260018481,P0053,2025-09-12,Customer Changed Mind
T20260104438,P0312,2025-12-16,Customer Changed Mind
T20260057388,P0110,2026-12-09,Customer Changed Mind
T20250003294,P0299,2026-10-11,Customer Changed Mind
T20260129129,P0362,2025-02-14,Wrong Item
T20250146435,P0011,2025-10-05,Damaged
T20250129080,P0356,2026-02-03,Wrong Item
T20250027900,P0046,2026-01-24,Wrong Item
T20250000371,P0335,2025-07-25,Customer Changed Mind
T20250137598,P0292,2025-05-10,Damaged
T20250082438,P0275,2026-08-18,Damaged
T20250110330,P0428,2025-12-25,Wrong Item
T20260031546,P0035,2025-09-29,Damaged
T20250073864,P0008,2025-06-05,Wrong Item
T20250089331,P0076,2026-07-10,Customer Changed Mind
T20260078713,P0474,2026-10-29,Damaged
T20260147896,P0249,2025-04-27,Wrong Item
T20250089586,P0261,2026-03-25,Damaged
T20250092960,P0033,2026-07-16,Customer Changed Mind
T20260064250,P0344,2026-01-29,Wrong Item
T20260085276,P0431,2025-03-19,Damaged
T20260146074,P0291,2025-03-22,Wrong Item
T20260131639,P0140,2025-03-13,Wrong Item
T20250136094,P0365,2025-03-07,Damaged
T20260038041,P0314,2026-01-05,Customer Changed Mind
T20260128844,P0160,2026-09-21,Customer Changed Mind
T20260073615,P0349,2026-03-28,Customer Changed Mind
T20260113716,P0188,2025-09-23,Wrong Item
T20260029856,P0178,2026-05-05,Damaged
T20260109727,P0063,2025-10-15,Damaged
T20260121231,P0373,2026-05-27,Customer Changed Mind
T20250121368,P0005,2026-08-11,Damaged
T20260079971,P0094,2026-12-06,Customer Changed Mind
T20260056368,P0195,2026-11-19,Damaged
T20250061485,P0009,2026-06-25,Customer Changed Mind
T20260136945,P0291,2026-09-10,Customer Changed Mind
T20250002548,P0401,2025-06-07,Damaged
T20260135799,P0462,2026-01-27,Customer Changed Mind
T20260041414,P0359,2026-09-20,Wrong Item
T20250012808,P0056,2025-10-15,Customer Changed Mind
T20260031135,P0339,2025-05-25,Wrong Item
T20250071029,P0029,2025-05-04,Wrong Item
T20260057385,P0457,2025-07-18,Customer Changed Mind
T20250149838,P0332,2026-11-27,Wrong Item
T20260071186,P0413,2025-06-16,Damaged
T20260125120,P0022,2025-07-13,Damaged
T20250013563,P0275,2026-11-27,Damaged
T20250067550,P0208,2025-12-23,Customer Changed Mind
T20250117287,P0421,2025-02-12,Damaged
T20260107169,P0057,2026-07-10,Wrong Item
T20250057816,P0329,2025-02-07,Damaged
T20260096786,P0176,2026-07-12,Damaged
T20250031723,P0125,2025-10-04,Wrong Item
T20260092822,P0078,2025-04-12,Wrong Item
T20250016926,P0045,2026-04-28,Damaged
T20250131099,P0178,2025-01-20,Customer Changed Mind
T20260046816,P0364,2025-07-25,Damaged
T20250119063,P0089,2026-11-14,Wrong Item
T20260017837,P0126,2025-12-08,Customer Changed Mind
T20250141975,P0407,2026-07-03,Wrong Item
T20250050671,P0328,2025-05-01,Customer Changed Mind
T20260022138,P0494,2025-10-05,Customer Changed Mind
T20260062771,P0082,2025-06-06,Customer Changed Mind
T20250075321,P0238,2026-11-22,Customer Changed Mind
T20250078432,P0125,2026-01-25,Damaged
T20250130683,P0093,2025-06-30,Wrong Item
T20260031042,P0227,2025-10-23,Customer Changed Mind
T20260019202,P0468,2026-01-03,Customer Changed Mind
T20260126107,P0166,2025-08-05,Wrong Item
T20250079631,P0033,2026-03-05,Wrong Item
T20250004868,P0384,2026-07-12,Wrong Item
T20250115919,P0022,2026-03-15,Wrong Item
T20250088894,P0211,2026-01-08,Damaged
T20260075113,P0284,2025-03-20,Customer Changed Mind
T20250038475,P0312,2025-01-28,Wrong Item
T20250124916,P0282,2026-08-31,Customer Changed Mind
T20250103446,P0219,2026-09-16,Wrong Item
T20250137797,P0058,2026-03-29,Customer Changed Mind
T20250069789,P0487,2026-08-14,Wrong Item
T20260129912,P0221,2026-07-06,Wrong Item
T20250076186,P0346,2025-02-16,Wrong Item
T20260042427,P0373,2026-08-27,Customer Changed Mind
T20260002268,P0361,2026-12-20,Damaged
T20260100884,P0054,2026-12-11,Customer Changed Mind
T20260071832,P0013,2026-01-04,Customer Changed Mind
T20250046597,P0324,2026-04-30,Wrong Item
T20260016717,P0277,2025-11-28,Damaged
T20260018191,P0331,2026-09-01,Wrong Item
T20260149319,P0389,2025-02-19,Damaged
T20260011587,P0292,2026-12-31,Wrong Item
T20260028097,P0103,2025-10-28,Damaged
T20250046516,P0219,2026-12-04,Customer Changed Mind
T20260004420,P0205,2026-06-11,Wrong Item
T20260049122,P0327,2026-03-31,Damaged
T20260090245,P0203,2025-08-09,Damaged
T20250020128,P0304,2025-01-30,Customer Changed Mind
T20250060876,P0313,2026-05-10,Customer Changed Mind
T20260013961,P0500,2026-08-28,Wrong Item
T20260014026,P0175,2026-07-11,Damaged
T20260060871,P0287,2025-08-03,Wrong Item
T20250145967,P0378,2025-01-06,Wrong Item
T20260116292,P0077,2026-12-07,Damaged
T20260077670,P0036,2026-08-01,Customer Changed Mind
T20260065635,P0271,2026-06-06,Damaged
T20250048253,P0105,2025-03-31,Customer Changed Mind
T20260021601,P0205,2026-07-06,Damaged
T20260142300,P0497,2026-01-02,Damaged
T20250113562,P0378,2026-10-06,Wrong Item
T20260137874,P0478,2026-11-25,Wrong Item
T20260136799,P0071,2026-01-26,Wrong Item
T20250080698,P0348,2025-10-14,Customer Changed Mind
T20250085665,P0413,2026-07-04,Wrong Item
T20260131065,P0165,2026-04-22,Customer Changed Mind
T20250043469,P0028,2026-08-20,Damaged
T20260117874,P0317,2026-03-27,Wrong Item
T20260115300,P0439,2025-04-01,Wrong Item
T20260036946,P0472,2026-08-29,Customer Changed Mind
T20250139378,P0142,2026-08-29,Customer Changed Mind
T20250027561,P0190,2025-08-22,Customer Changed Mind
T20260060606,P0068,2025-07-02,Customer Changed Mind
T20260024383,P0293,2026-01-09,Customer Changed Mind
T20260095088,P0464,2025-02-13,Wrong Item
T20260144460,P0410,2026-08-29,Customer Changed Mind
T20260013023,P0226,2025-05-04,Damaged
T20260031307,P0023,2026-08-20,Damaged
T20260128902,P0329,2025-01-23,Customer Changed Mind
T20250102842,P0235,2025-08-30,Wrong Item
T20260035810,P0057,2025-01-13,Customer Changed Mind
T20250009639,P0354,2026-07-25,Customer Changed Mind
T20260041503,P0341,2025-07-05,Customer Changed Mind
T20250112672,P0070,2026-05-22,Customer Changed Mind
T20250146255,P0365,2026-09-30,Customer Changed Mind
T20260143430,P0137,2026-01-05,Customer Changed Mind
T20260120407,P0424,2025-11-30,Customer Changed Mind
T20260139390,P0459,2026-05-01,Customer Changed Mind
T20250020785,P0450,2025-07-25,Customer Changed Mind
T20260043279,P0321,2026-10-15,Wrong Item
T20260026255,P0083,2025-01-15,Wrong Item
T20260093565,P0074,2026-09-10,Customer Changed Mind
T20260092697,P0096,2026-02-23,Wrong Item
T20250082610,P0212,2025-06-04,Wrong Item
T20260117358,P0444,2025-05-21,Damaged
T20260106562,P0113,2026-02-01,Damaged
T20250146092,P0036,2025-10-06,Damaged
T20250043171,P0106,2025-03-17,Damaged
T20260049348,P0437,2026-12-16,Damaged
T20250074327,P0436,2025-05-04,Customer Changed Mind
T20250126939,P0008,2026-08-06,Damaged
T20260022543,P0404,2026-12-15,Customer Changed Mind
T20250035272,P0440,2025-02-07,Customer Changed Mind
T20260041449,P0465,2026-02-01,Customer Changed Mind
T20260098051,P0435,2025-12-20,Wrong Item
T20260110442,P0328,2025-11-24,Damaged
T20250014807,P0421,2025-09-20,Customer Changed Mind
T20250027621,P0380,2026-12-20,Wrong Item
T20250003673,P0040,2026-03-12,Customer Changed Mind
T20250012152,P0099,2026-02-10,Damaged
T20260137530,P0249,2025-02-19,Customer Changed Mind
T20260038009,P0463,2025-01-31,Wrong Item
T20260089509,P0368,2026-03-17,Damaged
T20250097328,P0096,2025-08-09,Wrong Item
T20250045961,P0467,2025-02-24,Customer Changed Mind
T20250097795,P0395,2025-09-03,Wrong Item
T20250146079,P0219,2026-10-29,Customer Changed Mind
T20260049130,P0193,2026-06-16,Customer Changed Mind
T20250010902,P0323,2026-09-22,Wrong Item
T20260092406,P0262,2025-06-21,Customer Changed Mind
T20260004502,P0345,2026-11-18,Wrong Item
T20250144224,P0366,2026-09-11,Damaged
T20260058205,P0125,2026-08-16,Wrong Item
T20260112613,P0476,2025-09-07,Customer Changed Mind
T20250093817,P0108,2026-04-24,Wrong Item
T20260024274,P0123,2026-05-08,Damaged
T20260035437,P0028,2025-07-09,Damaged
T20250035290,P0082,2026-11-03,Wrong Item
T20250079034,P0412,2025-04-03,Customer Changed Mind
T20260047626,P0459,2025-06-15,Wrong Item
T20260019145,P0029,2025-02-10,Damaged
T20250042712,P0346,2025-07-17,Customer Changed Mind
T20260020263,P0170,2026-06-26,Customer Changed Mind
T20260051494,P0163,2025-05-05,Customer Changed Mind
T20250042419,P0158,2026-10-30,Wrong Item
T20260022571,P0174,2026-07-22,Customer Changed Mind
T20260138966,P0261,2026-05-09,Damaged
T20250142677,P0255,2025-10-31,Wrong Item
T20250020390,P0200,2025-07-14,Customer Changed Mind
T20260144347,P0275,2025-08-11,Customer Changed Mind
T20250045799,P0328,2026-07-04,Customer Changed Mind
T20250012014,P0409,2026-02-08,Customer Changed Mind
T20260069491,P0172,2025-07-31,Customer Changed Mind
T20250102726,P0009,2025-09-29,Customer Changed Mind
T20260029834,P0455,2025-09-30,Damaged
T20260069198,P0194,2026-11-25,Customer Changed Mind
T20250002511,P0196,2026-05-13,Customer Changed Mind
T20250127001,P0283,2025-06-28,Wrong Item
T20260133212,P0137,2025-11-01,Wrong Item
T20250028931,P0093,2025-01-13,Wrong Item
T20250051320,P0027,2025-07-01,Customer Changed Mind
T20260040812,P0255,2025-03-11,Damaged
T20250034853,P0420,2025-08-16,Wrong Item
T20260135251,P0309,2025-05-17,Wrong Item
T20250108003,P0374,2026-04-20,Wrong Item
T20260000041,P0447,2025-06-27,Customer Changed Mind
T20250071463,P0201,2026-01-09,Damaged
T20250083967,P0217,2025-10-19,Damaged
T20260036541,P0428,2026-08-08,Damaged
T20250058003,P0094,2025-02-05,Damaged
T20260099756,P0446,2025-06-24,Damaged
T20250138680,P0213,2026-03-30,Damaged
T20250037807,P0266,2026-02-25,Damaged
T20250087949,P0414,2026-11-03,Customer Changed Mind
T20250113652,P0137,2025-05-27,Customer Changed Mind
T20250099863,P0237,2026-09-15,Damaged
T20260052952,P0353,2025-04-25,Customer Changed Mind
T20250070235,P0372,2025-12-22,Damaged
T20260030933,P0052,2026-11-06,Damaged
T20260031998,P0227,2025-12-24,Customer Changed Mind
T20250117133,P0261,2026-01-24,Customer Changed Mind
T20250121749,P0337,2026-07-09,Customer Changed Mind
T20260037532,P0029,2025-04-27,Damaged
T20250036525,P0069,2026-01-17,Damaged
T20250000705,P0084,2026-10-05,Wrong Item
T20260113416,P0083,2026-08-18,Customer Changed Mind
T20260113623,P0075,2026-03-28,Customer Changed Mind
T20250046601,P0207,2025-01-29,Wrong Item
T20260025597,P0332,2026-12-21,Damaged
T20250055568,P0454,2025-08-31,Wrong Item
T20260148612,P0413,2026-06-15,Wrong Item
T20250012843,P0284,2025-06-23,Customer Changed Mind
T20260021769,P0111,2026-03-11,Customer Changed Mind
T20260086888,P0157,2025-01-29,Customer Changed Mind
T20250138225,P0411,2025-07-31,Customer Changed Mind
T20260023771,P0032,2026-02-26,Wrong Item
T20250125749,P0395,2026-09-05,Wrong Item
T20250099646,P0123,2026-01-06,Customer Changed Mind
T20260049110,P0288,2026-10-12,Damaged
T20260061244,P0297,2025-08-03,Wrong Item
T20260137344,P0477,2026-07-26,Damaged
T20250068454,P0484,2025-03-16,Damaged
T20260056128,P0107,2026-10-19,Damaged
T20250021133,P0105,2025-04-22,Wrong Item
T20250041557,P0157,2026-02-06,Wrong Item
T20260076807,P0496,2026-06-23,Damaged
T20260020617,P0281,2026-03-31,Customer Changed Mind
T20260001515,P0144,2025-09-05,Customer Changed Mind
T20250141426,P0253,2026-07-26,Damaged
T20250120705,P0144,2026-10-22,Wrong Item
T20260015473,P0398,2025-09-02,Wrong Item
T20260023181,P0260,2026-05-23,Damaged
T20260058613,P0054,2026-09-11,Damaged
T20250147056,P0224,2026-08-21,Customer Changed Mind
T20260000975,P0308,2026-11-17,Customer Changed Mind
T20250118960,P0225,2026-09-15,Wrong Item
T20260076169,P0299,2026-06-19,Wrong Item
T20260025360,P0061,2026-02-12,Wrong Item
T20260120104,P0469,2026-08-09,Customer Changed Mind
T20260020498,P0162,2025-01-12,Damaged
T20260049082,P0304,2026-04-11,Damaged
T20250088923,P0386,2026-08-30,Wrong Item
T20260074985,P0072,2026-02-27,Damaged
T20250050480,P0065,2025-06-06,Damaged
T20250112229,P0316,2025-06-03,Wrong Item
T20260072366,P0274,2025-11-08,Customer Changed Mind
T20260046365,P0008,2025-05-29,Wrong Item
T20260123014,P0152,2026-05-15,Customer Changed Mind
T20260055789,P0500,2025-01-23,Customer Changed Mind
T20260099190,P0114,2025-02-03,Customer Changed Mind
T20260122486,P0441,2025-05-15,Customer Changed Mind
T20260144879,P0423,2025-12-08,Damaged
T20250009809,P0111,2025-11-20,Customer Changed Mind
T20250076030,P0036,2025-04-24,Damaged
T20250016901,P0273,2026-12-27,Customer Changed Mind
T20250012995,P0373,2026-11-29,Damaged
T20250094069,P0479,2026-10-13,Damaged
T20250109303,P0025,2025-10-23,Damaged
T20260017557,P0366,2025-03-05,Wrong Item
T20250018408,P0154,2026-08-24,Customer Changed Mind
T20260056649,P0460,2025-12-11,Damaged
T20260004085,P0174,2026-07-17,Damaged
T20250043613,P0253,2025-09-25,Wrong Item
T20250005600,P0284,2025-03-03,Customer Changed Mind
T20250144788,P0310,2026-01-19,Damaged
T20260120793,P0067,2026-12-30,Damaged
T20250076210,P0062,2026-03-15,Wrong Item
T20260025736,P0500,2026-01-06,Wrong Item
T20260145987,P0205,2026-09-06,Damaged
T20250079402,P0379,2025-08-13,Customer Changed Mind
T20250098933,P0091,2025-05-20,Damaged
T20250033484,P0286,2026-12-27,Damaged
T20250027719,P0370,2026-11-26,Wrong Item
T20250045982,P0122,2025-01-17,Damaged
T20260007005,P0406,2026-06-15,Wrong Item
T20260127977,P0129,2025-08-19,Customer Changed Mind
T20260065269,P0108,2025-08-02,Damaged
T20260129485,P0419,2025-12-13,Wrong Item
T20250051560,P0188,2025-09-27,Damaged
T20260095880,P0047,2026-11-12,Wrong Item
T20260080416,P0090,2025-12-04,Customer Changed Mind
T20250131085,P0173,2026-12-07,Customer Changed Mind
T20250107701,P0478,2025-05-18,Customer Changed Mind
T20250027038,P0107,2026-10-13,Wrong Item
T20250144910,P0267,2025-03-27,Customer Changed Mind
T20260142118,P0061,2025-02-09,Customer Changed Mind
T20250138707,P0191,2025-02-08,Damaged
T20250078538,P0451,2026-05-12,Customer Changed Mind
T20250126523,P0014,2026-04-04,Customer Changed Mind
T20260051033,P0210,2026-08-10,Wrong Item
T20260028800,P0059,2025-02-10,Damaged
T20250122245,P0033,2026-08-25,Customer Changed Mind
T20250080948,P0209,2026-06-11,Customer Changed Mind
T20250089164,P0457,2026-06-08,Wrong Item
T20250144080,P0267,2026-01-30,Damaged
T20250113761,P0335,2025-06-23,Customer Changed Mind
T20260023641,P0318,2025-12-01,Damaged
T20260071797,P0264,2026-10-26,Damaged
T20260037172,P0094,2025-06-12,Damaged
T20250048902,P0306,2026-05-25,Customer Changed Mind
T20250060858,P0122,2025-02-03,Damaged
T20260060711,P0448,2025-08-13,Wrong Item
T20260121149,P0226,2025-12-11,Wrong Item
T20250065033,P0242,2026-11-13,Wrong Item
T20250023863,P0004,2026-08-07,Damaged
T20260021447,P0315,2026-01-08,Damaged
T20260000174,P0303,2025-04-15,Customer Changed Mind
T20260025665,P0460,2025-10-24,Customer Changed Mind
T20260146810,P0417,2025-07-03,Wrong Item
T20260026564,P0267,2025-03-08,Damaged
T20250103787,P0302,2025-08-27,Customer Changed Mind
T20260141684,P0012,2026-04-27,Damaged
T20260098871,P0314,2026-01-30,Wrong Item
T20260069007,P0025,2026-05-21,Wrong Item
T20260110240,P0343,2026-11-16,Customer Changed Mind
T20250130858,P0124,2026-09-28,Wrong Item
T20260136292,P0388,2026-05-08,Wrong Item
T20260097351,P0178,2025-02-22,Customer Changed Mind
T20250083643,P0081,2025-12-24,Customer Changed Mind
T20260074950,P0367,2026-08-30,Wrong Item
T20250076024,P0316,2026-02-09,Customer Changed Mind
T20260002563,P0449,2026-04-26,Wrong Item
T20260070653,P0194,2026-09-25,Wrong Item
T20250112102,P0335,2025-07-04,Wrong Item
T20250131516,P0173,2026-08-24,Customer Changed Mind
T20250002733,P0040,2025-05-22,Customer Changed Mind
T20260055685,P0445,2026-09-14,Wrong Item
T20260021381,P0317,2026-02-05,Wrong Item
T20260120816,P0421,2026-05-30,Damaged
T20250117149,P0250,2026-04-18,Wrong Item
T20260031961,P0109,2025-07-08,Customer Changed Mind
T20260099179,P0412,2025-05-29,Customer Changed Mind
T20250087329,P0142,2025-04-15,Wrong Item
T20250127387,P0460,2025-05-12,Damaged
T20260042821,P0154,2025-07-27,Customer Changed Mind
T20260049644,P0369,2025-05-21,Customer Changed Mind
T20250058523,P0394,2025-06-23,Customer Changed Mind
T20260130864,P0077,2026-09-14,Damaged
T20260095974,P0122,2026-07-09,Wrong Item
T20260106821,P0007,2026-09-16,Damaged
T20260113284,P0228,2025-11-07,Damaged
T20250124010,P0314,2025-07-15,Damaged
T20260133982,P0101,2026-09-19,Damaged
T20260027402,P0476,2026-11-19,Wrong Item
T20250066095,P0368,2025-11-21,Damaged
T20260026467,P0285,2026-11-14,Damaged
T20250050661,P0032,2025-04-17,Damaged
T20260044866,P0254,2025-03-13,Wrong Item
T20260041534,P0211,2026-10-30,Customer Changed Mind
T20250031120,P0169,2026-03-15,Customer Changed Mind
T20250070912,P0268,2025-03-01,Damaged
T20260078838,P0002,2025-03-06,Customer Changed Mind
T20250062050,P0129,2025-01-19,Wrong Item
T20250136126,P0140,2026-12-07,Wrong Item
T20260028305,P0067,2025-09-30,Damaged
T20260060045,P0464,2025-03-22,Damaged
T20250082778,P0123,2026-01-15,Damaged
T20250134359,P0022,2025-03-03,Customer Changed Mind
T20260028166,P0008,2026-12-31,Customer Changed Mind
T20250127360,P0413,2026-10-11,Wrong Item
T20250074378,P0372,2025-09-13,Wrong Item
T20260056835,P0164,2025-11-14,Customer Changed Mind
T20250051978,P0301,2026-09-02,Damaged
T20260114119,P0467,2025-05-24,Wrong Item
T20250079382,P0302,2025-06-25,Wrong Item
T20260081236,P0492,2026-05-04,Customer Changed Mind
T20250094862,P0001,2025-04-19,Damaged
T20250019025,P0346,2026-09-13,Wrong Item
T20260080375,P0352,2025-01-28,Wrong Item
T20250136629,P0330,2025-12-01,Damaged
T20250003065,P0040,2025-09-06,Damaged
T20260124620,P0356,2026-03-09,Damaged
T20250029922,P0325,2026-07-09,Customer Changed Mind
T20260041401,P0423,2026-03-28,Customer Changed Mind
T20250107384,P0301,2026-09-20,Wrong Item
T20250120461,P0386,2025-09-25,Customer Changed Mind
T20250130884,P0327,2025-03-03,Damaged
T20250142088,P0438,2026-07-11,Customer Changed Mind
T20260064705,P0099,2026-11-10,Wrong Item
T20250127841,P0214,2026-11-09,Customer Changed Mind
T20250147147,P0273,2025-02-17,Customer Changed Mind
T20250125754,P0278,2026-10-29,Wrong Item
T20250095026,P0406,2026-01-22,Wrong Item
T20250042883,P0064,2026-05-19,Customer Changed Mind
T20250018198,P0308,2025-03-19,Damaged
T20260082281,P0446,2025-02-18,Damaged
T20250116024,P0267,2026-11-28,Wrong Item
T20250123540,P0219,2025-12-21,Damaged
T20250127821,P0225,2025-03-16,Wrong Item
T20260042222,P0484,2026-10-20,Wrong Item
T20250091440,P0486,2025-03-12,Customer Changed Mind
T20250144466,P0107,2025-05-07,Customer Changed Mind
T20260047043,P0312,2026-08-31,Damaged
T20250007143,P0354,2026-10-10,Customer Changed Mind
T20250135770,P0391,2025-08-26,Wrong Item
T20260101793,P0249,2025-12-06,Wrong Item
T20250030965,P0323,2026-06-17,Customer Changed Mind
T20260069208,P0149,2026-04-20,Wrong Item
T20250021688,P0442,2026-08-19,Wrong Item
T20250004480,P0399,2026-04-02,Damaged
T20260058490,P0012,2025-03-28,Customer Changed Mind
T20260121556,P0161,2026-07-08,Customer Changed Mind
T20250074221,P0247,2026-04-03,Customer Changed Mind
T20250015319,P0044,2025-04-28,Customer Changed Mind
T20260010309,P0222,2026-11-17,Customer Changed Mind
T20260067988,P0187,2025-11-02,Customer Changed Mind
T20260008418,P0072,2026-02-25,Damaged
T20250075673,P0151,2026-05-17,Wrong Item
T20260108302,P0082,2025-01-24,Customer Changed Mind
T20260049840,P0424,2025-10-13,Damaged
T20250114685,P0410,2025-04-26,Damaged
T20260050986,P0180,2025-10-16,Customer Changed Mind
T20250133287,P0318,2026-12-30,Wrong Item
T20250010994,P0151,2026-11-08,Wrong Item
T20260134456,P0334,2026-02-10,Wrong Item
T20260006645,P0248,2026-02-01,Damaged
T20250062295,P0075,2025-12-22,Wrong Item
T20250046864,P0391,2026-03-27,Damaged
T20260146574,P0218,2026-02-10,Customer Changed Mind
T20260019506,P0208,2026-02-01,Damaged
T20250097146,P0306,2026-08-04,Wrong Item
T20250052241,P0029,2026-04-23,Customer Changed Mind
T20260010137,P0373,2025-01-19,Customer Changed Mind
T20250019396,P0386,2026-01-01,Wrong Item
T20250097427,P0110,2026-10-21,Wrong Item
T20250001831,P0114,2025-01-20,Damaged
T20250023973,P0328,2025-10-28,Wrong Item
T20260009133,P0132,2025-01-29,Damaged
T20260049017,P0416,2025-02-02,Customer Changed Mind
T20260067792,P0109,2025-12-05,Customer Changed Mind
T20260068862,P0266,2025-11-11,Damaged
T20260012835,P0325,2026-12-15,Damaged
T20250110728,P0195,2026-05-22,Wrong Item
T20260010886,P0092,2025-06-07,Damaged
T20250117346,P0191,2025-09-13,Customer Changed Mind
T20250101236,P0218,2025-07-14,Customer Changed Mind
T20260140381,P0048,2025-11-08,Wrong Item
T20250101598,P0391,2025-01-29,Wrong Item
T20250002141,P0318,2026-08-06,Wrong Item
T20250111285,P0088,2025-08-03,Wrong Item
T20260143434,P0016,2026-12-29,Wrong Item
T20250016406,P0181,2026-06-16,Damaged
T20260055533,P0227,2026-04-30,Wrong Item
T20250030482,P0234,2025-05-17,Customer Changed Mind
T20250022387,P0171,2026-07-11,Damaged
T20260076016,P0224,2025-10-14,Wrong Item
T20250010079,P0259,2025-09-26,Wrong Item
T20250117521,P0088,2026-09-28,Customer Changed Mind
T20250138222,P0123,2025-02-23,Damaged
T20260007960,P0428,2025-07-17,Wrong Item
T20250030645,P0475,2025-03-08,Damaged
T20250025243,P0254,2025-05-25,Damaged
T20260089416,P0362,2026-11-19,Damaged
T20260039257,P0146,2025-01-28,Wrong Item
T20250071523,P0472,2025-04-10,Damaged
T20260078722,P0078,2026-07-27,Customer Changed Mind
T20260108678,P0068,2025-12-14,Customer Changed Mind
T20250000256,P0099,2025-10-22,Customer Changed Mind
T20260147229,P0462,2026-08-28,Damaged
T20250036799,P0094,2026-01-15,Damaged
T20260090188,P0106,2026-05-02,Customer Changed Mind
T20260094938,P0345,2025-12-03,Wrong Item
T20260049972,P0395,2025-09-05,Damaged
T20250011208,P0420,2025-05-28,Wrong Item
T20250075534,P0006,2025-09-25,Damaged
T20250061560,P0112,2026-08-02,Customer Changed Mind
T20260012944,P0047,2026-05-14,Customer Changed Mind
T20250149478,P0058,2026-07-26,Damaged
T20250136586,P0080,2025-08-24,Customer Changed Mind
T20250126973,P0105,2026-11-20,Wrong Item
T20250068734,P0458,2026-06-13,Wrong Item
T20260053067,P0193,2025-01-17,Damaged
T20250011751,P0471,2025-02-07,Wrong Item
T20260069548,P0154,2026-04-26,Damaged
T20260146442,P0160,2025-04-25,Wrong Item
T20250120695,P0049,2025-09-04,Damaged
T20260139286,P0492,2026-12-29,Wrong Item
T20250071874,P0113,2025-01-09,Damaged
T20250084809,P0289,2025-12-26,Customer Changed Mind
T20260085779,P0221,2025-03-22,Wrong Item
T20250108706,P0359,2025-05-10,Wrong Item
T20260140287,P0221,2025-08-22,Damaged
T20260047355,P0168,2025-04-06,Customer Changed Mind
T20260077417,P0157,2025-07-31,Damaged
T20260149371,P0138,2026-04-20,Wrong Item
T20250002148,P0435,2025-03-09,Customer Changed Mind
T20260106341,P0484,2026-11-26,Damaged
T20250046670,P0434,2025-04-08,Damaged
T20260062095,P0223,2026-08-14,Customer Changed Mind
T20250026093,P0065,2026-03-14,Damaged
T20250012743,P0319,2026-10-12,Damaged
T20250091202,P0369,2025-07-07,Wrong Item
T20260063604,P0377,2026-04-20,Damaged
T20250002031,P0485,2026-05-24,Wrong Item
T20250036747,P0102,2026-06-12,Customer Changed Mind
T20260032044,P0292,2025-12-31,Wrong Item
T20250067109,P0405,2025-10-28,Wrong Item
T20260021942,P0265,2025-09-17,Damaged
T20250013903,P0050,2025-01-11,Customer Changed Mind
T20250074946,P0488,2025-04-16,Damaged
T20260038879,P0444,2026-04-11,Damaged
T20250097437,P0342,2026-06-13,Damaged
T20250014651,P0039,2025-05-06,Wrong Item
T20250048498,P0496,2026-04-22,Wrong Item
T20250046110,P0125,2026-01-30,Damaged
T20250046097,P0479,2026-10-08,Customer Changed Mind
T20260140506,P0105,2025-11-15,Wrong Item
T20250138847,P0014,2025-03-19,Damaged
T20250077141,P0383,2025-05-02,Wrong Item
T20260142109,P0132,2025-02-26,Customer Changed Mind
T20250095973,P0382,2025-07-05,Damaged
T20250108438,P0306,2025-05-18,Customer Changed Mind
T20260098783,P0003,2026-01-22,Wrong Item
T20260120432,P0368,2026-08-11,Customer Changed Mind
T20250123845,P0080,2025-09-03,Customer Changed Mind
T20250041209,P0373,2026-01-13,Damaged
T20260042881,P0213,2026-03-02,Wrong Item
T20250021244,P0215,2026-10-13,Wrong Item
T20260090440,P0331,2025-11-13,Wrong Item
T20260024222,P0358,2026-07-29,Wrong Item
T20250000928,P0272,2026-05-13,Damaged
T20260115767,P0013,2025-07-29,Damaged
T20260010317,P0135,2025-09-29,Wrong Item
T20250092560,P0324,2026-05-03,Damaged
T20260015167,P0204,2025-06-25,Damaged
T20260122542,P0480,2025-10-13,Damaged
T20250029603,P0267,2025-12-04,Customer Changed Mind
T20250012786,P0376,2026-05-24,Wrong Item
T20250105091,P0298,2026-03-01,Wrong Item
T20260055673,P0033,2025-03-04,Damaged
T20250015562,P0163,2025-05-15,Damaged
T20250138743,P0441,2026-11-08,Damaged
T20250003690,P0457,2025-10-14,Customer Changed Mind
T20260070661,P0318,2026-10-19,Customer Changed Mind
T20250117097,P0353,2026-11-02,Customer Changed Mind
T20260126725,P0432,2026-08-25,Wrong Item
T20260139147,P0088,2025-03-08,Wrong Item
T20250147678,P0007,2026-11-15,Wrong Item
T20250144605,P0335,2025-11-29,Customer Changed Mind
T20260060541,P0065,2025-05-28,Damaged
T20250115207,P0437,2026-06-22,Damaged
T20260036461,P0316,2025-01-22,Damaged
T20260040568,P0202,2026-05-10,Customer Changed Mind
T20250008442,P0429,2026-08-07,Customer Changed Mind
T20250060004,P0111,2025-11-12,Wrong Item
T20250057054,P0333,2025-06-24,Customer Changed Mind
T20250059229,P0033,2026-09-06,Wrong Item
T20260031896,P0212,2025-01-01,Wrong Item
T20260050153,P0256,2026-10-28,Damaged
T20260074931,P0341,2026-09-03,Wrong Item
T20260035923,P0212,2025-10-19,Customer Changed Mind
T20250051661,P0248,2025-03-25,Customer Changed Mind
T20250044849,P0462,2025-03-12,Wrong Item
T20250095000,P0121,2026-06-23,Customer Changed Mind
T20260012160,P0359,2026-05-19,Damaged
T20260086093,P0229,2026-07-02,Wrong Item
T20250013532,P0228,2026-08-27,Damaged
T20260090323,P0272,2025-08-10,Damaged
T20250062255,P0244,2026-12-31,Wrong Item
T20260039186,P0234,2026-04-08,Wrong Item
T20260004295,P0284,2026-11-10,Damaged
T20260051804,P0106,2025-10-05,Customer Changed Mind
T20250105258,P0109,2026-05-09,Customer Changed Mind
T20260148766,P0031,2025-05-12,Customer Changed Mind
T20260026935,P0405,2025-02-23,Customer Changed Mind
T20260122745,P0473,2025-01-21,Wrong Item
T20260039976,P0114,2025-01-29,Damaged
T20260025262,P0048,2025-07-06,Wrong Item
T20250031179,P0046,2026-06-16,Customer Changed Mind
T20260095473,P0080,2025-09-28,Wrong Item
T20250016103,P0202,2025-07-31,Damaged
T20260115515,P0483,2026-06-01,Wrong Item
T20260072461,P0137,2026-08-09,Damaged
T20260092199,P0446,2026-02-28,Customer Changed Mind
T20260138208,P0044,2025-06-19,Customer Changed Mind
T20260073705,P0375,2026-06-06,Wrong Item
T20260030771,P0166,2025-04-14,Damaged
T20260011083,P0458,2026-04-30,Customer Changed Mind
T20260059644,P0337,2025-12-23,Wrong Item
T20260091256,P0413,2025-06-07,Wrong Item
T20250078136,P0219,2026-07-28,Wrong Item
T20250055080,P0043,2025-05-22,Wrong Item
T20260002128,P0147,2025-06-22,Customer Changed Mind
T20260068003,P0295,2025-07-12,Customer Changed Mind
T20250145572,P0422,2026-02-28,Damaged
T20260044294,P0070,2025-12-27,Customer Changed Mind
T20260047136,P0014,2026-08-05,Wrong Item
T20250017216,P0376,2025-10-18,Wrong Item
T20260137308,P0251,2026-12-27,Customer Changed Mind
T20250032517,P0084,2025-04-17,Damaged
T20260087144,P0465,2025-05-26,Damaged
T20250014176,P0152,2025-07-17,Wrong Item
T20260131273,P0187,2025-09-18,Customer Changed Mind
T20260032604,P0251,2026-03-28,Customer Changed Mind
T20250092727,P0335,2025-02-04,Damaged
T20260097670,P0300,2026-12-14,Damaged
T20260146203,P0454,2026-12-29,Customer Changed Mind
T20250101601,P0429,2025-05-30,Customer Changed Mind
T20250011858,P0019,2025-04-09,Wrong Item
T20250102576,P0200,2026-08-19,Wrong Item
T20260107442,P0207,2026-09-12,Customer Changed Mind
T20250053643,P0276,2026-03-05,Damaged
T20250019093,P0464,2026-08-07,Customer Changed Mind
T20260115869,P0258,2025-07-12,Damaged
T20250122497,P0304,2026-08-02,Customer Changed Mind
T20260101423,P0380,2026-07-18,Wrong Item
T20250034665,P0226,2025-12-05,Damaged
T20260008645,P0107,2026-03-03,Damaged
T20260054813,P0059,2025-05-06,Wrong Item
T20250000730,P0132,2025-07-05,Customer Changed Mind
T20250031864,P0120,2025-12-31,Damaged
T20260012148,P0444,2026-01-07,Customer Changed Mind
T20260047829,P0383,2026-01-15,Customer Changed Mind
T20250093674,P0070,2026-07-15,Customer Changed Mind
T20250009712,P0332,2026-04-23,Damaged
T20260089281,P0412,2025-06-21,Damaged
T20250080902,P0064,2025-07-09,Wrong Item
T20250137904,P0421,2026-07-26,Wrong Item
T20250046423,P0234,2026-05-12,Wrong Item
T20260106059,P0406,2025-04-28,Damaged
T20260032617,P0457,2025-11-01,Wrong Item
T20260036710,P0228,2025-04-23,Wrong Item
T20260127148,P0460,2026-09-04,Customer Changed Mind
T20260011368,P0206,2025-02-18,Damaged
T20250140918,P0137,2025-12-08,Wrong Item
T20250039823,P0240,2025-01-23,Customer Changed Mind
T20250043621,P0390,2026-01-17,Wrong Item
T20260004910,P0423,2025-02-24,Customer Changed Mind
T20250112795,P0493,2025-10-17,Customer Changed Mind
T20260127858,P0032,2026-07-27,Wrong Item
T20260073976,P0491,2026-10-13,Damaged
T20260009365,P0418,2026-10-17,Customer Changed Mind
T20250115692,P0154,2026-05-09,Wrong Item
T20250017308,P0220,2026-11-30,Damaged
T20250072716,P0031,2025-07-09,Customer Changed Mind
T20250026586,P0224,2025-08-27,Wrong Item
T20250019291,P0272,2025-07-07,Damaged
T20260052995,P0401,2025-01-25,Damaged
T20250136309,P0127,2026-10-08,Customer Changed Mind
T20250040060,P0145,2026-03-16,Customer Changed Mind
T20260000202,P0294,2026-02-25,Customer Changed Mind
T20260116855,P0492,2026-10-26,Customer Changed Mind
T20250075739,P0034,2025-03-04,Wrong Item
T20260001058,P0394,2026-02-01,Wrong Item
T20250058982,P0367,2025-07-23,Wrong Item
T20250086375,P0084,2025-12-29,Customer Changed Mind
T20260006691,P0436,2025-09-21,Wrong Item
T20260056878,P0063,2026-07-23,Customer Changed Mind
T20250081706,P0250,2026-01-15,Damaged
T20260056586,P0230,2025-08-01,Damaged
T20260030814,P0006,2026-04-29,Damaged
T20260121249,P0009,2025-09-05,Customer Changed Mind
T20250088867,P0452,2025-12-26,Customer Changed Mind
T20260113870,P0195,2025-06-16,Customer Changed Mind
T20260134231,P0434,2026-02-18,Damaged
T20260119501,P0057,2025-07-01,Damaged
T20250143972,P0403,2025-01-31,Damaged
T20250064494,P0400,2026-03-05,Customer Changed Mind
T20250061802,P0483,2025-08-28,Customer Changed Mind
T20250051708,P0471,2026-05-10,Damaged
T20260090569,P0397,2026-03-25,Wrong Item
T20250113611,P0364,2026-05-10,Wrong Item
T20250138035,P0072,2026-10-15,Wrong Item
T20250072505,P0383,2026-07-10,Customer Changed Mind
T20260098032,P0105,2026-04-23,Customer Changed Mind
T20250023540,P0407,2025-03-13,Wrong Item
T20260062975,P0064,2025-08-02,Customer Changed Mind
T20250054131,P0307,2025-02-21,Customer Changed Mind
T20250013096,P0052,2025-10-01,Damaged
T20260077636,P0167,2025-05-19,Damaged
T20260142566,P0034,2025-07-18,Wrong Item
T20250135122,P0076,2026-08-21,Wrong Item
T20250048047,P0182,2026-05-24,Wrong Item
T20250126353,P0308,2026-04-12,Customer Changed Mind
T20250032533,P0335,2026-10-02,Damaged
T20260058004,P0035,2026-12-14,Wrong Item
T20250032297,P0248,2026-02-17,Customer Changed Mind
T20250107194,P0319,2025-09-02,Damaged
T20260024470,P0056,2026-12-29,Customer Changed Mind
T20250117584,P0187,2025-04-12,Customer Changed Mind
T20260124246,P0454,2026-10-16,Wrong Item
T20260088954,P0453,2025-08-16,Wrong Item
T20250049720,P0085,2025-08-28,Damaged
T20260022773,P0484,2026-12-04,Damaged
T20250078321,P0120,2025-04-28,Wrong Item
T20250083228,P0128,2025-10-13,Damaged
T20250029076,P0384,2025-01-31,Damaged
T20250081376,P0324,2026-04-03,Wrong Item
T20260038863,P0272,2025-06-30,Customer Changed Mind
T20260068676,P0065,2026-01-19,Damaged
T20260079584,P0334,2026-11-04,Customer Changed Mind
T20260008388,P0305,2025-07-13,Wrong Item
T20260030093,P0386,2025-01-07,Wrong Item
T20250064787,P0151,2025-02-01,Damaged
T20260006736,P0277,2025-08-06,Wrong Item
T20260119031,P0205,2026-12-05,Damaged
T20260120034,P0066,2026-04-03,Damaged
T20260147535,P0364,2025-03-15,Damaged
T20250068482,P0483,2026-11-06,Customer Changed Mind
T20250035105,P0060,2026-09-03,Damaged
T20260062062,P0363,2026-05-29,Wrong Item
T20250134348,P0109,2026-05-04,Damaged
T20260145936,P0477,2025-04-15,Damaged
T20250011648,P0336,2026-08-16,Damaged
T20250073871,P0201,2026-02-24,Customer Changed Mind
T20250081792,P0013,2026-06-09,Damaged
T20260085039,P0096,2025-12-31,Damaged
T20260094988,P0321,2026-07-12,Wrong Item
T20260117773,P0178,2025-12-30,Damaged
T20260114097,P0109,2026-09-06,Wrong Item
T20260078017,P0268,2025-01-28,Customer Changed Mind
T20260017384,P0103,2026-06-23,Wrong Item
T20250055454,P0155,2025-05-19,Customer Changed Mind
T20250041521,P0215,2026-11-21,Wrong Item
T20260132452,P0025,2026-08-21,Customer Changed Mind
T20260062529,P0485,2026-05-26,Customer Changed Mind
T20250126273,P0221,2026-05-16,Damaged
T20250011359,P0412,2026-12-15,Customer Changed Mind
T20250074633,P0457,2025-04-28,Wrong Item
T20260043731,P0169,2025-12-06,Wrong Item
T20260013697,P0287,2025-11-01,Damaged
T20250052011,P0280,2026-09-10,Wrong Item
T20260123983,P0021,2026-09-20,Wrong Item
T20250072341,P0393,2025-09-21,Customer Changed Mind
T20250020755,P0064,2025-11-01,Wrong Item
T20250109049,P0322,2026-07-22,Customer Changed Mind
T20250047980,P0416,2025-08-07,Wrong Item
T20260115150,P0468,2026-09-08,Wrong Item
T20260032123,P0279,2026-04-24,Damaged
T20260076834,P0224,2026-01-20,Damaged
T20250083244,P0462,2025-12-13,Wrong Item
T20260095344,P0479,2025-01-21,Customer Changed Mind
T20250029864,P0146,2025-01-09,Damaged
T20250096750,P0023,2025-11-15,Customer Changed Mind
T20260123841,P0087,2025-12-16,Customer Changed Mind
T20260075091,P0145,2026-01-09,Customer Changed Mind
T20260109017,P0333,2026-07-06,Wrong Item
T20250038180,P0394,2026-11-25,Damaged
T20250041959,P0143,2026-06-09,Damaged
T20260023520,P0334,2026-04-15,Damaged
T20260091321,P0277,2025-12-02,Customer Changed Mind
T20260014888,P0081,2025-02-19,Wrong Item
T20250142409,P0157,2026-12-04,Customer Changed Mind
T20250041427,P0419,2026-11-11,Damaged
T20250124278,P0159,2026-05-31,Damaged
T20260002944,P0391,2025-02-13,Wrong Item
T20260078159,P0390,2025-04-13,Customer Changed Mind
T20260085773,P0247,2025-03-12,Customer Changed Mind
T20260079367,P0155,2025-06-10,Wrong Item
T20250067697,P0047,2025-09-21,Customer Changed Mind
T20260146051,P0488,2025-10-08,Customer Changed Mind
T20260018236,P0359,2025-01-01,Customer Changed Mind
T20250059035,P0241,2025-08-05,Customer Changed Mind
T20250142732,P0382,2025-01-27,Wrong Item
T20260006942,P0118,2025-10-31,Wrong Item
T20260126622,P0424,2026-05-14,Wrong Item
T20250025085,P0079,2026-11-14,Wrong Item
T20260018868,P0383,2026-08-15,Wrong Item
T20260144504,P0222,2026-08-10,Damaged
T20250107581,P0100,2026-02-04,Customer Changed Mind
T20250024072,P0356,2026-03-28,Damaged
T20250073436,P0375,2025-04-02,Customer Changed Mind
T20260053489,P0106,2025-09-14,Wrong Item
T20260004998,P0154,2026-02-23,Customer Changed Mind
T20260069232,P0468,2025-07-09,Damaged
T20260140008,P0372,2025-03-30,Wrong Item
T20260142122,P0251,2026-01-26,Customer Changed Mind
T20250107827,P0101,2025-08-05,Customer Changed Mind
T20250001744,P0491,2026-06-28,Wrong Item
T20260066295,P0392,2025-08-10,Damaged
T20250025367,P0314,2025-11-07,Wrong Item
T20260000154,P0156,2026-04-22,Damaged
T20260136426,P0040,2025-08-16,Damaged
T20250098713,P0449,2026-02-12,Wrong Item
T20260086508,P0406,2025-02-12,Customer Changed Mind
T20250125347,P0386,2026-12-04,Customer Changed Mind
T20260147247,P0002,2025-10-28,Damaged
T20260141371,P0345,2026-04-27,Customer Changed Mind
T20250136957,P0276,2025-11-15,Damaged
T20260010645,P0358,2025-10-21,Damaged
T20250119709,P0104,2026-01-18,Wrong Item
T20250047178,P0072,2025-10-05,Customer Changed Mind
T20250135441,P0261,2026-10-09,Damaged
T20250022214,P0229,2026-02-24,Wrong Item
T20250068714,P0363,2025-04-14,Wrong Item
T20260066320,P0023,2026-02-13,Damaged
T20260099071,P0045,2026-06-14,Customer Changed Mind
T20260146336,P0083,2025-10-27,Wrong Item
T20250105502,P0335,2025-12-27,Damaged
T20250085710,P0116,2026-08-26,Wrong Item
T20250038223,P0404,2026-12-06,Damaged
T20250034433,P0095,2026-07-31,Wrong Item
T20260121812,P0275,2025-04-29,Customer Changed Mind
T20260102839,P0266,2025-01-21,Damaged
T20260027257,P0409,2025-04-23,Damaged
T20260004242,P0242,2026-09-11,Customer Changed Mind
T20250112112,P0332,2025-04-20,Customer Changed Mind
T20260072378,P0340,2026-02-15,Wrong Item
T20250139595,P0439,2026-02-14,Customer Changed Mind
T20260102807,P0414,2026-09-09,Damaged
T20260016791,P0152,2026-11-14,Damaged
T20250056647,P0172,2026-04-07,Wrong Item
T20260008309,P0448,2025-12-28,Damaged
T20250126885,P0045,2025-12-18,Customer Changed Mind
T20250088102,P0237,2025-12-26,Customer Changed Mind
T20250134478,P0406,2025-08-04,Wrong Item
T20250068242,P0024,2026-12-13,Damaged
T20250126289,P0383,2025-10-06,Wrong Item
T20250003797,P0448,2026-08-27,Wrong Item
T20250090778,P0248,2026-01-25,Customer Changed Mind
T20250095674,P0333,2025-03-30,Wrong Item
T20250047453,P0154,2026-08-01,Customer Changed Mind
T20250060349,P0026,2025-06-07,Customer Changed Mind
T20250061667,P0283,2026-01-05,Customer Changed Mind
T20260051403,P0118,2026-03-06,Damaged
T20260087240,P0446,2026-01-08,Wrong Item
T20250097940,P0245,2026-03-19,Customer Changed Mind
T20260134289,P0278,2026-09-12,Wrong Item
T20260135150,P0230,2026-09-27,Wrong Item
T20260116415,P0463,2026-06-08,Customer Changed Mind
T20260109436,P0187,2026-01-19,Customer Changed Mind
T20250094329,P0351,2026-07-08,Wrong Item
T20250019010,P0217,2025-07-23,Damaged
T20250058497,P0403,2025-07-15,Damaged
T20260033583,P0432,2026-06-11,Customer Changed Mind
T20260136443,P0452,2025-09-12,Wrong Item
T20260139663,P0421,2025-12-18,Wrong Item
T20250044243,P0060,2026-05-11,Wrong Item
T20260035884,P0008,2026-03-28,Customer Changed Mind
T20250114069,P0061,2025-07-30,Wrong Item
T20250119163,P0357,2025-10-06,Customer Changed Mind
T20250017695,P0261,2026-05-11,Wrong Item
T20260080961,P0125,2025-11-22,Damaged
T20250068212,P0351,2026-01-30,Wrong Item
T20250141021,P0251,2026-11-20,Wrong Item
T20250003462,P0122,2025-04-06,Wrong Item
T20260040351,P0405,2026-12-19,Customer Changed Mind
T20250121059,P0434,2025-09-20,Wrong Item
T20260065146,P0131,2026-12-01,Damaged
T20250061442,P0090,2026-09-19,Wrong Item
T20250050566,P0452,2026-11-21,Damaged
T20250046363,P0272,2026-04-07,Damaged
T20250031867,P0487,2025-04-04,Customer Changed Mind
T20260029395,P0042,2026-04-22,Wrong Item
T20260149067,P0257,2025-02-01,Customer Changed Mind
T20250137120,P0417,2025-08-08,Customer Changed Mind
T20250104581,P0077,2025-07-09,Damaged
T20260132400,P0074,2026-04-16,Wrong Item
T20260065129,P0202,2025-12-15,Customer Changed Mind
T20250111877,P0064,2025-02-10,Customer Changed Mind
T20260007076,P0302,2026-02-28,Damaged
T20250085575,P0414,2025-04-21,Customer Changed Mind
T20260050877,P0483,2025-05-24,Customer Changed Mind
T20260136940,P0391,2025-06-26,Damaged
T20260076266,P0116,2025-11-02,Wrong Item
T20250115570,P0261,2025-10-21,Damaged
T20260145242,P0177,2026-06-01,Damaged
T20260129411,P0178,2026-10-12,Damaged
T20260059810,P0349,2025-07-27,Damaged
T20260012864,P0112,2026-02-11,Customer Changed Mind
T20260036113,P0383,2026-12-08,Damaged
T20260069367,P0479,2025-07-09,Damaged
T20250076889,P0424,2026-08-17,Wrong Item
T20260051397,P0187,2025-02-15,Customer Changed Mind
T20260139859,P0102,2025-11-15,Customer Changed Mind
T20250052076,P0222,2026-04-06,Damaged
T20260069263,P0340,2026-12-19,Customer Changed Mind
T20250138052,P0148,2026-11-08,Wrong Item
T20260027104,P0249,2026-12-06,Damaged
T20260095924,P0148,2026-05-12,Wrong Item
T20260059384,P0296,2026-01-10,Customer Changed Mind
T20250139810,P0204,2025-08-25,Wrong Item
T20250142456,P0424,2026-04-28,Damaged
T20260103320,P0273,2025-07-31,Damaged
T20260071835,P0136,2026-05-21,Damaged
T20260092543,P0213,2026-12-25,Wrong Item
T20250074050,P0130,2025-12-25,Wrong Item
T20250068321,P0281,2025-08-09,Customer Changed Mind
T20260042887,P0176,2025-07-19,Wrong Item
T20250085696,P0234,2026-04-09,Damaged
T20250147499,P0371,2025-11-19,Damaged
T20250073172,P0089,2026-05-07,Customer Changed Mind
T20260017299,P0324,2026-10-29,Damaged
T20250041293,P0262,2025-08-15,Damaged
T20260134792,P0280,2026-12-24,Wrong Item
T20250118961,P0180,2025-06-19,Customer Changed Mind
T20260058575,P0170,2026-06-23,Damaged
T20260062125,P0107,2025-06-02,Damaged
T20260116411,P0416,2025-12-27,Customer Changed Mind
T20260108150,P0002,2025-10-07,Customer Changed Mind
T20250043486,P0088,2025-10-27,Customer Changed Mind
T20250102661,P0376,2025-09-09,Customer Changed Mind
T20260069385,P0451,2025-02-12,Wrong Item
T20260084091,P0420,2025-02-19,Wrong Item
T20260064553,P0340,2025-05-05,Customer Changed Mind
T20260005138,P0156,2026-07-13,Wrong Item
T20260029989,P0399,2025-03-31,Damaged
T20250083182,P0268,2026-02-04,Damaged
T20260007018,P0463,2025-05-31,Damaged
T20260050100,P0304,2025-12-12,Wrong Item
T20260072021,P0221,2026-04-26,Damaged
T20250029203,P0396,2025-03-11,Wrong Item
T20260037267,P0100,2025-05-02,Wrong Item
T20260007688,P0305,2025-11-14,Wrong Item
T20260052131,P0074,2026-06-25,Damaged
T20260000613,P0322,2025-02-11,Damaged
T20250060951,P0306,2026-12-12,Damaged
T20260147578,P0230,2025-08-27,Customer Changed Mind
T20260006155,P0069,2025-05-05,Wrong Item
T20250145627,P0453,2026-08-12,Customer Changed Mind
T20260051918,P0097,2026-10-23,Wrong Item
T20250042088,P0074,2025-05-13,Damaged
T20260142751,P0349,2026-10-02,Damaged
T20250059438,P0384,2026-09-03,Customer Changed Mind
T20260058720,P0123,2025-04-17,Damaged
T20260056933,P0030,2026-07-22,Wrong Item
T20250081202,P0131,2025-03-19,Customer Changed Mind
T20250035988,P0380,2026-08-06,Wrong Item
T20260056228,P0239,2025-12-25,Damaged
T20260044589,P0404,2026-01-11,Wrong Item
T20260089304,P0329,2026-07-18,Wrong Item
T20260045783,P0121,2026-12-23,Customer Changed Mind
T20250046695,P0115,2025-12-17,Customer Changed Mind
T20260117161,P0285,2026-10-26,Customer Changed Mind
T20250084081,P0241,2026-11-01,Damaged
T20250135444,P0155,2025-01-16,Wrong Item
T20260059632,P0429,2025-10-30,Customer Changed Mind
T20260015422,P0207,2025-03-11,Customer Changed Mind
T20250013207,P0421,2026-02-27,Damaged
T20250127176,P0280,2026-02-02,Damaged
T20250004911,P0397,2025-11-10,Damaged
T20250042526,P0002,2025-04-05,Damaged
T20250045358,P0186,2025-09-30,Customer Changed Mind
T20260001718,P0227,2026-01-01,Wrong Item
T20250028913,P0210,2025-11-18,Wrong Item
T20260056117,P0311,2025-08-17,Damaged
T20250102349,P0312,2026-08-26,Customer Changed Mind
T20250010308,P0061,2026-12-02,Customer Changed Mind
T20250054835,P0042,2025-09-26,Damaged
T20250130500,P0302,2026-11-18,Wrong Item
T20260103737,P0080,2025-04-03,Customer Changed Mind
T20250040380,P0397,2025-06-25,Customer Changed Mind
T20250121486,P0181,2025-03-25,Customer Changed Mind
T20250040347,P0259,2026-05-29,Customer Changed Mind
T20260027075,P0338,2025-10-12,Wrong Item
T20250038300,P0390,2026-02-21,Damaged
T20260121075,P0411,2025-07-08,Damaged
T20260137677,P0493,2025-01-27,Wrong Item
T20250143119,P0468,2026-03-05,Damaged
T20250142661,P0096,2025-12-19,Customer Changed Mind
T20250100107,P0074,2025-09-13,Customer Changed Mind
T20250104642,P0216,2026-11-01,Damaged
T20250053018,P0035,2025-05-17,Customer Changed Mind
T20250021827,P0441,2026-07-19,Damaged
T20260021660,P0163,2025-09-11,Wrong Item
T20250089099,P0226,2026-07-25,Damaged
T20260005459,P0193,2025-06-24,Wrong Item
T20250113977,P0153,2026-10-11,Customer Changed Mind
T20260034736,P0239,2026-12-10,Customer Changed Mind
T20260004511,P0442,2025-12-09,Customer Changed Mind
T20260091959,P0099,2025-10-23,Customer Changed Mind
T20260146444,P0278,2026-06-28,Damaged
T20260083215,P0307,2025-04-25,Damaged
T20260017940,P0183,2025-07-12,Damaged
T20250096727,P0153,2025-05-09,Customer Changed Mind
T20260033857,P0023,2025-08-26,Customer Changed Mind
T20250020765,P0341,2025-01-09,Damaged
T20260111424,P0011,2025-06-01,Damaged
T20250138208,P0017,2026-09-06,Damaged
T20250036475,P0074,2025-03-16,Customer Changed Mind
T20260148195,P0367,2026-05-10,Wrong Item
T20260090047,P0457,2026-05-12,Damaged
T20260027401,P0288,2026-10-16,Wrong Item
T20250117664,P0214,2025-07-07,Customer Changed Mind
T20260026748,P0312,2026-12-27,Damaged
T20260122850,P0202,2026-11-12,Damaged
T20260077389,P0031,2026-09-11,Wrong Item
T20250043024,P0411,2025-12-19,Wrong Item
T20250032330,P0451,2026-11-22,Damaged
T20250043462,P0269,2025-09-08,Customer Changed Mind
T20260139097,P0126,2026-01-24,Customer Changed Mind
T20260128024,P0099,2025-07-05,Customer Changed Mind
T20260102247,P0442,2025-12-19,Customer Changed Mind
T20250119005,P0008,2026-07-25,Customer Changed Mind
T20250116203,P0272,2025-10-30,Wrong Item
T20260117651,P0439,2026-01-01,Damaged
T20260072459,P0313,2025-01-24,Wrong Item
T20260046844,P0295,2025-05-31,Customer Changed Mind
T20260010112,P0490,2025-10-04,Customer Changed Mind
T20260131502,P0014,2025-03-12,Damaged
T20260083991,P0158,2025-07-24,Damaged
T20260061350,P0166,2025-11-02,Wrong Item
T20260111711,P0242,2025-02-13,Wrong Item
T20250052755,P0431,2026-10-12,Damaged
T20260147651,P0423,2026-01-20,Wrong Item
T20250041123,P0351,2026-01-24,Customer Changed Mind
T20250009481,P0460,2025-01-15,Wrong Item
T20250094324,P0196,2026-06-14,Damaged
T20250084858,P0306,2026-06-12,Damaged
T20260039153,P0237,2026-03-25,Customer Changed Mind
T20250071264,P0368,2026-06-28,Wrong Item
T20250028171,P0101,2025-02-06,Wrong Item
T20250068599,P0090,2026-09-22,Wrong Item
T20250021587,P0318,2026-03-18,Wrong Item
T20260043024,P0149,2026-04-26,Damaged
T20260138245,P0157,2025-01-23,Customer Changed Mind
T20250038704,P0483,2026-05-11,Wrong Item
T20260022860,P0493,2026-06-29,Damaged
T20260000779,P0297,2025-11-03,Customer Changed Mind
T20250035637,P0086,2026-11-17,Damaged
T20250092599,P0115,2025-04-29,Customer Changed Mind
T20250026201,P0159,2025-03-11,Customer Changed Mind
T20250091098,P0109,2025-04-10,Wrong Item
T20250025121,P0012,2025-05-29,Customer Changed Mind
T20250107486,P0333,2025-12-27,Customer Changed Mind
T20260048611,P0430,2025-05-27,Customer Changed Mind
T20250013715,P0215,2025-08-13,Wrong Item
T20260140256,P0077,2026-08-01,Customer Changed Mind
T20260119804,P0199,2026-05-30,Customer Changed Mind
T20260095183,P0041,2026-06-03,Wrong Item
T20260142351,P0099,2026-04-18,Customer Changed Mind
T20250051898,P0036,2026-08-05,Damaged
T20250071310,P0422,2025-01-06,Wrong Item
T20260077475,P0062,2026-01-29,Wrong Item
T20250099307,P0401,2026-12-29,Damaged
T20260019346,P0377,2026-03-31,Customer Changed Mind
T20250017884,P0007,2026-09-03,Customer Changed Mind
T20260033424,P0340,2026-04-19,Damaged
T20260101875,P0266,2025-07-06,Damaged
T20260103963,P0166,2025-11-21,Damaged
T20250111926,P0168,2026-02-17,Wrong Item
T20250002904,P0029,2026-02-23,Wrong Item
T20260115206,P0365,2025-12-30,Customer Changed Mind
T20260012383,P0467,2025-02-25,Customer Changed Mind
T20260107725,P0458,2026-06-02,Customer Changed Mind
T20260096830,P0043,2026-09-26,Wrong Item
T20260130781,P0221,2025-04-06,Wrong Item
T20260015510,P0352,2026-09-25,Customer Changed Mind
T20260023705,P0205,2026-10-20,Damaged
T20250118308,P0240,2026-10-03,Damaged
T20250111919,P0152,2026-11-24,Damaged
T20250133620,P0282,2026-10-02,Wrong Item
T20250038198,P0408,2026-09-16,Wrong Item
T20250083303,P0424,2026-07-23,Wrong Item
T20260067061,P0041,2025-11-11,Wrong Item
T20260041185,P0304,2026-08-23,Wrong Item
T20250092873,P0226,2025-09-26,Customer Changed Mind
T20260082986,P0409,2026-11-09,Wrong Item
T20260020368,P0253,2026-09-12,Customer Changed Mind
T20250112057,P0144,2026-02-18,Wrong Item
T20250051514,P0198,2025-05-29,Customer Changed Mind
T20260052561,P0492,2025-01-24,Damaged
T20250011907,P0463,2025-12-20,Damaged
T20250128332,P0346,2026-01-06,Customer Changed Mind
T20260115579,P0462,2026-05-28,Damaged
T20250012720,P0211,2026-09-16,Damaged
T20250073576,P0155,2026-12-25,Customer Changed Mind
T20250058634,P0261,2026-05-19,Customer Changed Mind
T20250137978,P0075,2026-04-14,Wrong Item
T20260086026,P0124,2026-01-23,Damaged
T20250133969,P0291,2026-09-10,Wrong Item
T20260017933,P0255,2026-03-09,Wrong Item
T20250048505,P0083,2026-08-15,Wrong Item
T20250102301,P0271,2026-09-13,Customer Changed Mind
T20250089641,P0294,2026-06-29,Wrong Item
T20260062058,P0082,2025-01-20,Damaged
T20260133208,P0199,2025-05-12,Wrong Item
T20250018584,P0487,2025-08-22,Damaged
T20250032278,P0202,2026-10-13,Wrong Item
T20260030599,P0058,2025-09-06,Customer Changed Mind
T20250090548,P0444,2026-03-10,Customer Changed Mind
T20250131415,P0414,2026-03-11,Damaged
T20250105316,P0001,2025-06-23,Damaged
T20250055522,P0476,2026-09-04,Customer Changed Mind
T20260082516,P0313,2026-02-13,Wrong Item
T20250119950,P0021,2026-09-28,Damaged
T20250008215,P0373,2025-09-15,Damaged
T20260084228,P0390,2026-08-16,Customer Changed Mind
T20250143110,P0240,2026-03-01,Customer Changed Mind
T20250040654,P0390,2025-05-04,Customer Changed Mind
T20260051754,P0161,2025-11-29,Wrong Item
T20250087044,P0389,2026-05-28,Damaged
T20250061426,P0456,2026-08-27,Wrong Item
T20250117757,P0476,2025-12-23,Wrong Item
T20260008847,P0227,2025-12-24,Wrong Item
T20260098441,P0093,2025-02-01,Wrong Item
T20250034655,P0060,2026-06-16,Wrong Item
T20250058401,P0219,2025-05-22,Damaged
T20250049263,P0301,2025-08-21,Customer Changed Mind
T20250139668,P0035,2026-03-31,Wrong Item
T20260030157,P0117,2025-07-01,Customer Changed Mind
T20250096412,P0380,2026-08-27,Customer Changed Mind
T20260036592,P0154,2026-06-13,Damaged
T20250120335,P0478,2026-06-11,Customer Changed Mind
T20260108379,P0337,2025-01-03,Damaged
T20260111009,P0280,2025-05-11,Wrong Item
T20250007018,P0439,2025-08-24,Wrong Item
T20250007141,P0101,2026-12-04,Customer Changed Mind
T20250145077,P0329,2026-04-23,Wrong Item
T20260039365,P0223,2026-02-04,Wrong Item
T20260087809,P0256,2025-11-28,Customer Changed Mind
T20260060804,P0365,2025-09-04,Damaged
T20250135407,P0487,2025-11-02,Wrong Item
T20260037742,P0331,2026-01-22,Customer Changed Mind
T20260061429,P0009,2025-02-01,Customer Changed Mind
T20260055802,P0326,2026-03-19,Damaged
T20260089360,P0170,2026-07-18,Damaged
T20250072403,P0394,2026-09-27,Customer Changed Mind
T20260043977,P0248,2025-06-28,Customer Changed Mind
T20260094565,P0456,2026-09-15,Wrong Item
T20250135766,P0241,2025-11-09,Damaged
T20260098168,P0464,2026-09-15,Damaged
T20250082535,P0035,2025-12-18,Customer Changed Mind
T20250010163,P0270,2025-04-20,Damaged
T20260034269,P0037,2026-04-05,Wrong Item
T20260147509,P0420,2026-01-13,Wrong Item
T20250112040,P0098,2025-10-15,Damaged
T20260060280,P0345,2026-12-09,Damaged
T20250142225,P0063,2026-06-01,Wrong Item
T20250129197,P0023,2026-08-17,Damaged
T20250030018,P0265,2025-11-12,Wrong Item
T20250002633,P0191,2025-03-01,Customer Changed Mind
T20250138712,P0366,2026-05-03,Damaged
T20250054889,P0338,2025-04-23,Customer Changed Mind
T20250031596,P0464,2025-01-20,Wrong Item
T20250124773,P0353,2025-08-31,Wrong Item
T20260148926,P0101,2026-11-02,Wrong Item
T20260130549,P0484,2025-10-01,Damaged
T20260094699,P0086,2025-11-21,Damaged
T20250084593,P0429,2026-01-25,Wrong Item
T20250106715,P0223,2026-03-03,Customer Changed Mind
T20260148257,P0068,2026-08-16,Customer Changed Mind
T20250126100,P0396,2026-06-11,Customer Changed Mind
T20250059621,P0002,2026-10-30,Damaged
T20260026702,P0394,2026-09-05,Damaged
T20260096133,P0177,2026-11-05,Customer Changed Mind
T20250057687,P0314,2026-04-15,Customer Changed Mind
T20250067977,P0421,2026-02-03,Customer Changed Mind
T20250052508,P0265,2026-03-15,Wrong Item
T20250080778,P0382,2026-09-01,Damaged
T20250015163,P0098,2025-09-23,Damaged
T20250019145,P0497,2026-07-04,Wrong Item
T20260119309,P0448,2025-06-09,Customer Changed Mind
T20250042788,P0145,2026-10-20,Customer Changed Mind
T20250111408,P0356,2026-08-01,Damaged
T20260006522,P0176,2026-10-24,Wrong Item
T20250096024,P0076,2025-10-24,Wrong Item
T20260102766,P0473,2025-12-31,Wrong Item
T20250148789,P0483,2026-08-10,Damaged
T20250036139,P0149,2026-11-14,Customer Changed Mind
T20250014520,P0228,2025-12-28,Wrong Item
T20250111323,P0199,2026-04-28,Damaged
T20260123383,P0500,2026-06-22,Damaged
T20260129089,P0462,2026-10-18,Wrong Item
T20260051476,P0344,2025-03-29,Wrong Item
T20260132715,P0219,2025-07-08,Damaged
T20260087182,P0087,2026-10-21,Customer Changed Mind
T20260074157,P0222,2026-04-27,Damaged
T20260009539,P0345,2026-03-10,Customer Changed Mind
T20250017656,P0008,2025-07-03,Damaged
T20250102848,P0164,2025-10-27,Customer Changed Mind
T20260065769,P0210,2025-03-28,Damaged
T20250027513,P0494,2026-06-06,Wrong Item
T20250090657,P0007,2026-11-26,Customer Changed Mind
T20260090437,P0485,2025-11-07,Wrong Item
T20250080720,P0283,2025-03-05,Wrong Item
T20260061662,P0336,2026-04-29,Wrong Item
T20260014440,P0494,2025-03-17,Damaged
T20250001045,P0173,2026-06-10,Wrong Item
T20260053913,P0131,2026-10-18,Customer Changed Mind
T20260027424,P0398,2025-07-13,Damaged
T20250141972,P0186,2026-06-20,Wrong Item
T20250062277,P0291,2025-10-15,Customer Changed Mind
T20260056497,P0347,2026-08-04,Customer Changed Mind
T20250082213,P0133,2025-09-14,Wrong Item
T20260029721,P0159,2026-10-15,Wrong Item
T20260000599,P0264,2026-01-20,Damaged
T20250024011,P0206,2026-08-11,Customer Changed Mind
T20250108667,P0173,2026-01-24,Damaged
T20250110452,P0235,2025-03-24,Damaged
T20260143333,P0291,2025-01-03,Customer Changed Mind
T20260147573,P0360,2026-01-17,Customer Changed Mind
T20250133840,P0216,2025-11-09,Wrong Item
T20250038162,P0141,2026-03-09,Wrong Item
T20250023564,P0227,2026-06-20,Damaged
T20260135963,P0132,2025-02-13,Customer Changed Mind
T20250127078,P0309,2026-01-24,Damaged
T20260040260,P0291,2025-02-09,Customer Changed Mind
T20250004303,P0160,2025-10-04,Damaged
T20250030319,P0253,2026-09-12,Wrong Item
T20260122890,P0258,2026-04-28,Damaged
T20260139640,P0051,2025-10-15,Damaged
T20250094496,P0430,2025-10-30,Customer Changed Mind
T20260103136,P0452,2026-10-24,Damaged
T20260082023,P0004,2026-05-05,Wrong Item
T20250133163,P0015,2025-09-18,Customer Changed Mind
T20250105321,P0126,2025-07-15,Customer Changed Mind
T20260054591,P0226,2026-09-16,Customer Changed Mind
T20250033343,P0422,2026-09-20,Damaged
T20260055165,P0279,2025-10-24,Customer Changed Mind
T20250070537,P0327,2025-11-30,Wrong Item
T20260030641,P0266,2025-04-12,Customer Changed Mind
T20250009086,P0096,2026-04-29,Damaged
T20260146960,P0374,2025-08-19,Wrong Item
T20250137216,P0206,2025-04-10,Damaged
T20250017911,P0164,2026-09-23,Wrong Item
T20250005297,P0283,2026-06-26,Customer Changed Mind
T20260114301,P0237,2025-10-22,Damaged
T20250132600,P0147,2026-04-10,Damaged
T20250084575,P0020,2025-09-05,Customer Changed Mind
T20250041466,P0200,2025-06-19,Damaged
T20250085523,P0217,2025-01-20,Wrong Item
T20260035354,P0176,2025-09-03,Damaged
T20260115456,P0292,2025-08-08,Customer Changed Mind
T20250039423,P0050,2025-03-09,Customer Changed Mind
T20250026590,P0382,2026-02-04,Customer Changed Mind
T20260116057,P0063,2026-07-16,Customer Changed Mind
T20250126126,P0276,2025-11-12,Wrong Item
T20260143248,P0163,2025-06-27,Customer Changed Mind
T20260113760,P0337,2025-10-18,Damaged
T20250131076,P0490,2025-07-15,Customer Changed Mind
T20250005748,P0333,2025-04-01,Wrong Item
T20260027057,P0442,2025-06-18,Customer Changed Mind
T20260142386,P0491,2025-12-23,Customer Changed Mind
T20250062911,P0419,2025-07-20,Damaged
T20250124597,P0359,2025-11-16,Customer Changed Mind
T20260122474,P0405,2025-05-01,Damaged
T20260020410,P0211,2025-03-20,Customer Changed Mind
T20260132036,P0123,2026-08-09,Wrong Item
T20250147872,P0412,2026-03-13,Customer Changed Mind
T20250081148,P0041,2026-04-10,Wrong Item
T20260056115,P0141,2025-02-28,Wrong Item
T20250062889,P0083,2026-09-01,Wrong Item
T20260087248,P0271,2025-09-11,Customer Changed Mind
T20250009628,P0444,2026-04-24,Wrong Item
T20260028404,P0305,2025-10-31,Wrong Item
T20250112268,P0427,2026-01-12,Customer Changed Mind
T20260123097,P0150,2025-04-10,Wrong Item
T20250145204,P0415,2026-07-21,Wrong Item
T20260109559,P0172,2026-11-30,Damaged
T20260148218,P0309,2025-06-13,Damaged
T20250057493,P0267,2025-04-16,Damaged
T20250056474,P0184,2026-08-13,Wrong Item
T20250047010,P0467,2025-06-19,Wrong Item
T20260062460,P0016,2026-03-13,Customer Changed Mind
T20250043149,P0155,2025-05-16,Wrong Item
T20250094497,P0130,2026-02-02,Damaged
T20260133416,P0102,2025-01-16,Wrong Item
T20250135302,P0289,2025-01-16,Customer Changed Mind
T20260048980,P0422,2026-06-20,Customer Changed Mind
T20250129752,P0456,2025-04-11,Wrong Item
T20260065029,P0016,2025-09-12,Wrong Item
T20260145662,P0077,2026-11-03,Customer Changed Mind
T20250117865,P0401,2026-04-18,Customer Changed Mind
T20260063595,P0199,2026-03-04,Customer Changed Mind
T20260141236,P0406,2025-06-27,Damaged
T20250066565,P0414,2026-03-25,Damaged
T20260089671,P0047,2025-10-27,Customer Changed Mind
T20260110255,P0171,2026-11-09,Customer Changed Mind
T20260122851,P0030,2025-09-18,Wrong Item
T20250070328,P0282,2026-05-30,Wrong Item
T20250058393,P0312,2026-06-10,Wrong Item
T20260008436,P0063,2025-04-02,Wrong Item
T20260058311,P0140,2025-03-04,Customer Changed Mind
T20260069728,P0153,2026-05-13,Customer Changed Mind
T20250148916,P0480,2025-09-06,Damaged
T20260033498,P0070,2026-01-12,Customer Changed Mind
T20260127407,P0093,2025-08-03,Customer Changed Mind
T20260074311,P0492,2026-08-03,Damaged
T20250092418,P0397,2025-09-22,Damaged
T20260110178,P0215,2025-08-30,Damaged
T20250079194,P0382,2025-04-23,Wrong Item
T20250053935,P0398,2026-01-01,Wrong Item
T20250140611,P0475,2025-09-04,Customer Changed Mind
T20250019997,P0441,2025-08-11,Wrong Item
T20250101448,P0292,2025-05-15,Wrong Item
T20260009543,P0215,2025-12-22,Damaged
T20260019984,P0147,2025-01-10,Damaged
T20260112666,P0495,2026-10-15,Damaged
T20250015200,P0267,2026-12-23,Customer Changed Mind
T20260085891,P0085,2026-07-06,Wrong Item
T20260077075,P0093,2026-10-26,Customer Changed Mind
T20260012461,P0305,2026-08-21,Wrong Item
T20250087982,P0025,2026-07-14,Wrong Item
T20260098508,P0294,2026-08-11,Damaged
T20260073693,P0387,2026-07-08,Damaged
T20250020880,P0407,2026-01-10,Damaged
T20250097979,P0153,2025-08-15,Customer Changed Mind
T20250030856,P0063,2026-01-12,Wrong Item
T20260012078,P0225,2025-05-08,Damaged
T20250087753,P0363,2025-12-08,Damaged
T20260016066,P0158,2025-12-31,Wrong Item
T20260037735,P0088,2025-04-18,Customer Changed Mind
T20250020429,P0469,2026-07-08,Customer Changed Mind
T20250116925,P0230,2025-09-18,Customer Changed Mind
T20250111941,P0099,2026-06-02,Customer Changed Mind
T20260070089,P0100,2026-12-11,Wrong Item
T20250071406,P0199,2026-06-30,Wrong Item
T20250014285,P0396,2025-03-29,Customer Changed Mind
T20260061360,P0182,2026-08-04,Damaged
T20250061205,P0313,2025-09-20,Wrong Item
T20260013908,P0276,2025-05-02,Damaged
T20250012581,P0357,2026-01-15,Customer Changed Mind
T20250032892,P0454,2026-01-25,Damaged
T20260078795,P0205,2025-10-11,Damaged
T20260045156,P0396,2026-07-03,Customer Changed Mind
T20250032936,P0471,2025-04-09,Wrong Item
T20250029484,P0141,2026-01-28,Wrong Item
T20250058344,P0017,2025-10-23,Damaged
T20250007355,P0241,2026-05-23,Wrong Item
T20250138191,P0371,2026-05-12,Damaged
T20260027368,P0130,2025-10-08,Damaged
T20250031339,P0087,2025-05-18,Wrong Item
T20260113855,P0157,2026-05-18,Wrong Item
T20260090760,P0191,2025-01-23,Customer Changed Mind
T20250062225,P0282,2026-09-18,Damaged
T20260073854,P0329,2026-09-17,Damaged
T20250083809,P0001,2026-11-14,Wrong Item
T20260057516,P0409,2025-11-28,Wrong Item
T20260008356,P0186,2026-04-06,Damaged
T20250121197,P0370,2026-08-02,Wrong Item
T20250079746,P0043,2026-07-05,Wrong Item
T20250044450,P0423,2025-07-28,Customer Changed Mind
T20250138659,P0169,2026-03-27,Wrong Item
T20260125242,P0023,2026-04-02,Damaged
T20260013733,P0365,2026-11-12,Customer Changed Mind
T20260059902,P0493,2026-05-04,Damaged
T20250024101,P0171,2026-04-29,Wrong Item
T20250105216,P0253,2026-03-02,Wrong Item
T20250043254,P0144,2026-07-21,Customer Changed Mind
T20260094147,P0394,2026-03-17,Wrong Item
T20260058377,P0209,2026-05-06,Damaged
T20260000199,P0446,2026-02-01,Customer Changed Mind
T20250068761,P0227,2026-03-30,Customer Changed Mind
T20250085378,P0204,2025-06-19,Damaged
T20260034386,P0465,2026-12-16,Customer Changed Mind
T20250013571,P0128,2025-01-11,Damaged
T20250089183,P0495,2026-01-03,Customer Changed Mind
T20250040861,P0287,2026-12-13,Damaged
T20260124751,P0304,2025-10-22,Wrong Item
T20250127116,P0392,2026-09-07,Customer Changed Mind
T20250134943,P0454,2026-10-03,Customer Changed Mind
T20250013622,P0447,2026-12-12,Customer Changed Mind
T20250115315,P0271,2025-09-27,Wrong Item
T20250037288,P0434,2026-11-13,Damaged
T20250099211,P0493,2026-10-01,Wrong Item
T20260076216,P0492,2025-03-16,Customer Changed Mind
T20250115306,P0077,2025-06-24,Damaged
T20250000517,P0139,2026-01-12,Wrong Item
T20260138082,P0110,2026-09-05,Customer Changed Mind
T20250045889,P0263,2025-02-09,Customer Changed Mind
T20260103794,P0038,2025-07-02,Damaged
T20250090984,P0348,2025-01-31,Wrong Item
T20260092105,P0392,2025-11-24,Customer Changed Mind
T20260114529,P0149,2026-09-07,Customer Changed Mind
T20260103624,P0372,2026-05-13,Wrong Item
T20260149803,P0381,2025-11-09,Damaged
T20250089019,P0166,2026-07-24,Damaged
T20250033006,P0071,2026-12-25,Wrong Item
T20250071145,P0300,2026-02-22,Wrong Item
T20250072648,P0056,2025-11-03,Wrong Item
T20250126329,P0005,2026-12-31,Customer Changed Mind
T20250115199,P0058,2025-03-07,Damaged
T20250022702,P0430,2025-11-26,Damaged
T20260034807,P0329,2025-04-22,Wrong Item
T20260112337,P0398,2026-05-27,Customer Changed Mind
T20250070169,P0270,2025-12-25,Customer Changed Mind
T20260026901,P0030,2025-11-10,Wrong Item
T20250124537,P0260,2026-02-08,Wrong Item
T20250107621,P0496,2026-06-16,Wrong Item
T20260038410,P0368,2026-07-16,Customer Changed Mind
T20250149459,P0327,2026-07-19,Customer Changed Mind
T20260034524,P0139,2025-11-30,Customer Changed Mind
T20250066460,P0420,2026-12-18,Customer Changed Mind
T20260067088,P0018,2025-12-03,Customer Changed Mind
T20260027005,P0396,2025-04-19,Wrong Item
T20250110606,P0498,2025-07-06,Customer Changed Mind
T20260075352,P0350,2026-09-06,Wrong Item
T20260007528,P0469,2026-10-20,Customer Changed Mind
T20250061006,P0175,2026-01-16,Damaged
T20250070713,P0290,2025-05-15,Damaged
T20260106592,P0171,2026-01-04,Damaged
T20250083492,P0375,2025-07-24,Wrong Item
T20260103416,P0097,2026-02-02,Wrong Item
T20260045310,P0300,2025-10-25,Customer Changed Mind
T20250031974,P0106,2025-11-07,Damaged
T20260146770,P0349,2025-04-24,Damaged
T20260102346,P0268,2025-07-01,Damaged
T20250138708,P0208,2026-12-11,Customer Changed Mind
T20260020364,P0027,2026-10-30,Damaged
T20250091843,P0248,2026-04-14,Damaged
T20260093669,P0233,2026-02-22,Customer Changed Mind
T20250087845,P0002,2025-04-02,Damaged
T20260016138,P0351,2026-12-05,Damaged
T20260110296,P0113,2026-09-05,Damaged
T20260011184,P0057,2026-03-25,Damaged
T20260110970,P0464,2026-03-13,Customer Changed Mind
T20250046709,P0231,2025-08-03,Wrong Item
T20260012665,P0169,2026-10-28,Damaged
T20250107140,P0287,2026-02-12,Wrong Item
T20260059795,P0004,2025-06-24,Damaged
T20250113140,P0083,2026-07-11,Customer Changed Mind
T20260070024,P0013,2025-06-30,Damaged
T20250113915,P0277,2025-08-19,Damaged
T20260089616,P0142,2026-05-12,Wrong Item
T20260093249,P0090,2025-07-01,Damaged
T20260139388,P0457,2025-12-01,Customer Changed Mind
T20260055837,P0470,2026-04-20,Wrong Item
T20260023210,P0044,2026-10-04,Wrong Item
T20260032002,P0162,2025-12-20,Customer Changed Mind
T20250064452,P0363,2025-06-19,Customer Changed Mind
T20260030522,P0133,2025-12-04,Damaged
T20260149901,P0432,2026-10-13,Damaged
T20250017383,P0445,2026-02-03,Customer Changed Mind
T20260088081,P0258,2026-05-21,Customer Changed Mind
T20260059069,P0057,2026-07-16,Customer Changed Mind
T20260125218,P0331,2025-10-13,Customer Changed Mind
T20250103479,P0006,2025-02-25,Damaged
T20260144218,P0394,2026-09-07,Damaged
T20260106702,P0429,2026-12-31,Wrong Item
T20260121954,P0258,2026-06-19,Damaged
T20260098129,P0455,2025-03-09,Customer Changed Mind
T20260123451,P0062,2025-10-14,Damaged
T20260041777,P0245,2026-07-26,Damaged
T20260142082,P0204,2026-08-02,Customer Changed Mind
T20250103214,P0403,2026-07-13,Damaged
T20260006159,P0262,2026-03-12,Customer Changed Mind
T20260037952,P0319,2025-01-02,Customer Changed Mind
T20260147339,P0366,2026-01-05,Wrong Item
T20260148587,P0019,2025-03-22,Damaged
T20260008129,P0102,2025-08-26,Customer Changed Mind
T20250127628,P0292,2026-03-12,Customer Changed Mind
T20260066339,P0100,2026-04-13,Customer Changed Mind
T20260017621,P0127,2025-08-01,Customer Changed Mind
T20260148487,P0260,2025-07-12,Customer Changed Mind
T20260108437,P0274,2026-04-04,Damaged
T20260103984,P0003,2025-10-08,Wrong Item
T20250074626,P0217,2026-06-02,Wrong Item
T20250100045,P0446,2025-05-28,Customer Changed Mind
T20260071937,P0356,2026-08-03,Wrong Item
T20250137942,P0126,2025-05-21,Customer Changed Mind
T20260038555,P0389,2026-02-07,Customer Changed Mind
T20260099747,P0202,2026-01-13,Customer Changed Mind
T20260105731,P0234,2026-03-10,Wrong Item
T20250011525,P0412,2025-11-03,Customer Changed Mind
T20250102525,P0430,2025-10-11,Wrong Item
T20260063307,P0095,2025-07-13,Damaged
T20250119384,P0074,2026-09-25,Customer Changed Mind
T20260112635,P0328,2025-02-19,Damaged
T20260116943,P0056,2026-12-16,Damaged
T20260099673,P0300,2026-11-30,Wrong Item
T20250075158,P0461,2026-02-09,Damaged
T20250079044,P0064,2026-08-28,Damaged
T20260078555,P0435,2026-11-14,Wrong Item
T20260021116,P0100,2025-09-04,Wrong Item
T20250082130,P0192,2026-09-30,Customer Changed Mind
T20250068461,P0318,2026-05-06,Wrong Item
T20250080795,P0440,2026-03-21,Wrong Item
T20250025889,P0039,2025-12-16,Damaged
T20250090142,P0294,2025-12-26,Customer Changed Mind
T20260095111,P0274,2026-04-19,Damaged
T20260132869,P0063,2026-02-08,Damaged
T20260101530,P0081,2026-09-09,Customer Changed Mind
T20250055874,P0373,2025-10-01,Wrong Item
T20250084587,P0224,2026-07-17,Damaged
T20260031437,P0315,2025-12-07,Damaged
T20250057760,P0452,2026-02-21,Customer Changed Mind
T20260024664,P0436,2026-10-26,Customer Changed Mind
T20260043872,P0434,2025-07-11,Wrong Item
T20250017476,P0091,2026-10-13,Wrong Item
T20250122401,P0131,2026-05-11,Wrong Item
T20250147068,P0200,2025-02-20,Wrong Item
T20260052151,P0292,2025-05-06,Wrong Item
T20250067810,P0256,2025-04-18,Damaged
T20250015643,P0265,2026-04-16,Wrong Item
T20250011193,P0264,2026-03-19,Wrong Item
T20260016260,P0492,2025-08-26,Customer Changed Mind
T20260083370,P0482,2025-10-30,Damaged
T20260054253,P0440,2025-03-23,Damaged
T20260001523,P0149,2025-01-20,Wrong Item
T20250055032,P0101,2026-11-21,Damaged
T20260098165,P0190,2026-09-25,Customer Changed Mind
T20260128737,P0128,2025-12-29,Customer Changed Mind
T20250053049,P0326,2025-05-22,Customer Changed Mind
T20260059440,P0240,2025-01-27,Wrong Item
T20260013675,P0314,2025-08-30,Wrong Item
T20260000460,P0435,2025-05-16,Wrong Item
T20260058814,P0219,2026-05-03,Damaged
T20250123779,P0119,2025-10-17,Damaged
T20260117168,P0499,2025-10-23,Customer Changed Mind
T20250066111,P0275,2026-03-15,Customer Changed Mind
T20260108545,P0002,2026-09-27,Wrong Item
T20260044195,P0387,2025-12-23,Damaged
T20250119759,P0357,2025-06-08,Customer Changed Mind
T20250064256,P0277,2026-03-14,Customer Changed Mind
T20260008386,P0423,2025-01-21,Damaged
T20250063090,P0169,2025-11-03,Wrong Item
T20260138782,P0203,2025-04-14,Customer Changed Mind
T20250081188,P0233,2026-08-17,Damaged
T20250081666,P0498,2026-04-17,Customer Changed Mind
T20250018816,P0431,2026-08-23,Customer Changed Mind
T20250095120,P0151,2026-09-27,Wrong Item
T20260133289,P0028,2026-11-23,Customer Changed Mind
T20260018002,P0131,2025-07-06,Wrong Item
T20260020829,P0269,2026-02-03,Damaged
T20250040991,P0225,2025-01-05,Customer Changed Mind
T20260008888,P0326,2025-06-14,Damaged
T20250148914,P0216,2025-03-27,Customer Changed Mind
T20250143200,P0236,2026-07-28,Customer Changed Mind
T20250111108,P0449,2026-06-08,Customer Changed Mind
T20250145231,P0209,2025-02-17,Wrong Item
T20260128218,P0115,2025-07-08,Customer Changed Mind
T20260037244,P0409,2026-02-24,Damaged
T20250016989,P0224,2026-08-04,Customer Changed Mind
T20250017120,P0400,2026-07-26,Customer Changed Mind
T20250133236,P0420,2026-03-19,Damaged
T20250013387,P0305,2025-04-05,Wrong Item
T20250012028,P0346,2025-04-07,Damaged
T20260015255,P0433,2026-09-21,Wrong Item
T20260145353,P0454,2025-02-06,Wrong Item
T20260007992,P0256,2026-07-18,Customer Changed Mind
T20260123889,P0198,2026-04-11,Damaged
T20260021010,P0276,2025-12-29,Customer Changed Mind
T20260115098,P0418,2026-11-03,Customer Changed Mind
T20260032415,P0425,2025-12-18,Damaged
T20260011571,P0458,2025-03-10,Damaged
T20260090918,P0194,2026-02-23,Damaged
T20260113667,P0254,2025-02-14,Wrong Item
T20260068196,P0492,2025-07-04,Customer Changed Mind
T20260138520,P0119,2025-06-26,Customer Changed Mind
T20260101945,P0483,2026-12-01,Wrong Item
T20250056055,P0301,2026-09-25,Wrong Item
T20250071595,P0290,2025-12-31,Customer Changed Mind
T20260049456,P0180,2025-02-08,Customer Changed Mind
T20260147031,P0154,2025-01-25,Wrong Item
T20250122461,P0182,2025-11-07,Customer Changed Mind
T20260015318,P0435,2026-03-23,Damaged
T20250061419,P0071,2026-04-18,Wrong Item
T20260012242,P0125,2026-10-12,Damaged
T20250071320,P0346,2025-10-04,Damaged
T20250012619,P0096,2025-07-13,Damaged
T20250051709,P0335,2026-10-11,Customer Changed Mind
T20250099237,P0415,2025-07-30,Customer Changed Mind
T20260074736,P0301,2026-04-01,Customer Changed Mind
T20260144637,P0160,2025-10-25,Customer Changed Mind
T20260120483,P0337,2025-09-29,Damaged
T20260061065,P0344,2026-03-27,Customer Changed Mind
T20260034864,P0316,2026-04-13,Damaged
T20260037688,P0327,2026-06-18,Damaged
T20260012588,P0402,2026-04-22,Wrong Item
T20260114401,P0190,2025-04-07,Damaged
T20250006876,P0412,2026-01-07,Customer Changed Mind
T20260124534,P0304,2025-08-14,Damaged
T20250091771,P0109,2026-11-28,Customer Changed Mind
T20260111276,P0371,2026-10-22,Damaged
T20260002432,P0061,2025-07-30,Customer Changed Mind
T20250090109,P0481,2025-04-28,Customer Changed Mind
T20250017641,P0496,2025-12-16,Damaged
T20260034427,P0295,2026-08-30,Wrong Item
T20250128601,P0015,2025-03-23,Wrong Item
T20260042562,P0099,2025-12-05,Wrong Item
T20260119926,P0127,2026-12-18,Damaged
T20250000142,P0232,2025-01-26,Wrong Item
T20250056522,P0263,2026-08-31,Customer Changed Mind
T20250025111,P0052,2025-03-18,Damaged
T20250021733,P0431,2026-04-22,Customer Changed Mind
T20250084158,P0236,2025-05-29,Wrong Item
T20260148288,P0416,2025-06-21,Wrong Item
T20250134190,P0102,2025-09-04,Wrong Item
T20250020915,P0319,2025-03-14,Customer Changed Mind
T20250085173,P0266,2026-10-11,Wrong Item
T20250031717,P0274,2025-09-18,Wrong Item
T20250122051,P0321,2025-11-30,Damaged
T20260031281,P0035,2025-08-14,Wrong Item
T20260043901,P0473,2026-09-16,Damaged
T20250047066,P0419,2025-12-07,Customer Changed Mind
T20260034378,P0232,2026-06-28,Customer Changed Mind
T20260012297,P0010,2025-04-12,Customer Changed Mind
T20260051185,P0248,2025-08-25,Damaged
T20250011873,P0070,2026-02-24,Wrong Item
T20250044814,P0315,2025-10-30,Customer Changed Mind
T20250073862,P0174,2026-09-18,Damaged
T20260095642,P0328,2025-11-06,Wrong Item
T20250040645,P0332,2026-09-04,Wrong Item
T20250085512,P0061,2025-05-15,Wrong Item
T20250070915,P0163,2026-12-04,Wrong Item
T20250078164,P0423,2025-05-27,Damaged
T20260012968,P0202,2026-09-09,Damaged
T20250001836,P0154,2025-09-02,Wrong Item
T20260134468,P0378,2026-05-03,Customer Changed Mind
T20250146330,P0383,2026-11-19,Damaged
T20260138862,P0302,2025-02-19,Customer Changed Mind
T20250077410,P0121,2025-02-18,Damaged
T20260036822,P0181,2026-03-16,Damaged
T20260011867,P0020,2026-12-26,Damaged
T20260078520,P0288,2025-09-27,Customer Changed Mind
T20250094304,P0023,2026-11-25,Wrong Item
T20250069799,P0480,2026-06-03,Damaged
T20260078864,P0028,2025-11-11,Wrong Item
T20250019077,P0498,2025-08-31,Wrong Item
T20250013649,P0486,2026-08-14,Damaged
T20250090773,P0397,2026-06-21,Customer Changed Mind
T20260054638,P0180,2026-01-19,Damaged
T20260072162,P0297,2025-02-20,Wrong Item
T20260075493,P0305,2026-05-30,Wrong Item
T20250051420,P0329,2025-09-09,Wrong Item
T20250092046,P0482,2026-09-08,Damaged
T20260102589,P0022,2025-01-04,Customer Changed Mind
T20250078424,P0149,2025-07-18,Customer Changed Mind
T20260091168,P0102,2025-11-05,Wrong Item
T20260102829,P0175,2026-06-15,Wrong Item
T20260002357,P0100,2025-05-06,Damaged
T20250141847,P0403,2026-05-31,Damaged
T20250006130,P0193,2025-01-17,Wrong Item
T20260067889,P0023,2025-09-15,Customer Changed Mind
T20250127436,P0204,2026-12-12,Damaged
T20260066551,P0194,2025-12-28,Customer Changed Mind
T20260135774,P0074,2026-11-15,Damaged
T20260006711,P0366,2025-01-08,Wrong Item
T20250100362,P0202,2025-11-11,Customer Changed Mind
T20260050794,P0370,2026-01-16,Damaged
T20260072256,P0242,2026-07-10,Customer Changed Mind
T20260111067,P0497,2026-08-15,Wrong Item
T20260011835,P0179,2025-02-04,Customer Changed Mind
T20250020372,P0339,2026-03-25,Damaged
T20260088095,P0493,2025-02-17,Customer Changed Mind
T20250099984,P0342,2026-02-22,Damaged
T20260141792,P0129,2025-08-16,Wrong Item
T20250007707,P0136,2026-09-16,Wrong Item
T20250131637,P0182,2026-12-28,Damaged
T20260046055,P0175,2025-06-19,Damaged
T20260055864,P0349,2026-02-17,Damaged
T20250069559,P0176,2026-12-29,Wrong Item
T20260054777,P0284,2025-03-14,Customer Changed Mind
T20260064671,P0406,2025-07-29,Damaged
T20250027021,P0119,2026-11-28,Wrong Item
T20260122799,P0484,2026-06-13,Damaged
T20250027067,P0021,2025-07-05,Damaged
T20260131999,P0385,2025-09-10,Damaged
T20260088379,P0170,2025-01-08,Damaged
T20260052290,P0237,2026-10-30,Damaged
T20250042003,P0035,2025-09-07,Damaged
T20260083732,P0479,2025-02-10,Customer Changed Mind
T20250146401,P0435,2026-02-28,Damaged
T20260096870,P0406,2026-04-20,Customer Changed Mind
T20250073586,P0408,2025-06-16,Damaged
T20260095367,P0364,2026-05-19,Damaged
T20260107197,P0011,2026-06-25,Damaged
T20260110152,P0066,2026-06-05,Damaged
T20260006293,P0006,2025-06-10,Damaged
T20260137341,P0205,2025-11-06,Damaged
T20260055579,P0075,2026-06-02,Customer Changed Mind
T20250073326,P0078,2026-04-12,Wrong Item
T20250012936,P0155,2025-11-11,Customer Changed Mind
T20260141239,P0295,2025-08-08,Customer Changed Mind
T20260040933,P0496,2025-05-24,Wrong Item
T20250137229,P0269,2026-12-14,Wrong Item
T20250003019,P0117,2026-10-21,Damaged
T20250042121,P0439,2025-04-22,Wrong Item
T20250081562,P0224,2025-01-26,Damaged
T20260098981,P0487,2026-08-15,Damaged
T20260073713,P0050,2026-04-18,Customer Changed Mind
T20250123164,P0436,2025-02-21,Customer Changed Mind
T20260096675,P0233,2026-06-10,Damaged
T20260000936,P0318,2026-10-16,Damaged
T20260126254,P0298,2025-02-27,Damaged
T20250041492,P0214,2026-06-20,Damaged
T20260100818,P0480,2025-12-07,Customer Changed Mind
T20250097854,P0224,2026-12-10,Damaged
T20260091344,P0114,2026-02-27,Damaged
T20250037333,P0288,2025-10-10,Wrong Item
T20250094929,P0333,2026-03-18,Customer Changed Mind
T20250035710,P0485,2026-02-27,Damaged
T20250091030,P0079,2026-12-19,Wrong Item
T20250131938,P0134,2025-10-31,Wrong Item
T20250036876,P0294,2026-07-17,Damaged
T20250111515,P0334,2026-06-23,Wrong Item
T20260087840,P0481,2026-05-05,Customer Changed Mind
T20250021342,P0261,2025-11-10,Customer Changed Mind
T20260003228,P0062,2025-07-04,Wrong Item
T20250044654,P0274,2025-12-11,Customer Changed Mind
T20260089435,P0346,2025-03-17,Wrong Item
T20260108266,P0065,2025-10-12,Wrong Item
T20260093063,P0326,2026-03-09,Damaged
T20260087379,P0068,2025-12-10,Customer Changed Mind
T20250069376,P0339,2026-08-11,Customer Changed Mind
T20250007570,P0266,2026-10-11,Wrong Item
T20250028667,P0240,2026-02-11,Customer Changed Mind
T20250011783,P0040,2025-08-31,Wrong Item
T20260062140,P0338,2025-05-08,Damaged
T20250014542,P0065,2026-01-22,Wrong Item
T20260046056,P0053,2025-07-18,Customer Changed Mind
T20260103513,P0445,2026-05-26,Damaged
T20260139395,P0432,2025-11-04,Customer Changed Mind
T20260084636,P0072,2026-08-11,Damaged
T20260011277,P0155,2025-02-10,Wrong Item
T20260002304,P0072,2026-12-11,Customer Changed Mind
T20260016481,P0200,2026-05-16,Customer Changed Mind
T20250013717,P0171,2026-07-03,Damaged
T20260099398,P0078,2025-04-07,Damaged
T20260137952,P0352,2026-03-11,Customer Changed Mind
T20250082049,P0459,2026-06-28,Customer Changed Mind
T20250098173,P0211,2026-05-15,Damaged
T20250087106,P0330,2025-08-04,Wrong Item
T20250018518,P0354,2026-02-15,Damaged
T20250010256,P0258,2026-12-30,Customer Changed Mind
T20250085759,P0210,2025-03-27,Damaged
T20260110562,P0014,2026-12-15,Wrong Item
T20250031940,P0476,2025-07-12,Wrong Item
T20250116809,P0301,2026-10-22,Damaged
T20250082097,P0331,2025-02-04,Damaged
T20260124154,P0124,2026-09-27,Damaged
T20250128805,P0253,2026-04-11,Wrong Item
T20250117711,P0064,2025-06-14,Damaged
T20260031194,P0439,2026-07-23,Damaged
T20250075926,P0237,2026-01-18,Damaged
T20250052093,P0437,2025-11-07,Wrong Item
T20250065440,P0169,2026-07-06,Wrong Item
T20250113425,P0088,2025-09-29,Customer Changed Mind
T20260070882,P0113,2026-12-15,Wrong Item
T20250060508,P0271,2025-10-21,Customer Changed Mind
T20260032196,P0471,2026-04-01,Customer Changed Mind
T20250145370,P0130,2025-03-18,Damaged
T20260057770,P0379,2026-11-18,Damaged
T20260114524,P0013,2025-09-10,Customer Changed Mind
T20250092712,P0259,2025-08-01,Customer Changed Mind
T20250006054,P0264,2026-11-29,Damaged
T20260136850,P0266,2026-08-28,Customer Changed Mind
T20250080348,P0274,2026-02-02,Customer Changed Mind
T20250049306,P0233,2025-12-07,Customer Changed Mind
T20250145135,P0155,2026-07-11,Customer Changed Mind
T20260108102,P0381,2026-01-28,Damaged
T20260049895,P0142,2025-05-23,Damaged
T20250147376,P0235,2025-01-13,Wrong Item
T20250020846,P0030,2026-05-14,Customer Changed Mind
T20260040058,P0382,2026-09-05,Wrong Item
T20250080696,P0264,2025-12-24,Wrong Item
T20250085664,P0296,2026-02-12,Customer Changed Mind
T20260100167,P0154,2025-04-22,Wrong Item
T20250043754,P0313,2025-06-27,Damaged
T20260138657,P0180,2026-06-24,Damaged
T20260007123,P0131,2026-01-17,Damaged
T20250115730,P0412,2026-07-03,Customer Changed Mind
T20250098615,P0143,2026-01-28,Customer Changed Mind
T20250113642,P0157,2025-12-14,Wrong Item
T20260015690,P0118,2026-08-15,Damaged
T20260104386,P0414,2026-07-18,Damaged
T20260121903,P0414,2026-12-25,Damaged
T20250063188,P0333,2025-03-10,Wrong Item
T20250128570,P0354,2025-09-07,Damaged
T20260051521,P0160,2026-09-21,Wrong Item
T20250007845,P0363,2026-11-19,Wrong Item
T20250090797,P0151,2025-04-21,Customer Changed Mind
T20260059548,P0145,2025-08-08,Damaged
T20250107953,P0367,2025-09-09,Customer Changed Mind
T20250136381,P0282,2026-07-28,Damaged
T20260142412,P0357,2026-11-14,Customer Changed Mind
T20250004168,P0173,2026-06-06,Wrong Item
T20260063547,P0340,2025-02-05,Customer Changed Mind
T20250067624,P0464,2025-10-25,Damaged
T20250040471,P0069,2026-10-26,Customer Changed Mind
T20250060761,P0338,2026-09-29,Customer Changed Mind
T20250145318,P0324,2026-10-14,Wrong Item
T20250012640,P0466,2026-10-25,Damaged
T20250065448,P0112,2025-04-20,Wrong Item
T20250149998,P0186,2026-06-27,Damaged
T20260047758,P0412,2026-06-08,Damaged
T20260050319,P0096,2026-04-01,Damaged
T20250146650,P0203,2025-08-10,Customer Changed Mind
T20260116248,P0421,2025-11-30,Damaged
T20250049925,P0083,2025-07-19,Customer Changed Mind
T20250133953,P0049,2025-06-15,Customer Changed Mind
T20260138088,P0475,2026-04-01,Wrong Item
T20260073621,P0053,2025-10-14,Customer Changed Mind
T20260130665,P0072,2026-03-10,Wrong Item
T20250042459,P0098,2025-07-12,Customer Changed Mind
T20250086249,P0417,2026-06-19,Customer Changed Mind
T20250139941,P0264,2025-01-25,Wrong Item
T20250126575,P0474,2025-07-13,Wrong Item
T20250024712,P0095,2026-09-14,Customer Changed Mind
T20260033913,P0442,2026-12-01,Damaged
T20250000128,P0161,2025-10-02,Wrong Item
T20250148661,P0172,2026-08-24,Customer Changed Mind
T20250093640,P0233,2026-08-08,Damaged
T20260080528,P0063,2025-06-02,Damaged
T20260079862,P0122,2025-06-16,Wrong Item
T20260081580,P0218,2026-11-21,Customer Changed Mind
T20250129880,P0331,2026-10-08,Wrong Item
T20250002448,P0196,2025-05-05,Wrong Item
T20250146076,P0183,2025-01-01,Wrong Item
T20250094765,P0386,2026-09-20,Customer Changed Mind
T20250043880,P0112,2026-01-17,Wrong Item
T20250054375,P0283,2025-05-02,Customer Changed Mind
T20260066588,P0464,2026-05-12,Customer Changed Mind
T20250090532,P0394,2026-01-26,Wrong Item
T20260006010,P0191,2025-07-02,Wrong Item
T20250046119,P0084,2025-04-07,Wrong Item
T20260000136,P0020,2025-12-12,Damaged
T20250071000,P0352,2026-04-20,Wrong Item
T20250112435,P0179,2026-02-19,Damaged
T20250080023,P0302,2026-03-02,Customer Changed Mind
T20250142973,P0424,2025-12-28,Customer Changed Mind
T20250093517,P0248,2025-07-22,Wrong Item
T20250114554,P0156,2025-01-31,Damaged
T20260008627,P0324,2026-02-27,Damaged
T20250146406,P0111,2026-09-12,Customer Changed Mind
T20250125558,P0308,2026-09-24,Damaged
T20260092666,P0015,2025-11-18,Wrong Item
T20260033832,P0072,2026-09-20,Customer Changed Mind
T20250145536,P0015,2026-01-09,Damaged
T20250052972,P0028,2025-07-31,Customer Changed Mind
T20260112549,P0466,2025-05-12,Wrong Item
T20260117060,P0228,2025-02-08,Damaged
T20260075837,P0381,2026-06-18,Customer Changed Mind
T20250079041,P0451,2026-03-10,Customer Changed Mind
T20260041573,P0403,2025-08-20,Damaged
T20250107557,P0147,2026-11-01,Wrong Item
T20250117243,P0460,2026-08-25,Damaged
T20250083965,P0178,2025-06-14,Wrong Item
T20260001846,P0059,2025-06-28,Damaged
T20260070883,P0487,2026-11-06,Damaged
T20250005604,P0142,2026-10-13,Wrong Item
T20260023132,P0230,2026-10-13,Damaged
T20260074720,P0242,2025-11-18,Damaged
T20250065615,P0303,2025-11-13,Customer Changed Mind
T20250046570,P0494,2026-08-18,Customer Changed Mind
T20250118380,P0430,2026-09-28,Wrong Item
T20260096327,P0488,2025-06-29,Wrong Item
T20250105766,P0130,2025-08-07,Damaged
T20260131026,P0063,2025-02-02,Customer Changed Mind
T20260129111,P0473,2025-12-04,Wrong Item
T20260122715,P0350,2026-03-09,Damaged
T20260135986,P0147,2026-08-14,Wrong Item
T20250144735,P0479,2025-01-24,Wrong Item
T20260141820,P0449,2026-08-28,Customer Changed Mind
T20250137573,P0383,2026-02-21,Damaged
T20250087737,P0009,2025-11-22,Customer Changed Mind
T20260000894,P0172,2025-07-25,Wrong Item
T20250024436,P0253,2026-08-07,Customer Changed Mind
T20260054384,P0062,2025-02-01,Customer Changed Mind
T20260149028,P0242,2026-11-29,Damaged
T20260093057,P0081,2026-02-19,Damaged
T20250114799,P0350,2025-11-08,Customer Changed Mind
T20250072357,P0164,2026-03-04,Customer Changed Mind
T20260118104,P0216,2026-12-12,Damaged
T20260030137,P0077,2026-07-14,Damaged
T20260063388,P0301,2026-11-20,Customer Changed Mind
T20250002685,P0450,2026-01-25,Wrong Item
T20250135135,P0366,2026-02-09,Wrong Item
T20250092327,P0408,2026-07-27,Damaged
T20250004095,P0049,2025-07-14,Wrong Item
T20250002045,P0120,2026-08-24,Wrong Item
T20260093334,P0289,2026-10-25,Customer Changed Mind
T20260070147,P0254,2025-11-20,Customer Changed Mind
T20260132437,P0411,2026-07-12,Damaged
T20250008752,P0126,2026-10-07,Damaged
T20260041884,P0137,2026-03-11,Wrong Item
T20260087561,P0196,2026-09-04,Customer Changed Mind
T20260145922,P0097,2026-07-25,Wrong Item
T20260124156,P0055,2026-06-07,Wrong Item
T20250149551,P0243,2025-12-22,Damaged
T20250081946,P0229,2025-02-17,Wrong Item
T20260117426,P0374,2025-03-06,Customer Changed Mind
T20260019182,P0291,2025-11-01,Customer Changed Mind
T20250143070,P0428,2026-04-22,Damaged
T20250038477,P0074,2026-05-24,Wrong Item
T20250147347,P0464,2026-06-15,Wrong Item
T20250029970,P0420,2026-12-16,Customer Changed Mind
T20250145411,P0092,2026-02-19,Customer Changed Mind
T20260098474,P0047,2026-09-10,Customer Changed Mind
T20250083431,P0312,2025-12-18,Wrong Item
T20250068221,P0466,2026-08-28,Customer Changed Mind
T20250131905,P0045,2025-12-11,Customer Changed Mind
T20250044318,P0341,2026-05-19,Customer Changed Mind
T20250037829,P0401,2026-03-10,Wrong Item
T20260041926,P0324,2026-09-04,Damaged
T20260120990,P0228,2025-12-03,Customer Changed Mind
T20250020762,P0380,2025-06-03,Wrong Item
T20260044986,P0161,2025-06-12,Wrong Item
T20250137315,P0489,2025-07-07,Wrong Item
T20260092069,P0027,2026-05-31,Damaged
T20250004891,P0494,2025-07-10,Customer Changed Mind
T20250007794,P0014,2026-10-05,Wrong Item
T20260045316,P0272,2026-05-05,Customer Changed Mind
T20250049816,P0112,2025-06-09,Damaged
T20250140169,P0031,2026-07-15,Wrong Item
T20260079547,P0390,2026-10-20,Damaged
T20260062818,P0149,2025-08-30,Damaged
T20260013738,P0334,2026-05-06,Wrong Item
T20250073624,P0491,2025-10-23,Damaged
T20250103234,P0115,2025-07-13,Damaged
T20260146870,P0348,2026-03-30,Wrong Item
T20260131568,P0369,2025-08-02,Customer Changed Mind
T20250073587,P0331,2025-08-04,Customer Changed Mind
T20260034389,P0192,2026-10-12,Wrong Item
T20250125453,P0477,2026-09-08,Wrong Item
T20250027363,P0463,2025-04-28,Customer Changed Mind
T20250101880,P0194,2025-05-29,Customer Changed Mind
T20250049961,P0490,2026-08-04,Customer Changed Mind
T20260043245,P0142,2025-09-23,Damaged
T20260084860,P0212,2026-07-05,Damaged
T20250126881,P0042,2026-06-19,Customer Changed Mind
T20260127771,P0028,2026-11-24,Customer Changed Mind
T20260032520,P0315,2026-06-09,Damaged
T20250068330,P0060,2025-11-09,Customer Changed Mind
T20250110471,P0298,2026-03-28,Damaged
T20250117435,P0434,2026-02-22,Wrong Item
T20250073324,P0498,2025-10-28,Wrong Item
T20250078010,P0089,2025-09-13,Customer Changed Mind
T20260115543,P0384,2025-08-27,Customer Changed Mind
T20250121016,P0344,2026-04-20,Damaged
T20260086900,P0343,2025-11-10,Damaged
T20250077558,P0129,2026-05-09,Damaged
T20260045674,P0287,2025-09-28,Customer Changed Mind
T20260104676,P0122,2025-01-20,Customer Changed Mind
T20250120007,P0019,2026-12-05,Customer Changed Mind
T20260143337,P0477,2025-02-12,Damaged
T20250056819,P0022,2026-09-18,Customer Changed Mind
T20260027392,P0422,2025-07-26,Wrong Item
T20250071249,P0385,2025-05-03,Customer Changed Mind
T20260084598,P0474,2026-10-01,Customer Changed Mind
T20250093419,P0154,2025-10-06,Damaged
T20250097866,P0276,2025-02-15,Damaged
T20250088391,P0207,2026-01-18,Customer Changed Mind
T20250030302,P0461,2026-04-27,Damaged
T20250011098,P0430,2026-11-02,Customer Changed Mind
T20260005498,P0325,2026-10-10,Customer Changed Mind
T20260091662,P0078,2026-01-01,Damaged
T20260005275,P0483,2025-06-25,Customer Changed Mind
T20260086846,P0435,2026-08-05,Damaged
T20250106966,P0265,2025-08-22,Wrong Item
T20250108298,P0143,2025-08-17,Damaged
T20250143196,P0319,2026-12-26,Damaged
T20250059429,P0035,2026-07-25,Wrong Item
T20250124053,P0206,2026-12-21,Wrong Item
T20260089590,P0212,2025-06-29,Damaged
T20260139083,P0305,2026-10-31,Wrong Item
T20260078966,P0497,2025-06-15,Wrong Item
T20260146365,P0481,2026-02-15,Damaged
T20260051219,P0421,2025-03-26,Customer Changed Mind
T20250003646,P0375,2025-02-12,Customer Changed Mind
T20250143578,P0488,2025-06-18,Wrong Item
T20250069356,P0084,2026-01-29,Wrong Item
T20260046714,P0402,2025-03-31,Customer Changed Mind
T20260017945,P0461,2025-01-08,Damaged
T20260148661,P0494,2026-03-07,Wrong Item
T20260080263,P0024,2026-06-22,Wrong Item
T20260149332,P0289,2025-08-10,Wrong Item
T20250031964,P0431,2025-09-23,Wrong Item
T20250081986,P0289,2025-09-29,Customer Changed Mind
T20250009310,P0479,2026-12-15,Wrong Item
T20260108871,P0016,2025-06-20,Wrong Item
T20260127900,P0311,2026-09-06,Damaged
T20250022042,P0475,2026-04-29,Wrong Item
T20260040908,P0365,2025-03-02,Damaged
T20250035768,P0482,2026-03-11,Wrong Item
T20260015743,P0189,2026-11-17,Customer Changed Mind
T20260114654,P0344,2025-05-03,Damaged
T20260141794,P0132,2026-08-08,Damaged
T20250100036,P0457,2026-12-16,Customer Changed Mind
T20260027387,P0026,2025-11-27,Wrong Item
T20250051009,P0410,2026-01-10,Customer Changed Mind
T20250019382,P0160,2025-11-17,Wrong Item
T20260134925,P0378,2025-01-13,Customer Changed Mind
T20250036120,P0151,2025-07-01,Customer Changed Mind
T20250143833,P0483,2025-11-03,Wrong Item
T20250023474,P0231,2026-06-17,Damaged
T20260078671,P0011,2025-08-12,Damaged
T20250097707,P0271,2026-08-11,Damaged
T20260146131,P0230,2025-05-25,Wrong Item
T20260006339,P0367,2025-10-27,Damaged
T20260129022,P0266,2026-11-16,Customer Changed Mind
T20250107708,P0307,2026-04-22,Customer Changed Mind
T20250113482,P0406,2026-07-21,Damaged
T20250047375,P0456,2025-09-22,Wrong Item
T20250116498,P0477,2026-03-05,Customer Changed Mind
T20260099037,P0083,2025-02-21,Customer Changed Mind
T20250128401,P0006,2026-02-26,Wrong Item
T20260053496,P0035,2026-02-28,Customer Changed Mind
T20260089697,P0137,2025-11-24,Customer Changed Mind
T20250127681,P0465,2025-05-19,Damaged
T20260092664,P0273,2026-02-10,Damaged
T20250040362,P0264,2025-11-30,Damaged
T20260133565,P0340,2026-08-14,Damaged
T20250100970,P0396,2025-08-28,Wrong Item
T20250011964,P0064,2025-01-07,Damaged
T20260045126,P0363,2025-12-29,Customer Changed Mind
T20250074995,P0057,2025-12-24,Customer Changed Mind
T20260123033,P0054,2025-03-11,Wrong Item
T20260082051,P0123,2025-12-01,Wrong Item
T20250118972,P0119,2026-10-10,Customer Changed Mind
T20250094335,P0492,2025-10-13,Wrong Item
T20250082839,P0497,2025-04-05,Customer Changed Mind
T20250087363,P0035,2025-07-12,Wrong Item
T20260094793,P0007,2026-03-11,Wrong Item
T20250001403,P0485,2025-11-27,Customer Changed Mind
T20250149012,P0385,2026-03-24,Wrong Item
T20250129352,P0144,2025-07-16,Wrong Item
T20260132949,P0153,2025-02-07,Damaged
T20250092422,P0470,2025-07-14,Customer Changed Mind
T20260065734,P0019,2025-02-22,Wrong Item
T20250017793,P0471,2025-03-26,Wrong Item
T20260032425,P0243,2026-07-10,Customer Changed Mind
T20260070871,P0396,2026-04-02,Wrong Item
T20250058997,P0378,2025-06-17,Customer Changed Mind
T20250088030,P0334,2026-07-17,Damaged
T20250044540,P0117,2026-03-27,Damaged
T20260131882,P0159,2026-06-27,Customer Changed Mind
T20250107439,P0396,2025-03-06,Damaged
T20260000433,P0487,2026-06-04,Damaged
T20250080531,P0416,2026-03-28,Damaged
T20260140190,P0499,2026-07-12,Damaged
T20250050869,P0435,2025-06-20,Wrong Item
T20250078808,P0308,2026-01-21,Wrong Item
T20260027313,P0334,2026-07-29,Customer Changed Mind
T20260033202,P0288,2025-04-15,Customer Changed Mind
T20250109719,P0455,2025-08-30,Customer Changed Mind
T20250018314,P0169,2026-09-14,Customer Changed Mind
T20250090235,P0289,2025-10-04,Damaged
T20260063616,P0367,2026-05-10,Wrong Item
T20260001471,P0208,2025-07-11,Wrong Item
T20250139390,P0087,2026-04-24,Wrong Item
T20260066183,P0187,2025-06-27,Wrong Item
T20250080701,P0239,2026-11-10,Customer Changed Mind
T20260012663,P0041,2026-06-15,Wrong Item
T20250012294,P0053,2026-07-08,Damaged
T20260034277,P0381,2025-11-23,Customer Changed Mind
T20250146639,P0496,2025-05-15,Customer Changed Mind
T20260081164,P0422,2026-02-07,Damaged
T20250028263,P0031,2026-01-15,Damaged
T20260075621,P0249,2025-01-29,Customer Changed Mind
T20260007812,P0022,2025-07-24,Wrong Item
T20260093444,P0279,2026-09-15,Customer Changed Mind
T20250138637,P0140,2026-11-09,Customer Changed Mind
T20250089228,P0382,2026-06-27,Customer Changed Mind
T20260017715,P0109,2026-07-03,Damaged
T20260077353,P0081,2026-08-07,Customer Changed Mind
T20260101550,P0128,2026-11-27,Wrong Item
T20260078746,P0478,2025-06-02,Damaged
T20250035456,P0128,2025-06-29,Customer Changed Mind
T20250067761,P0495,2025-04-07,Customer Changed Mind
T20250058730,P0326,2026-05-08,Customer Changed Mind
T20250081044,P0010,2025-02-22,Damaged
T20260104841,P0024,2026-09-28,Wrong Item
T20260139176,P0293,2026-01-10,Customer Changed Mind
T20250014473,P0467,2025-11-17,Customer Changed Mind
T20250006306,P0076,2026-08-28,Customer Changed Mind
T20260117449,P0245,2025-05-19,Customer Changed Mind
T20260010266,P0046,2025-02-02,Damaged
T20250101614,P0094,2025-09-12,Wrong Item
T20250020120,P0144,2026-02-05,Damaged
T20250101388,P0240,2026-01-06,Customer Changed Mind
T20260029506,P0441,2025-12-05,Wrong Item
T20250064910,P0021,2025-08-12,Customer Changed Mind
T20260028562,P0171,2025-10-10,Damaged
T20260033810,P0196,2026-10-09,Customer Changed Mind
T20250095052,P0328,2025-06-04,Customer Changed Mind
T20250115275,P0305,2026-12-04,Damaged
T20250082472,P0035,2026-01-12,Customer Changed Mind
T20250004422,P0421,2026-04-15,Damaged
T20250121823,P0234,2026-04-22,Wrong Item
T20260068156,P0413,2026-03-21,Wrong Item
T20250029474,P0045,2026-11-20,Wrong Item
T20260128123,P0063,2025-01-13,Wrong Item
T20260075142,P0286,2026-09-04,Customer Changed Mind
T20250010141,P0070,2026-03-03,Customer Changed Mind
T20250104481,P0497,2025-11-06,Damaged
T20250137506,P0153,2025-06-22,Wrong Item
T20250048155,P0387,2026-11-23,Damaged
T20260093536,P0119,2025-03-06,Damaged
T20260121216,P0277,2026-10-05,Customer Changed Mind
T20260085204,P0191,2026-02-14,Wrong Item
T20250030459,P0359,2026-12-24,Wrong Item
T20260005699,P0043,2025-05-22,Customer Changed Mind
T20260103151,P0020,2026-05-18,Damaged
T20250023057,P0488,2026-08-08,Customer Changed Mind
T20250014273,P0326,2026-07-08,Damaged
T20250108961,P0323,2026-07-22,Damaged
T20260103868,P0101,2025-04-02,Wrong Item
T20250063016,P0234,2026-02-13,Wrong Item
T20260140152,P0390,2026-12-07,Wrong Item
T20250032789,P0031,2025-08-11,Customer Changed Mind
T20260129893,P0292,2025-12-21,Damaged
T20260083993,P0215,2025-02-04,Damaged
T20250021682,P0486,2025-12-24,Customer Changed Mind
T20250118109,P0439,2025-05-27,Customer Changed Mind
T20250141601,P0321,2026-05-13,Wrong Item
T20260088276,P0044,2025-02-12,Damaged
T20260129862,P0189,2025-05-24,Customer Changed Mind
T20250121566,P0393,2026-05-07,Wrong Item
T20250015602,P0331,2025-08-29,Damaged
T20250040186,P0297,2025-08-29,Wrong Item
T20260002068,P0344,2026-10-08,Wrong Item
T20260006700,P0357,2026-04-06,Wrong Item
T20260147963,P0199,2026-06-20,Customer Changed Mind
T20250118226,P0003,2025-09-26,Damaged
T20260131626,P0049,2025-03-26,Damaged
T20250118349,P0382,2026-05-18,Damaged
T20250131272,P0352,2025-03-05,Wrong Item
T20250084103,P0001,2025-04-09,Damaged
T20250117294,P0089,2025-07-26,Damaged
T20250104082,P0201,2026-05-25,Customer Changed Mind
T20260143787,P0009,2025-06-20,Customer Changed Mind
T20260003217,P0032,2026-06-08,Wrong Item
T20260119584,P0144,2025-08-04,Damaged
T20260016418,P0407,2026-09-04,Customer Changed Mind
T20250009923,P0475,2025-04-24,Customer Changed Mind
T20260070733,P0214,2026-12-17,Wrong Item
T20260013225,P0196,2026-10-30,Damaged
T20260135335,P0378,2025-10-11,Wrong Item
T20250028407,P0176,2026-07-26,Customer Changed Mind
T20260025528,P0303,2025-03-05,Wrong Item
T20250067330,P0038,2026-03-31,Damaged
T20260142748,P0148,2025-06-26,Damaged
T20260029945,P0259,2025-07-02,Customer Changed Mind
T20250127620,P0182,2026-08-13,Customer Changed Mind
T20260030070,P0320,2025-08-31,Damaged
T20260057120,P0088,2026-07-21,Customer Changed Mind
T20260040437,P0346,2025-10-26,Customer Changed Mind
T20260096277,P0029,2025-03-13,Wrong Item
T20250026185,P0233,2026-01-12,Wrong Item
T20260081119,P0072,2026-10-25,Damaged
T20250106168,P0139,2025-08-04,Damaged
T20250072679,P0165,2026-11-03,Customer Changed Mind
T20250129131,P0285,2025-07-03,Customer Changed Mind
T20260140312,P0216,2026-05-30,Damaged
T20250131734,P0103,2025-06-04,Damaged
T20260110721,P0239,2025-04-06,Wrong Item
T20250095427,P0164,2025-12-29,Customer Changed Mind
T20250100555,P0491,2026-12-01,Damaged
T20250119856,P0299,2026-02-19,Customer Changed Mind
T20260137498,P0196,2026-11-30,Wrong Item
T20250081871,P0494,2025-02-06,Wrong Item
T20250148246,P0226,2025-02-08,Wrong Item
T20250128821,P0134,2025-01-02,Wrong Item
T20260107072,P0473,2025-08-26,Damaged
T20250137498,P0355,2026-09-04,Damaged
T20260115169,P0411,2026-12-08,Customer Changed Mind
T20250142969,P0352,2026-11-01,Customer Changed Mind
T20260061938,P0231,2025-04-30,Wrong Item
T20260109553,P0418,2025-07-09,Wrong Item
T20260022436,P0339,2025-08-29,Wrong Item
T20260111596,P0100,2026-04-30,Customer Changed Mind
T20260045461,P0387,2026-11-25,Customer Changed Mind
T20250025621,P0367,2025-10-01,Damaged
T20260129165,P0364,2025-05-10,Wrong Item
T20250008634,P0130,2025-11-30,Wrong Item
T20250001192,P0339,2025-06-13,Damaged
T20250114923,P0006,2026-12-28,Customer Changed Mind
T20260028809,P0476,2026-05-02,Wrong Item
T20260056286,P0285,2026-11-30,Wrong Item
T20260112491,P0178,2025-10-02,Customer Changed Mind
T20250076000,P0111,2025-04-30,Damaged
T20250011785,P0363,2026-09-18,Customer Changed Mind
T20260055670,P0429,2026-04-16,Wrong Item
T20260056041,P0440,2026-02-05,Damaged
T20250135297,P0159,2026-12-12,Customer Changed Mind
T20260033162,P0170,2025-06-28,Wrong Item
T20260041585,P0114,2026-10-06,Wrong Item
T20260089598,P0269,2025-07-09,Wrong Item
T20250070468,P0192,2025-04-29,Damaged
T20250119512,P0453,2025-02-23,Damaged
T20260120420,P0295,2026-07-29,Customer Changed Mind
T20250146102,P0452,2026-05-23,Wrong Item
T20250098335,P0085,2026-08-16,Customer Changed Mind
T20250096442,P0098,2025-12-23,Wrong Item
T20260095115,P0174,2025-10-08,Customer Changed Mind
T20260118472,P0476,2026-11-06,Damaged
T20260070302,P0368,2026-08-31,Damaged
T20250011256,P0131,2025-08-29,Customer Changed Mind
T20260123809,P0370,2026-11-22,Customer Changed Mind
T20250093527,P0086,2025-06-11,Customer Changed Mind
T20250078628,P0454,2026-10-13,Damaged
T20260132858,P0009,2026-03-21,Customer Changed Mind
T20260027152,P0118,2025-03-13,Wrong Item
T20260108491,P0363,2026-01-14,Customer Changed Mind
T20250081228,P0347,2025-03-17,Damaged
T20260001381,P0201,2025-09-13,Damaged
T20250123984,P0119,2026-03-29,Damaged
T20250075621,P0339,2026-10-30,Customer Changed Mind
T20260029597,P0352,2026-05-05,Customer Changed Mind
T20250112055,P0193,2025-02-14,Customer Changed Mind
T20260045202,P0289,2025-07-19,Customer Changed Mind
T20250034953,P0435,2025-06-15,Damaged
T20250035668,P0481,2026-08-01,Customer Changed Mind
T20260136320,P0267,2026-12-29,Wrong Item
T20250098918,P0046,2025-05-04,Damaged
T20260042969,P0228,2025-08-28,Damaged
T20260129079,P0214,2025-05-14,Wrong Item
T20260081074,P0164,2025-07-15,Damaged
T20250001105,P0263,2025-11-07,Wrong Item
T20250030489,P0328,2026-12-03,Wrong Item
T20250067727,P0208,2026-01-25,Damaged
T20260045802,P0013,2025-07-18,Customer Changed Mind
T20250148966,P0190,2026-10-22,Wrong Item
T20250037735,P0312,2025-07-16,Wrong Item
T20260043401,P0276,2026-05-01,Customer Changed Mind
T20260003974,P0140,2025-05-14,Damaged
T20260052537,P0498,2026-06-16,Damaged
T20250118899,P0299,2026-11-07,Wrong Item
T20260062638,P0309,2025-07-15,Wrong Item
T20250126708,P0252,2026-07-04,Wrong Item
T20250068850,P0111,2026-07-16,Wrong Item
T20250130416,P0045,2025-11-16,Wrong Item
T20250065883,P0360,2025-05-23,Wrong Item
T20260140450,P0066,2026-02-22,Damaged
T20260037324,P0095,2025-12-23,Damaged
T20250047793,P0401,2026-05-04,Wrong Item
T20250102227,P0242,2025-05-16,Customer Changed Mind
T20260051009,P0244,2026-08-02,Wrong Item
T20250026441,P0049,2025-03-18,Customer Changed Mind
T20250058504,P0323,2026-10-13,Damaged
T20250061027,P0476,2026-07-21,Wrong Item
T20260016986,P0393,2026-12-10,Wrong Item
T20260102373,P0202,2025-07-08,Damaged
T20260117000,P0035,2026-05-15,Customer Changed Mind
T20260055012,P0074,2026-07-30,Damaged
T20250037894,P0230,2026-11-05,Wrong Item
T20250100602,P0342,2026-04-10,Customer Changed Mind
T20250119524,P0137,2026-07-27,Damaged
T20260033209,P0047,2026-11-04,Customer Changed Mind
T20260038956,P0193,2025-05-08,Damaged
T20260018232,P0156,2026-05-31,Customer Changed Mind
T20250067394,P0325,2026-03-06,Customer Changed Mind
T20260066431,P0054,2026-11-20,Customer Changed Mind
T20250042613,P0013,2026-10-03,Customer Changed Mind
T20260087348,P0282,2025-12-21,Customer Changed Mind
T20260091488,P0441,2025-06-08,Customer Changed Mind
T20260020709,P0048,2026-05-20,Wrong Item
T20260072487,P0103,2026-10-24,Customer Changed Mind
T20260128483,P0149,2025-04-15,Damaged
T20260117023,P0225,2026-05-17,Damaged
T20250132032,P0446,2026-01-17,Customer Changed Mind
T20250130516,P0350,2026-12-21,Customer Changed Mind
T20250045840,P0258,2026-08-24,Customer Changed Mind
T20260141668,P0135,2025-07-19,Customer Changed Mind
T20250059600,P0114,2025-03-30,Customer Changed Mind
T20260064253,P0279,2026-03-29,Damaged
T20260052606,P0150,2026-08-14,Damaged
T20260047620,P0346,2025-11-17,Customer Changed Mind
T20260127114,P0226,2026-07-13,Wrong Item
T20260088212,P0475,2025-03-25,Customer Changed Mind
T20250084504,P0356,2025-06-12,Wrong Item
T20250042247,P0467,2025-06-25,Damaged
T20260019068,P0460,2026-10-03,Damaged
T20250017419,P0064,2026-01-02,Damaged
T20250020665,P0285,2026-11-24,Damaged
T20260057543,P0079,2025-06-18,Wrong Item
T20260089256,P0290,2026-08-06,Damaged
T20260055315,P0066,2026-02-21,Wrong Item
T20250112838,P0215,2026-05-01,Customer Changed Mind
T20260116296,P0444,2026-06-09,Customer Changed Mind
T20260020968,P0350,2026-03-20,Wrong Item
T20260046439,P0380,2025-10-07,Damaged
T20260137020,P0406,2025-12-21,Damaged
T20250118699,P0083,2026-12-10,Wrong Item
T20250106886,P0085,2026-02-04,Wrong Item
T20260068889,P0418,2025-02-11,Customer Changed Mind
T20250097502,P0323,2025-05-08,Wrong Item
T20260065272,P0141,2025-07-12,Customer Changed Mind
T20260084079,P0021,2026-04-27,Wrong Item
T20250002503,P0368,2026-12-23,Damaged
T20250039898,P0208,2025-10-08,Wrong Item
T20250130243,P0414,2026-03-11,Customer Changed Mind
T20250071226,P0333,2025-08-24,Damaged
T20250056505,P0195,2026-08-03,Wrong Item
T20250076191,P0302,2026-05-04,Wrong Item
T20260035476,P0393,2026-12-13,Damaged
T20260126137,P0250,2025-07-28,Wrong Item
T20250049638,P0148,2026-08-02,Damaged
T20260001367,P0011,2026-01-26,Wrong Item
T20250047744,P0469,2025-03-22,Customer Changed Mind
T20260110188,P0221,2025-01-01,Wrong Item
T20250009929,P0032,2025-09-12,Wrong Item
T20260111580,P0010,2026-02-13,Customer Changed Mind
T20250115319,P0187,2025-11-26,Customer Changed Mind
T20250123840,P0453,2025-05-09,Damaged
T20260073945,P0387,2025-05-28,Customer Changed Mind
T20260066472,P0189,2026-08-24,Wrong Item
T20260091319,P0318,2026-06-21,Wrong Item
T20250127170,P0023,2026-05-16,Wrong Item
T20250133677,P0403,2026-10-31,Customer Changed Mind
T20260054331,P0071,2025-09-11,Wrong Item
T20260072334,P0400,2026-08-09,Wrong Item
T20260045983,P0049,2025-04-23,Wrong Item
T20260021265,P0145,2025-11-09,Damaged
T20250039009,P0380,2026-05-08,Damaged
T20250135754,P0003,2025-05-28,Wrong Item
T20250013345,P0078,2025-01-28,Damaged
T20260139934,P0464,2026-03-21,Wrong Item
T20250086685,P0063,2025-08-20,Wrong Item
T20260068835,P0184,2026-10-10,Damaged
T20250094585,P0449,2026-11-28,Customer Changed Mind
T20250055999,P0444,2026-06-11,Damaged
T20250107568,P0490,2025-12-13,Wrong Item
T20260097431,P0364,2025-04-24,Damaged
T20260019647,P0287,2026-01-09,Customer Changed Mind
T20250034246,P0313,2026-01-04,Customer Changed Mind
T20260034242,P0447,2026-03-16,Damaged
T20260094528,P0361,2026-08-19,Damaged
T20250060047,P0189,2026-07-06,Wrong Item
T20250089047,P0271,2026-06-17,Customer Changed Mind
T20250088671,P0212,2025-10-08,Wrong Item
T20250115280,P0446,2025-03-29,Damaged
T20260123315,P0394,2025-09-23,Customer Changed Mind
T20250035964,P0002,2025-12-14,Wrong Item
T20250047179,P0006,2025-03-14,Customer Changed Mind
T20250033134,P0135,2026-05-04,Customer Changed Mind
T20250148829,P0360,2026-07-08,Customer Changed Mind
T20260086274,P0470,2025-10-11,Wrong Item
T20250106400,P0269,2025-04-23,Damaged
T20260041389,P0013,2025-04-30,Customer Changed Mind
T20260092933,P0122,2026-09-05,Wrong Item
T20260036623,P0045,2026-12-17,Wrong Item
T20260123157,P0221,2025-04-29,Damaged
T20250126790,P0416,2026-05-01,Damaged
T20250095718,P0165,2026-10-22,Wrong Item
T20250076507,P0477,2025-06-18,Damaged
T20260014132,P0007,2025-10-29,Wrong Item
T20250113993,P0480,2025-10-06,Damaged
T20250137698,P0033,2025-05-03,Damaged
T20250087286,P0236,2026-08-25,Wrong Item
T20250008231,P0308,2026-07-24,Damaged
T20260057477,P0308,2026-01-13,Damaged
T20250083625,P0015,2025-04-05,Damaged
T20250068875,P0029,2026-03-26,Damaged
T20260144399,P0243,2026-05-20,Damaged
T20260056039,P0400,2026-05-05,Damaged
T20250075247,P0197,2025-07-14,Wrong Item
T20250066970,P0472,2026-03-05,Customer Changed Mind
T20260079630,P0256,2025-07-19,Wrong Item
T20250117604,P0071,2026-02-11,Customer Changed Mind
T20260130133,P0033,2025-07-14,Customer Changed Mind
T20250114421,P0189,2025-10-06,Damaged
T20260026809,P0492,2026-10-03,Damaged
T20260018408,P0272,2025-12-22,Damaged
T20260016704,P0172,2026-12-12,Customer Changed Mind
T20260132585,P0450,2025-07-31,Damaged
T20260030398,P0077,2026-05-30,Wrong Item
T20260036784,P0235,2025-08-12,Customer Changed Mind
T20260015646,P0314,2026-07-23,Wrong Item
T20260027056,P0095,2025-02-01,Wrong Item
T20250036818,P0263,2026-06-01,Customer Changed Mind
T20250132758,P0390,2025-02-02,Customer Changed Mind
T20250114495,P0086,2025-11-29,Damaged
T20250000544,P0382,2026-03-01,Customer Changed Mind
T20250086469,P0424,2025-10-09,Customer Changed Mind
T20260010362,P0245,2026-05-01,Wrong Item
T20260106792,P0007,2025-03-31,Customer Changed Mind
T20260098781,P0435,2026-11-04,Customer Changed Mind
T20250146011,P0053,2025-06-04,Wrong Item
T20260035945,P0157,2026-02-13,Wrong Item
T20250131523,P0014,2026-06-13,Customer Changed Mind
T20260140124,P0456,2025-05-10,Customer Changed Mind
T20250090542,P0230,2025-09-16,Customer Changed Mind
T20250131329,P0117,2025-12-03,Customer Changed Mind
T20250006893,P0298,2026-04-25,Customer Changed Mind
T20260013960,P0271,2026-05-20,Wrong Item
T20250071517,P0416,2026-11-19,Customer Changed Mind
T20260017203,P0184,2025-02-18,Damaged
T20250120949,P0170,2025-01-29,Wrong Item
T20250050674,P0463,2025-03-05,Damaged
T20260122129,P0187,2025-04-20,Wrong Item
T20260016880,P0382,2025-05-05,Damaged
T20250051519,P0486,2025-08-11,Wrong Item
T20250067572,P0433,2025-04-22,Damaged
T20260032017,P0465,2025-12-09,Customer Changed Mind
T20250148748,P0377,2025-11-24,Customer Changed Mind
T20260136194,P0052,2025-10-24,Customer Changed Mind
T20250127874,P0275,2025-09-02,Damaged
T20260068879,P0179,2026-12-17,Wrong Item
T20260043179,P0204,2025-08-23,Damaged
T20250129919,P0066,2025-01-24,Damaged
T20260045955,P0258,2025-09-01,Damaged
T20260076866,P0208,2026-12-01,Customer Changed Mind
T20260124074,P0047,2026-02-10,Customer Changed Mind
T20250089296,P0487,2025-11-25,Wrong Item
T20260055910,P0289,2026-12-20,Wrong Item
T20260058485,P0426,2025-10-09,Customer Changed Mind
T20250149309,P0312,2025-09-29,Customer Changed Mind
T20260044379,P0065,2025-03-02,Customer Changed Mind
T20250029425,P0086,2026-10-15,Customer Changed Mind
T20250128004,P0218,2026-09-25,Damaged
T20250016100,P0165,2026-07-19,Customer Changed Mind
T20260001712,P0329,2025-03-13,Wrong Item
T20260128734,P0102,2026-04-13,Customer Changed Mind
T20260119666,P0239,2026-11-08,Customer Changed Mind
T20260102153,P0133,2026-03-02,Wrong Item
T20250021375,P0064,2025-11-24,Wrong Item
T20260077841,P0360,2026-06-20,Damaged
T20250100379,P0150,2025-12-20,Customer Changed Mind
T20260127141,P0064,2026-04-19,Wrong Item
T20250041691,P0326,2026-05-28,Wrong Item
T20260095192,P0364,2026-03-30,Wrong Item
T20260046639,P0087,2026-10-25,Damaged
T20260028452,P0017,2025-02-07,Damaged
T20250045665,P0114,2025-10-17,Wrong Item
T20260004580,P0497,2025-11-12,Damaged
T20260130056,P0029,2026-07-06,Wrong Item
T20260124316,P0468,2026-11-16,Wrong Item
T20250134168,P0098,2025-03-05,Damaged
T20260129348,P0207,2026-06-28,Customer Changed Mind
T20260143578,P0349,2025-09-11,Customer Changed Mind
T20260149033,P0402,2025-12-06,Damaged
T20260139671,P0348,2025-10-20,Wrong Item
T20250139688,P0017,2026-12-29,Damaged
T20250071037,P0184,2025-03-09,Damaged
T20260067877,P0211,2026-11-30,Customer Changed Mind
T20260143944,P0314,2025-12-31,Damaged
T20250046985,P0231,2026-07-27,Wrong Item
T20260105146,P0130,2025-10-02,Damaged
T20250017847,P0185,2026-03-01,Damaged
T20260000443,P0304,2026-04-06,Customer Changed Mind
T20260049801,P0334,2026-04-07,Wrong Item
T20260015427,P0034,2025-11-19,Wrong Item
T20260132347,P0050,2025-01-17,Wrong Item
T20260040980,P0209,2026-04-14,Customer Changed Mind
T20260035776,P0280,2026-07-17,Wrong Item
T20260003062,P0261,2026-08-16,Damaged
T20260114506,P0284,2025-12-26,Wrong Item
T20250084311,P0173,2026-02-15,Wrong Item
T20260086385,P0025,2026-03-02,Damaged
T20260078725,P0085,2025-05-31,Wrong Item
T20250035789,P0133,2026-04-25,Wrong Item
T20260035783,P0456,2025-09-04,Wrong Item
T20250047737,P0365,2025-07-20,Wrong Item
T20260081764,P0166,2025-12-14,Customer Changed Mind
T20250031243,P0239,2025-04-21,Damaged
T20250064722,P0038,2025-05-29,Damaged
T20260019381,P0313,2025-07-15,Damaged
T20260042406,P0142,2026-05-03,Damaged
T20250099880,P0480,2025-05-10,Customer Changed Mind
T20260063125,P0362,2025-02-13,Damaged
T20260126251,P0105,2026-12-20,Damaged
T20260022655,P0118,2025-06-18,Wrong Item
T20250022786,P0289,2025-09-20,Wrong Item
T20250122326,P0039,2025-08-11,Wrong Item
T20260056253,P0447,2025-12-10,Customer Changed Mind
T20250044793,P0478,2025-03-29,Customer Changed Mind
T20260119211,P0259,2026-02-15,Damaged
T20260142567,P0248,2025-05-07,Customer Changed Mind
T20260130389,P0297,2026-01-01,Customer Changed Mind
T20250118003,P0151,2026-05-09,Wrong Item
T20250071162,P0235,2025-03-19,Customer Changed Mind
T20260015697,P0160,2025-12-21,Wrong Item
T20250055964,P0091,2025-08-20,Customer Changed Mind
T20260136445,P0316,2026-02-10,Customer Changed Mind
T20260137276,P0172,2026-07-20,Damaged
T20250017070,P0324,2025-02-15,Damaged
T20260099397,P0117,2026-10-02,Wrong Item
T20250063031,P0231,2026-04-16,Damaged
T20260119585,P0023,2026-05-02,Customer Changed Mind
T20250063516,P0142,2025-03-08,Damaged
T20250117424,P0211,2025-09-11,Wrong Item
T20260048648,P0144,2025-04-02,Customer Changed Mind
T20260123503,P0032,2025-09-06,Customer Changed Mind
T20250010550,P0254,2026-03-21,Damaged
T20250124764,P0012,2025-03-30,Customer Changed Mind
T20250023722,P0238,2026-08-08,Damaged
T20250125469,P0398,2025-08-10,Customer Changed Mind
T20260082641,P0095,2025-05-16,Customer Changed Mind
T20250007917,P0129,2026-06-22,Damaged
T20250127913,P0313,2026-09-07,Customer Changed Mind
T20250065609,P0091,2026-10-20,Customer Changed Mind
T20260027479,P0201,2025-11-01,Wrong Item
T20260082091,P0124,2025-10-11,Customer Changed Mind
T20260107518,P0139,2025-07-08,Damaged
T20250121698,P0384,2025-05-10,Wrong Item
T20250035021,P0445,2026-06-15,Damaged
T20260031979,P0028,2025-07-18,Damaged
T20250056217,P0487,2026-06-10,Wrong Item
T20260089898,P0138,2025-10-19,Customer Changed Mind
T20250092382,P0281,2025-08-05,Wrong Item
T20260047635,P0267,2026-06-27,Damaged
T20260088050,P0057,2025-01-20,Customer Changed Mind
T20260081885,P0138,2026-04-15,Wrong Item
T20260032888,P0306,2026-04-29,Wrong Item
T20260023622,P0120,2025-01-27,Damaged
T20260006333,P0353,2026-06-07,Wrong Item
T20260113905,P0479,2026-07-17,Damaged
T20260061755,P0381,2026-04-12,Customer Changed Mind
T20250073413,P0050,2025-07-16,Customer Changed Mind
T20260141536,P0236,2025-11-27,Damaged
T20260095019,P0192,2026-03-18,Wrong Item
T20250009813,P0046,2025-05-24,Customer Changed Mind
T20260092790,P0477,2026-09-02,Customer Changed Mind
T20250126210,P0108,2026-03-06,Customer Changed Mind
T20250082572,P0389,2026-01-10,Damaged
T20260111344,P0317,2025-04-25,Customer Changed Mind
T20250134493,P0062,2025-02-13,Wrong Item
T20260097615,P0004,2025-06-30,Wrong Item
T20260086102,P0010,2026-05-16,Damaged
T20250106047,P0145,2025-02-22,Wrong Item
T20260043940,P0179,2026-05-11,Customer Changed Mind
T20260049543,P0357,2025-04-04,Customer Changed Mind
T20260082058,P0228,2026-08-20,Wrong Item
T20260128198,P0378,2026-01-03,Damaged
T20250000172,P0010,2025-12-04,Customer Changed Mind
T20260099704,P0327,2026-03-23,Customer Changed Mind
T20260129114,P0124,2025-01-29,Customer Changed Mind
T20260032855,P0445,2026-03-18,Damaged
T20260009988,P0375,2025-07-03,Customer Changed Mind
T20250145464,P0247,2025-10-31,Damaged
T20260070132,P0390,2026-05-18,Customer Changed Mind
T20250048995,P0330,2025-05-13,Damaged
T20250083044,P0301,2025-10-20,Wrong Item
T20260066579,P0187,2026-06-19,Wrong Item
T20260054400,P0214,2026-04-27,Customer Changed Mind
T20260071977,P0231,2025-05-13,Damaged
T20260040725,P0049,2025-01-02,Wrong Item
T20260067645,P0296,2026-04-14,Wrong Item
T20250123389,P0083,2026-06-01,Customer Changed Mind
T20250090746,P0246,2026-04-29,Customer Changed Mind
T20250021859,P0009,2026-01-25,Customer Changed Mind
T20250066508,P0450,2025-07-19,Wrong Item
T20250084181,P0340,2026-07-17,Damaged
T20260036480,P0479,2025-04-02,Wrong Item
T20250083497,P0245,2026-02-06,Wrong Item
T20250088126,P0197,2025-03-17,Wrong Item
T20260053099,P0416,2025-08-20,Damaged
T20260018045,P0075,2026-06-04,Damaged
T20260107596,P0065,2025-11-30,Customer Changed Mind
T20250117856,P0061,2025-03-05,Wrong Item
T20260073239,P0367,2025-03-01,Wrong Item
T20250065594,P0167,2026-07-10,Wrong Item
T20260020411,P0197,2026-05-22,Customer Changed Mind
T20250036649,P0137,2025-01-03,Damaged
T20260088845,P0216,2026-08-29,Damaged
T20260099517,P0208,2025-03-13,Customer Changed Mind
T20250076748,P0051,2026-10-01,Wrong Item
T20260044273,P0127,2025-04-25,Damaged
T20250108735,P0029,2026-02-12,Wrong Item
T20260140398,P0041,2025-01-27,Customer Changed Mind
T20250113027,P0363,2025-06-29,Customer Changed Mind
T20250002918,P0468,2026-12-25,Wrong Item
T20260022113,P0497,2025-10-28,Damaged
T20260060049,P0206,2025-07-30,Customer Changed Mind
T20250037599,P0224,2026-12-04,Damaged
T20250100007,P0452,2025-06-12,Damaged
T20250036206,P0259,2026-04-22,Customer Changed Mind
T20260003692,P0361,2025-08-08,Customer Changed Mind
T20250113402,P0393,2026-07-12,Wrong Item
T20250122728,P0272,2026-03-31,Wrong Item
T20260114593,P0235,2026-10-21,Damaged
T20250033831,P0143,2025-06-16,Wrong Item
T20260127430,P0328,2026-08-23,Customer Changed Mind
T20260036383,P0397,2025-10-27,Customer Changed Mind
T20260123278,P0063,2026-02-21,Damaged
T20260122651,P0155,2026-06-25,Customer Changed Mind
T20260106321,P0082,2025-03-29,Wrong Item
T20260108884,P0495,2025-11-28,Damaged
T20260002326,P0066,2025-08-27,Wrong Item
T20250136911,P0331,2025-12-27,Customer Changed Mind
T20260128122,P0163,2025-02-26,Customer Changed Mind
T20250124623,P0136,2026-02-14,Wrong Item
T20260061555,P0093,2026-05-02,Customer Changed Mind
T20260055158,P0196,2026-05-12,Wrong Item
T20260065163,P0493,2026-03-15,Damaged
T20250031170,P0328,2026-05-15,Damaged
T20260134895,P0186,2026-09-26,Wrong Item
T20260025566,P0405,2025-12-21,Damaged
T20260001030,P0440,2025-07-22,Customer Changed Mind
T20250014231,P0084,2025-04-23,Damaged
T20260007902,P0291,2025-10-31,Wrong Item
T20260057290,P0440,2026-01-18,Damaged
T20250049653,P0368,2026-05-26,Damaged
T20250030485,P0433,2025-10-30,Wrong Item
T20250097858,P0111,2026-11-09,Damaged
T20260053395,P0352,2026-11-12,Damaged
T20260112352,P0011,2026-02-26,Damaged
T20250055510,P0087,2025-09-04,Wrong Item
T20250131749,P0151,2026-06-24,Damaged
T20250066072,P0428,2025-11-13,Wrong Item
T20250100853,P0419,2026-06-02,Wrong Item
T20260051968,P0186,2025-02-19,Customer Changed Mind
T20250028032,P0162,2025-11-25,Damaged
T20260004345,P0496,2026-06-19,Wrong Item
T20260083413,P0487,2025-10-13,Wrong Item
T20260077651,P0356,2026-06-26,Damaged
T20260083546,P0405,2025-06-28,Customer Changed Mind
T20260072362,P0234,2025-10-15,Customer Changed Mind
T20260052784,P0041,2025-01-16,Damaged
T20250070416,P0119,2025-06-15,Customer Changed Mind
T20260034112,P0179,2026-11-27,Wrong Item
T20260117390,P0005,2026-11-04,Customer Changed Mind
T20250108022,P0392,2026-03-30,Damaged
T20250120319,P0248,2026-05-15,Damaged
T20250030077,P0251,2026-10-25,Customer Changed Mind
T20260078401,P0237,2025-06-12,Damaged
T20260099185,P0005,2026-04-03,Wrong Item
T20250054498,P0141,2025-06-07,Damaged
T20250116765,P0051,2025-12-25,Damaged
T20260116338,P0004,2025-10-15,Customer Changed Mind
T20250039129,P0029,2026-06-14,Damaged
T20260043937,P0256,2025-04-21,Customer Changed Mind
T20250011287,P0367,2026-02-22,Damaged
T20260143756,P0245,2026-09-22,Customer Changed Mind
T20250042623,P0417,2026-10-26,Customer Changed Mind
T20260048047,P0292,2026-12-07,Damaged
T20250136211,P0040,2026-08-08,Wrong Item
T20250125776,P0277,2026-02-09,Damaged
T20250081939,P0395,2025-02-11,Customer Changed Mind
T20260094281,P0052,2026-01-14,Customer Changed Mind
T20260147496,P0488,2026-06-25,Wrong Item
T20250095811,P0334,2026-09-09,Damaged
T20260077355,P0257,2025-06-10,Damaged
T20250129353,P0476,2025-07-28,Wrong Item
T20260070153,P0371,2026-12-03,Wrong Item
T20250026255,P0331,2025-04-17,Wrong Item
T20260104507,P0357,2025-08-13,Wrong Item
T20250135489,P0262,2026-08-08,Damaged
T20260043886,P0394,2025-02-19,Damaged
T20250123767,P0380,2025-02-02,Damaged
T20250124385,P0039,2026-10-30,Damaged
T20260078686,P0143,2025-06-27,Damaged
T20260118196,P0215,2026-03-08,Damaged
T20260088086,P0042,2026-03-07,Damaged
T20260030091,P0364,2026-08-01,Customer Changed Mind
T20260099992,P0410,2026-07-13,Damaged
T20260137269,P0027,2025-11-25,Wrong Item
T20250112938,P0285,2025-09-15,Customer Changed Mind
T20260118097,P0148,2025-10-12,Customer Changed Mind
T20260032928,P0157,2025-01-16,Damaged
T20250059093,P0051,2025-02-17,Wrong Item
T20260109118,P0275,2025-03-14,Customer Changed Mind
T20260079448,P0496,2026-05-02,Wrong Item
T20260021419,P0438,2026-06-25,Wrong Item
T20260012045,P0089,2026-03-26,Wrong Item
T20250142815,P0448,2026-03-22,Wrong Item
T20260086197,P0269,2025-09-21,Customer Changed Mind
T20250005238,P0342,2025-01-24,Damaged
T20250115705,P0428,2025-11-16,Damaged
T20250085780,P0086,2026-06-04,Damaged
T20250077703,P0287,2026-07-14,Customer Changed Mind
T20250054053,P0294,2025-06-25,Damaged
T20250056099,P0351,2026-06-27,Damaged
T20260026044,P0400,2025-01-28,Wrong Item
T20250013688,P0469,2025-08-19,Wrong Item
T20260099859,P0318,2025-12-19,Wrong Item
T20260000152,P0177,2025-03-24,Wrong Item
T20250083061,P0178,2026-11-03,Customer Changed Mind
T20250138181,P0451,2025-08-10,Customer Changed Mind
T20260052158,P0013,2025-12-02,Wrong Item
T20250092233,P0362,2026-03-28,Customer Changed Mind
T20260089211,P0040,2026-03-11,Damaged
T20260111903,P0184,2026-06-07,Damaged
T20260058230,P0132,2026-11-23,Customer Changed Mind
T20250040184,P0058,2025-07-28,Damaged
T20250130533,P0228,2025-12-10,Wrong Item
T20260028046,P0180,2025-10-06,Customer Changed Mind
T20260011821,P0181,2026-08-15,Wrong Item
T20250015478,P0436,2025-10-05,Wrong Item
T20260038261,P0362,2025-01-12,Customer Changed Mind
T20260021581,P0197,2026-08-16,Customer Changed Mind
T20260097591,P0435,2025-04-22,Damaged
T20250105694,P0343,2025-09-01,Customer Changed Mind
T20260011797,P0048,2025-08-01,Customer Changed Mind
T20250117137,P0483,2025-09-22,Damaged
T20250029099,P0321,2025-08-09,Wrong Item
T20260081071,P0075,2025-04-16,Customer Changed Mind
T20250004979,P0281,2026-06-21,Customer Changed Mind
T20260090755,P0430,2025-07-29,Wrong Item
T20250049463,P0164,2026-08-17,Wrong Item
T20250011066,P0142,2025-10-19,Damaged
T20260081644,P0257,2026-11-16,Damaged
T20260035987,P0421,2025-03-28,Wrong Item
T20260130379,P0151,2025-05-13,Damaged
T20250089933,P0226,2025-08-07,Customer Changed Mind
T20250007833,P0062,2026-09-10,Damaged
T20260026379,P0398,2026-02-14,Customer Changed Mind
T20250053263,P0465,2026-06-06,Wrong Item
T20260143863,P0399,2025-06-07,Damaged
T20260009221,P0029,2025-07-19,Damaged
T20250065432,P0058,2025-01-07,Customer Changed Mind
T20250055538,P0253,2025-12-27,Damaged
T20250024866,P0296,2026-10-30,Wrong Item
T20260057195,P0321,2025-12-20,Customer Changed Mind
T20250131667,P0190,2026-08-09,Damaged
T20260008794,P0275,2025-12-30,Damaged
T20250044299,P0253,2025-12-04,Customer Changed Mind
T20260130750,P0444,2026-01-30,Damaged
T20260102199,P0411,2026-09-27,Damaged
T20250089917,P0403,2026-06-04,Wrong Item
T20250143058,P0144,2026-10-02,Damaged
T20260051641,P0362,2025-06-23,Customer Changed Mind
T20260073531,P0379,2026-06-13,Customer Changed Mind
T20260039867,P0014,2026-09-06,Damaged
T20260090730,P0318,2026-06-06,Damaged
T20250122650,P0335,2025-08-07,Customer Changed Mind
T20260041433,P0011,2025-06-02,Customer Changed Mind
T20250035140,P0360,2025-08-19,Damaged
T20250016234,P0403,2025-04-15,Wrong Item
T20250082161,P0352,2026-12-01,Customer Changed Mind
T20250010692,P0500,2026-10-17,Damaged
T20260018866,P0082,2025-07-18,Wrong Item
T20260144106,P0083,2025-06-12,Damaged
T20260040468,P0247,2026-10-19,Wrong Item
T20260070965,P0490,2026-07-08,Wrong Item
T20260031284,P0051,2026-11-09,Damaged
T20260028320,P0416,2026-11-08,Wrong Item
T20250063946,P0320,2026-09-02,Damaged
T20260129395,P0328,2026-03-13,Wrong Item
T20260072801,P0055,2025-02-08,Damaged
T20250133910,P0008,2025-04-04,Wrong Item
T20260123463,P0052,2026-03-12,Damaged
T20260024190,P0359,2026-07-06,Wrong Item
T20260129338,P0462,2025-07-19,Wrong Item
T20250135657,P0146,2026-10-08,Damaged
T20260136199,P0115,2026-08-18,Wrong Item
T20260011490,P0481,2025-01-01,Customer Changed Mind
T20250042880,P0258,2026-05-09,Damaged
T20260010429,P0272,2026-05-20,Wrong Item
T20250070963,P0162,2026-06-16,Wrong Item
T20260085540,P0442,2026-07-17,Damaged
T20250144914,P0442,2025-08-25,Customer Changed Mind
T20250028427,P0003,2026-06-28,Damaged
T20260114061,P0035,2025-03-30,Customer Changed Mind
T20260032314,P0466,2026-11-11,Wrong Item
T20260142187,P0144,2025-01-28,Customer Changed Mind
T20260123083,P0218,2025-09-21,Customer Changed Mind
T20250094128,P0470,2026-06-25,Customer Changed Mind
T20260116859,P0462,2025-08-15,Customer Changed Mind
T20260115159,P0122,2026-06-06,Wrong Item
T20260062956,P0215,2025-03-16,Damaged
T20260068651,P0274,2025-11-13,Customer Changed Mind
T20250121199,P0023,2026-10-13,Customer Changed Mind
T20260076924,P0454,2025-10-08,Damaged
T20250073694,P0073,2025-08-06,Wrong Item
T20260113937,P0400,2025-05-26,Customer Changed Mind
T20260028303,P0488,2026-12-27,Damaged
T20260003707,P0208,2025-01-30,Wrong Item
T20250000030,P0395,2025-02-15,Customer Changed Mind
T20260071553,P0253,2026-05-20,Customer Changed Mind
T20260049317,P0053,2025-09-30,Customer Changed Mind
T20250063593,P0157,2025-10-21,Customer Changed Mind
T20250022364,P0260,2025-07-17,Damaged
T20250093363,P0339,2025-01-09,Customer Changed Mind
T20250102888,P0024,2026-09-21,Wrong Item
T20260142054,P0430,2026-02-23,Damaged
T20250007685,P0303,2025-09-26,Wrong Item
T20260082223,P0101,2025-09-22,Wrong Item
T20260057443,P0311,2026-05-01,Customer Changed Mind
T20260098654,P0029,2026-06-18,Damaged
T20250128640,P0101,2026-01-04,Wrong Item
T20250135506,P0104,2026-09-05,Customer Changed Mind
T20250031461,P0008,2026-07-26,Customer Changed Mind
T20260031704,P0339,2025-05-14,Damaged
T20250008821,P0368,2025-02-23,Damaged
T20260081246,P0153,2026-01-06,Damaged
T20260044823,P0338,2025-02-12,Wrong Item
T20260119306,P0308,2025-02-09,Damaged
T20260103287,P0405,2025-07-24,Customer Changed Mind
T20250096171,P0450,2025-04-12,Customer Changed Mind
T20260090571,P0074,2025-05-28,Wrong Item
T20260109928,P0084,2026-02-15,Wrong Item
T20250026773,P0015,2026-09-07,Wrong Item
T20260005171,P0159,2025-03-30,Damaged
T20260111063,P0252,2025-03-19,Damaged
T20260119310,P0432,2025-01-09,Damaged
T20260123419,P0022,2025-03-22,Customer Changed Mind
T20260099884,P0492,2026-01-30,Customer Changed Mind
T20250109413,P0149,2025-12-30,Wrong Item
T20260046312,P0305,2025-02-21,Customer Changed Mind
T20260000455,P0424,2026-07-05,Damaged
T20260051206,P0341,2025-05-09,Damaged
T20260046184,P0472,2025-03-09,Customer Changed Mind
T20260043951,P0371,2025-06-23,Customer Changed Mind
T20260092635,P0071,2026-04-15,Damaged
T20260003529,P0292,2026-05-07,Damaged
T20250083095,P0346,2025-04-25,Wrong Item
T20250062319,P0253,2026-11-24,Customer Changed Mind
T20250005979,P0497,2025-01-24,Wrong Item
T20260009309,P0262,2025-04-29,Customer Changed Mind
T20260137671,P0281,2025-11-30,Damaged
T20260033221,P0139,2026-11-06,Damaged
T20260141443,P0299,2026-05-19,Damaged
T20260015252,P0296,2026-01-21,Customer Changed Mind
T20260041221,P0328,2025-12-24,Wrong Item
T20260012873,P0045,2026-11-15,Customer Changed Mind
T20260135498,P0027,2025-10-19,Customer Changed Mind
T20260059296,P0353,2025-09-25,Damaged
T20250111660,P0043,2026-12-24,Damaged
T20260073269,P0417,2026-08-11,Wrong Item
T20250147626,P0114,2026-07-13,Customer Changed Mind
T20250081300,P0052,2026-05-06,Wrong Item
T20260009816,P0146,2026-12-04,Customer Changed Mind
T20250136963,P0007,2026-09-07,Customer Changed Mind
T20250009840,P0249,2026-01-05,Damaged
T20250123730,P0017,2025-05-27,Damaged
T20250056974,P0286,2026-12-06,Wrong Item
T20250108186,P0374,2026-11-08,Wrong Item
T20260092628,P0083,2025-01-21,Customer Changed Mind
T20250120358,P0231,2025-08-16,Wrong Item
T20260066986,P0012,2025-05-28,Customer Changed Mind
T20250126628,P0075,2026-10-18,Damaged
T20250044479,P0066,2025-03-13,Wrong Item
T20260045184,P0324,2025-04-16,Damaged
T20250025488,P0403,2025-10-21,Damaged
T20260044674,P0035,2026-05-31,Wrong Item
T20250099337,P0473,2026-03-20,Customer Changed Mind
T20250130261,P0213,2026-08-16,Damaged
T20260100562,P0146,2026-01-17,Damaged
T20260136688,P0080,2025-08-23,Damaged
T20260076160,P0237,2026-05-11,Wrong Item
T20260085478,P0421,2025-04-15,Damaged
T20250120256,P0342,2026-11-25,Customer Changed Mind
T20260130775,P0409,2025-04-10,Customer Changed Mind
T20250040973,P0070,2026-05-28,Customer Changed Mind
T20260056334,P0021,2025-07-01,Customer Changed Mind
T20260016757,P0019,2026-12-23,Wrong Item
T20260125859,P0155,2025-11-20,Wrong Item
T20260015915,P0308,2026-08-11,Damaged
T20250094513,P0433,2025-04-08,Damaged
T20260082492,P0084,2026-06-10,Wrong Item
T20260039839,P0100,2026-10-23,Damaged
T20260093096,P0487,2025-11-23,Wrong Item
T20250111474,P0441,2025-02-08,Customer Changed Mind
T20260054728,P0470,2025-02-06,Damaged
T20250115755,P0334,2025-04-04,Customer Changed Mind
T20250028665,P0498,2025-04-26,Customer Changed Mind
T20260028040,P0166,2026-06-16,Customer Changed Mind
T20250050888,P0115,2026-07-28,Damaged
T20260064535,P0478,2025-03-21,Customer Changed Mind
T20260018299,P0014,2025-04-15,Wrong Item
T20250011033,P0338,2026-08-18,Customer Changed Mind
T20260090214,P0157,2025-10-22,Damaged
T20260075421,P0069,2026-08-31,Damaged
T20250104043,P0255,2025-10-20,Wrong Item
T20250021948,P0222,2026-02-09,Damaged
T20260131538,P0459,2025-08-18,Damaged
T20250021039,P0232,2025-07-07,Customer Changed Mind
T20260020265,P0022,2025-08-07,Wrong Item
T20250130042,P0388,2026-02-12,Damaged
T20260061379,P0309,2025-03-03,Damaged
T20250008361,P0235,2025-09-27,Wrong Item
T20260052681,P0484,2025-06-08,Damaged
T20250008122,P0239,2025-11-05,Wrong Item
T20260106319,P0248,2025-03-21,Wrong Item
T20260138572,P0467,2026-08-14,Customer Changed Mind
T20260027737,P0052,2025-02-26,Wrong Item
T20250004148,P0053,2025-07-21,Damaged
T20250141487,P0033,2026-08-26,Customer Changed Mind
T20260089878,P0457,2025-07-08,Wrong Item
T20250095726,P0394,2025-11-25,Customer Changed Mind
T20260113608,P0331,2025-07-31,Customer Changed Mind
T20260034284,P0479,2026-11-19,Wrong Item
T20260148046,P0480,2025-10-26,Customer Changed Mind
T20260089445,P0305,2026-06-11,Wrong Item
T20260044266,P0056,2025-10-18,Customer Changed Mind
T20260059878,P0096,2026-03-11,Customer Changed Mind
T20260000120,P0003,2026-03-19,Damaged
T20250103020,P0234,2026-10-27,Customer Changed Mind
T20260081425,P0387,2025-09-28,Customer Changed Mind
T20250142511,P0374,2025-02-17,Customer Changed Mind
T20260023075,P0249,2026-12-15,Damaged
T20260082003,P0280,2025-12-05,Customer Changed Mind
T20260128942,P0034,2025-12-20,Customer Changed Mind
T20260121111,P0117,2025-08-02,Customer Changed Mind
T20250061984,P0106,2026-05-09,Wrong Item
T20250047446,P0372,2026-05-14,Wrong Item
T20250023899,P0234,2026-09-07,Customer Changed Mind
T20250093300,P0046,2025-10-20,Damaged
T20250070910,P0019,2025-10-10,Damaged
T20260086433,P0373,2025-11-30,Wrong Item
T20250139319,P0294,2026-09-29,Wrong Item
T20250074340,P0101,2025-01-20,Wrong Item
T20260060296,P0438,2026-07-08,Damaged
T20250039604,P0213,2025-03-09,Damaged
T20250112583,P0018,2025-11-06,Wrong Item
T20260104021,P0098,2025-03-17,Damaged
T20250114631,P0378,2025-06-19,Wrong Item
T20260112650,P0171,2025-07-02,Customer Changed Mind
T20260144982,P0021,2025-12-19,Customer Changed Mind
T20260137111,P0470,2025-12-07,Wrong Item
T20250110011,P0021,2026-01-30,Wrong Item
T20260076052,P0016,2026-03-31,Wrong Item
T20260010883,P0129,2025-07-25,Wrong Item
T20260015133,P0294,2026-09-29,Customer Changed Mind
T20260137664,P0298,2025-03-04,Customer Changed Mind
T20250102727,P0230,2025-04-02,Wrong Item
T20260060547,P0289,2025-07-12,Damaged
T20260097971,P0104,2025-11-22,Damaged
T20250080160,P0481,2025-08-20,Customer Changed Mind
T20260130531,P0062,2025-09-06,Wrong Item
T20250037182,P0035,2026-06-11,Damaged
T20260018176,P0269,2025-01-05,Customer Changed Mind
T20260105592,P0411,2025-12-22,Damaged
T20250001763,P0015,2026-07-10,Damaged
T20260097789,P0201,2025-07-12,Damaged
T20250030685,P0432,2025-04-19,Wrong Item
T20250127798,P0028,2026-10-17,Customer Changed Mind
T20260024443,P0424,2025-07-29,Customer Changed Mind
T20250049758,P0119,2026-07-06,Customer Changed Mind
T20250002913,P0155,2026-03-27,Damaged
T20260093046,P0309,2025-02-17,Wrong Item
T20250138784,P0294,2026-08-01,Customer Changed Mind
T20260010279,P0085,2026-01-02,Damaged
T20260011230,P0339,2025-07-12,Wrong Item
T20260014493,P0266,2026-01-19,Wrong Item
T20250114574,P0275,2026-09-11,Damaged
T20250036283,P0459,2026-09-23,Customer Changed Mind
T20250034071,P0083,2025-08-02,Customer Changed Mind
T20250090190,P0263,2026-09-22,Damaged
T20250112680,P0465,2025-09-12,Customer Changed Mind
T20260050466,P0149,2026-01-02,Damaged
T20260121426,P0285,2025-12-16,Customer Changed Mind
T20250091160,P0365,2025-12-31,Customer Changed Mind
T20250042996,P0478,2026-01-01,Wrong Item
T20260013601,P0318,2026-10-06,Customer Changed Mind
T20250138139,P0395,2025-08-25,Damaged
T20250063119,P0124,2026-09-04,Wrong Item
T20260087837,P0177,2026-10-23,Wrong Item
T20260105012,P0237,2025-11-01,Damaged
T20260030008,P0149,2026-01-29,Customer Changed Mind
T20250080552,P0128,2026-10-24,Wrong Item
T20260126426,P0187,2026-07-01,Wrong Item
T20250074909,P0403,2026-12-06,Wrong Item
T20250019310,P0474,2026-07-31,Damaged
T20260121933,P0374,2026-11-18,Damaged
T20250126192,P0456,2025-01-26,Customer Changed Mind
T20260020035,P0461,2026-06-12,Customer Changed Mind
T20250069606,P0331,2026-07-24,Wrong Item
T20260058584,P0284,2026-08-25,Damaged
T20260050138,P0196,2025-12-11,Wrong Item
T20250113184,P0294,2026-06-15,Customer Changed Mind
T20260094143,P0146,2026-10-22,Wrong Item
T20250117925,P0262,2026-03-17,Wrong Item
T20260015333,P0007,2026-10-17,Damaged
T20250062144,P0127,2026-11-30,Customer Changed Mind
T20260102081,P0250,2025-11-05,Customer Changed Mind
T20260058247,P0422,2026-10-30,Customer Changed Mind
T20260055821,P0498,2025-08-28,Wrong Item
T20250060800,P0204,2026-03-14,Wrong Item
T20250132059,P0269,2026-12-16,Customer Changed Mind
T20250066477,P0290,2025-12-01,Customer Changed Mind
T20250019796,P0002,2026-01-22,Wrong Item
T20250091536,P0233,2025-01-23,Customer Changed Mind
T20250126920,P0404,2026-04-30,Damaged
T20260023121,P0118,2025-12-06,Customer Changed Mind
T20250117338,P0396,2025-01-24,Wrong Item
T20260093718,P0116,2026-03-14,Damaged
T20250052542,P0414,2026-09-30,Customer Changed Mind
T20260030508,P0266,2025-03-02,Damaged
T20250088558,P0272,2025-11-28,Wrong Item
T20250091823,P0141,2025-06-05,Wrong Item
T20260025857,P0425,2025-10-22,Customer Changed Mind
T20250037048,P0234,2025-08-22,Customer Changed Mind
T20260095858,P0433,2026-03-22,Damaged
T20250075863,P0320,2025-08-13,Customer Changed Mind
T20250070919,P0034,2025-12-03,Customer Changed Mind
T20250034872,P0281,2025-11-14,Damaged
T20260096658,P0212,2026-08-12,Customer Changed Mind
T20260053211,P0090,2026-06-14,Wrong Item
T20260086757,P0126,2026-06-23,Customer Changed Mind
T20260124846,P0441,2026-01-11,Damaged
T20250085632,P0373,2025-07-14,Customer Changed Mind
T20250139737,P0315,2025-08-27,Wrong Item
T20260120431,P0104,2026-09-24,Customer Changed Mind
T20260046364,P0216,2026-12-22,Damaged
T20250073899,P0413,2026-10-26,Customer Changed Mind
T20260123699,P0012,2026-07-16,Wrong Item
T20250075736,P0486,2025-12-25,Customer Changed Mind
T20250145023,P0177,2025-11-29,Wrong Item
T20260103784,P0420,2026-12-13,Customer Changed Mind
T20250003242,P0144,2025-07-02,Customer Changed Mind
T20250047889,P0132,2025-12-22,Wrong Item
T20260106486,P0186,2026-06-30,Customer Changed Mind
T20260062045,P0353,2025-01-29,Wrong Item
T20260097248,P0492,2026-09-05,Wrong Item
T20260024681,P0410,2025-09-30,Wrong Item
T20260041738,P0188,2025-12-07,Wrong Item
T20250093799,P0231,2026-09-07,Wrong Item
T20260048795,P0129,2026-09-04,Customer Changed Mind
T20260020557,P0481,2026-04-03,Customer Changed Mind
T20260007993,P0427,2025-10-20,Wrong Item
T20260082365,P0406,2025-02-10,Wrong Item
T20260061143,P0247,2026-01-11,Wrong Item
T20250107901,P0034,2026-07-28,Wrong Item
T20250104538,P0138,2026-02-05,Customer Changed Mind
T20250041776,P0359,2025-02-17,Damaged
T20260106736,P0114,2025-01-19,Customer Changed Mind
T20250110033,P0206,2026-09-20,Damaged
T20260035949,P0205,2026-05-06,Wrong Item
T20260006183,P0443,2025-06-01,Customer Changed Mind
T20260121143,P0220,2025-05-21,Wrong Item
T20250068494,P0285,2026-06-26,Customer Changed Mind
T20250031648,P0407,2025-10-19,Customer Changed Mind
T20250032327,P0206,2025-08-10,Wrong Item
T20250138746,P0177,2026-11-26,Wrong Item
T20260001825,P0170,2025-01-30,Wrong Item
T20250067379,P0288,2026-09-05,Damaged
T20260001584,P0009,2025-08-16,Wrong Item
T20250069594,P0140,2026-03-29,Damaged
T20260112971,P0248,2026-03-14,Damaged
T20260100557,P0347,2026-03-16,Customer Changed Mind
T20260037994,P0109,2026-04-11,Customer Changed Mind
T20250057445,P0385,2026-01-21,Customer Changed Mind
T20250074119,P0197,2025-08-01,Damaged
T20260011338,P0202,2025-12-21,Customer Changed Mind
T20250063429,P0101,2026-01-21,Wrong Item
T20250119234,P0067,2025-02-03,Customer Changed Mind
T20250048549,P0054,2025-10-14,Customer Changed Mind
T20250060168,P0373,2026-03-10,Wrong Item
T20260084243,P0303,2025-05-26,Damaged
T20260038946,P0329,2025-09-05,Customer Changed Mind
T20250078241,P0165,2026-12-27,Customer Changed Mind
T20260040307,P0357,2025-03-04,Wrong Item
T20250124007,P0482,2025-01-30,Customer Changed Mind
T20260134827,P0439,2026-02-06,Customer Changed Mind
T20250038030,P0269,2026-04-22,Damaged
T20250084421,P0051,2025-03-16,Customer Changed Mind
T20250105955,P0180,2026-12-01,Customer Changed Mind
T20250148581,P0057,2025-04-17,Customer Changed Mind
T20260120446,P0497,2025-10-04,Damaged
T20250126139,P0239,2026-01-07,Customer Changed Mind
T20260072326,P0057,2025-08-12,Customer Changed Mind
T20250093127,P0222,2026-11-03,Damaged
T20250061300,P0054,2025-10-31,Wrong Item
T20250138521,P0216,2025-07-20,Damaged
T20260109130,P0463,2025-12-30,Customer Changed Mind
T20250044740,P0145,2026-10-16,Customer Changed Mind
T20250068522,P0439,2026-11-04,Customer Changed Mind
T20260036116,P0039,2025-01-08,Wrong Item
T20250148140,P0383,2025-01-29,Damaged
T20250133119,P0121,2026-11-02,Damaged
T20260121284,P0348,2025-02-20,Customer Changed Mind
T20260116545,P0369,2026-03-05,Customer Changed Mind
T20260079074,P0338,2025-05-07,Damaged
T20260145395,P0157,2026-12-17,Customer Changed Mind
T20260144390,P0314,2025-11-23,Customer Changed Mind
T20250023956,P0382,2025-11-19,Wrong Item
T20250009799,P0449,2026-07-28,Customer Changed Mind
T20260066324,P0419,2025-05-23,Customer Changed Mind
T20250067589,P0061,2025-02-01,Customer Changed Mind
T20260122405,P0193,2025-02-21,Wrong Item
T20250042518,P0053,2025-10-10,Wrong Item
T20250005311,P0118,2025-07-08,Customer Changed Mind
T20250024699,P0333,2026-10-28,Customer Changed Mind
T20260024551,P0026,2025-06-12,Customer Changed Mind
T20260101222,P0108,2025-08-27,Wrong Item
T20260103288,P0444,2025-08-29,Wrong Item
T20250034637,P0335,2026-06-24,Damaged
T20250142637,P0276,2025-08-06,Damaged
T20250057162,P0274,2025-12-08,Customer Changed Mind
T20260124412,P0026,2025-12-12,Wrong Item
T20260090541,P0090,2025-07-01,Damaged
T20260013642,P0442,2026-05-18,Damaged
T20260144039,P0269,2025-03-31,Damaged
T20260134149,P0044,2026-02-28,Customer Changed Mind
T20260012115,P0485,2026-06-06,Customer Changed Mind
T20250068214,P0387,2025-10-30,Wrong Item
T20250074338,P0023,2026-05-12,Wrong Item
T20250003710,P0377,2025-06-14,Damaged
T20250044978,P0097,2026-08-31,Damaged
T20250121607,P0313,2025-03-15,Customer Changed Mind
T20260067380,P0116,2025-08-09,Damaged
T20260027426,P0095,2026-11-16,Customer Changed Mind
T20250026524,P0288,2026-09-11,Wrong Item
T20260011390,P0138,2025-09-08,Wrong Item
T20250079783,P0168,2025-05-23,Customer Changed Mind
T20250004250,P0195,2026-03-14,Wrong Item
T20250099012,P0352,2025-09-28,Customer Changed Mind
T20260029901,P0153,2026-07-12,Customer Changed Mind
T20250067350,P0432,2026-09-19,Customer Changed Mind
T20250129301,P0061,2025-07-05,Customer Changed Mind
T20260031456,P0340,2026-12-22,Damaged
T20260112296,P0006,2026-06-26,Customer Changed Mind
T20260005335,P0061,2025-05-19,Customer Changed Mind
T20250122674,P0342,2026-10-05,Wrong Item
T20260073929,P0141,2025-04-21,Damaged
T20260023558,P0152,2025-06-07,Customer Changed Mind
T20260041694,P0057,2026-07-29,Customer Changed Mind
T20250041233,P0242,2026-03-17,Wrong Item
T20250140848,P0251,2026-08-23,Wrong Item
T20250070485,P0021,2025-07-28,Damaged
T20250072282,P0482,2026-04-29,Damaged
T20260122115,P0186,2026-12-18,Wrong Item
T20250084609,P0424,2025-03-02,Wrong Item
T20260068282,P0287,2026-04-10,Wrong Item
T20260073408,P0008,2025-01-29,Wrong Item
T20260149514,P0043,2026-03-05,Wrong Item
T20250081934,P0266,2026-06-18,Wrong Item
T20260041971,P0067,2026-12-20,Damaged
T20260040741,P0066,2025-05-18,Wrong Item
T20260122934,P0410,2025-09-11,Customer Changed Mind
T20260063339,P0303,2025-06-09,Damaged
T20260004846,P0239,2025-05-10,Customer Changed Mind
T20250129884,P0183,2025-07-29,Wrong Item
T20250087195,P0467,2026-05-19,Damaged
T20250123465,P0335,2025-03-10,Wrong Item
T20260000034,P0296,2025-04-27,Wrong Item
T20260132104,P0470,2026-03-17,Customer Changed Mind
T20260007339,P0353,2026-04-18,Customer Changed Mind
T20260011312,P0439,2025-12-14,Wrong Item
T20250095723,P0276,2025-12-06,Wrong Item
T20250031512,P0283,2026-03-12,Damaged
T20250053157,P0355,2026-01-19,Wrong Item
T20260112738,P0161,2025-09-06,Customer Changed Mind
T20260040353,P0376,2026-05-28,Customer Changed Mind
T20250094609,P0121,2025-05-21,Wrong Item
T20260072042,P0447,2026-11-22,Damaged
T20250132170,P0125,2025-10-14,Customer Changed Mind
T20250054188,P0499,2026-11-02,Customer Changed Mind
T20250045339,P0196,2026-03-07,Wrong Item
T20260031759,P0171,2026-06-23,Damaged
T20250061896,P0487,2025-09-29,Customer Changed Mind
T20260023361,P0349,2026-12-03,Customer Changed Mind
T20250033267,P0044,2025-08-16,Damaged
T20260025498,P0252,2025-07-20,Damaged
T20250038973,P0366,2025-07-27,Customer Changed Mind
T20260067832,P0250,2026-12-14,Wrong Item
T20260083763,P0134,2025-01-14,Wrong Item
T20250080915,P0412,2025-09-08,Wrong Item
T20260000147,P0235,2025-08-12,Damaged
T20250104360,P0464,2025-08-10,Customer Changed Mind
T20250095083,P0100,2025-11-15,Wrong Item
T20250097246,P0148,2026-12-31,Damaged
T20250081925,P0184,2025-12-30,Customer Changed Mind
T20260142860,P0130,2025-03-11,Customer Changed Mind
T20250055419,P0381,2025-08-11,Wrong Item
T20260098619,P0360,2025-12-05,Damaged
T20260069644,P0313,2025-05-06,Customer Changed Mind
T20260085404,P0372,2026-05-07,Damaged
T20260034984,P0327,2025-09-27,Wrong Item
T20260097530,P0142,2025-01-02,Customer Changed Mind
T20250031820,P0159,2026-09-20,Damaged
T20250000682,P0266,2025-06-07,Damaged
T20260122723,P0366,2025-09-10,Wrong Item
T20260124766,P0129,2025-01-06,Wrong Item
T20250013430,P0498,2025-12-30,Wrong Item
T20250084113,P0164,2025-04-24,Damaged
T20250082642,P0342,2026-11-18,Customer Changed Mind
T20250140369,P0047,2026-05-21,Wrong Item
T20260003772,P0111,2025-02-06,Wrong Item
T20260091536,P0358,2025-02-01,Damaged
T20250079528,P0341,2026-01-16,Wrong Item
T20260137489,P0158,2025-04-08,Damaged
T20250062200,P0094,2025-10-26,Wrong Item
T20260100506,P0133,2026-08-08,Wrong Item
T20260018418,P0241,2026-02-16,Damaged
T20260036998,P0155,2026-10-09,Customer Changed Mind
T20250055532,P0314,2026-04-30,Damaged
T20250114472,P0416,2025-11-18,Wrong Item
T20260001766,P0226,2025-03-31,Wrong Item
T20260065982,P0448,2025-06-17,Damaged
T20260128591,P0257,2026-08-02,Wrong Item
T20250143655,P0463,2025-12-14,Damaged
T20250133231,P0338,2025-08-18,Wrong Item
T20260129721,P0109,2026-04-16,Wrong Item
T20260094833,P0318,2026-11-29,Customer Changed Mind
T20250017376,P0354,2026-06-07,Damaged
T20260095323,P0397,2025-10-10,Wrong Item
T20250124423,P0135,2026-02-05,Wrong Item
T20250084617,P0369,2025-06-09,Customer Changed Mind
T20260069264,P0033,2025-03-21,Customer Changed Mind
T20260049045,P0221,2026-06-25,Damaged
T20260050908,P0481,2025-12-09,Wrong Item
T20260096917,P0308,2025-11-22,Wrong Item
T20250079491,P0257,2026-08-25,Wrong Item
T20250017411,P0493,2025-05-18,Wrong Item
T20260121139,P0479,2025-08-01,Customer Changed Mind
T20250013867,P0245,2026-12-21,Damaged
T20260108463,P0169,2025-01-16,Damaged
T20250071802,P0087,2025-07-14,Damaged
T20250140209,P0430,2026-12-17,Damaged
T20250004037,P0284,2026-06-19,Customer Changed Mind
T20250007033,P0409,2025-02-20,Wrong Item
T20260011846,P0276,2026-09-11,Customer Changed Mind
T20250110653,P0188,2026-04-25,Wrong Item
T20250125479,P0361,2026-05-01,Wrong Item
T20250012804,P0347,2026-06-01,Damaged
T20260016737,P0416,2025-07-07,Customer Changed Mind
T20260120721,P0305,2026-02-12,Wrong Item
T20250045989,P0429,2026-07-10,Wrong Item
T20260015845,P0396,2025-08-28,Customer Changed Mind
T20250051722,P0162,2026-11-26,Customer Changed Mind
T20260073040,P0036,2026-04-20,Damaged
T20250003695,P0333,2026-07-11,Wrong Item
T20260108572,P0448,2026-12-27,Wrong Item
T20260038713,P0072,2025-02-06,Damaged
T20250142256,P0151,2026-05-08,Damaged
T20250086490,P0267,2026-04-11,Damaged
T20260032555,P0097,2026-05-17,Damaged
T20250140568,P0410,2025-03-11,Customer Changed Mind
T20260053550,P0352,2026-12-03,Damaged
T20260019836,P0340,2025-05-28,Damaged
T20250009419,P0381,2025-10-28,Damaged
T20260018641,P0436,2026-05-22,Wrong Item
T20250144577,P0406,2026-06-07,Customer Changed Mind
T20250075074,P0438,2026-02-14,Wrong Item
T20260057771,P0450,2026-05-09,Damaged
T20260126295,P0143,2026-06-01,Damaged
T20250059424,P0267,2026-08-06,Wrong Item
T20260089210,P0453,2026-03-02,Damaged
T20250057753,P0168,2026-01-07,Damaged
T20250093707,P0302,2025-01-07,Damaged
T20260007733,P0220,2025-05-12,Wrong Item
T20260036874,P0374,2025-01-28,Damaged
T20260042199,P0255,2025-12-31,Wrong Item
T20250093489,P0276,2025-07-07,Customer Changed Mind
T20260115797,P0061,2025-10-03,Damaged
T20260137050,P0464,2026-07-03,Customer Changed Mind
T20250095508,P0404,2025-12-04,Wrong Item
T20250053284,P0036,2026-05-16,Damaged
T20250034780,P0142,2026-11-12,Damaged
T20260036536,P0015,2025-12-07,Customer Changed Mind
T20260126530,P0143,2026-04-15,Damaged
T20250131284,P0331,2026-05-02,Customer Changed Mind
T20260075463,P0402,2025-04-01,Wrong Item
T20260139062,P0302,2025-10-14,Customer Changed Mind
T20260063676,P0180,2026-08-04,Wrong Item
T20260030235,P0457,2025-08-17,Damaged
T20260131959,P0015,2025-10-21,Damaged
T20260132679,P0484,2025-10-09,Wrong Item
T20250062282,P0262,2025-10-14,Damaged
T20260009883,P0222,2026-06-01,Customer Changed Mind
T20260014521,P0184,2026-09-01,Wrong Item
T20250113422,P0095,2025-06-02,Damaged
T20250066316,P0371,2026-10-08,Damaged
T20260048050,P0035,2025-07-11,Wrong Item
T20250032580,P0436,2026-11-10,Customer Changed Mind
T20250134031,P0086,2026-08-19,Damaged
T20250095252,P0109,2025-10-28,Damaged
T20260023106,P0399,2025-11-18,Damaged
T20260107195,P0140,2025-10-08,Damaged
T20250013896,P0412,2026-01-23,Damaged
T20260004048,P0192,2026-03-16,Wrong Item
T20260086558,P0224,2026-05-01,Wrong Item
T20250138405,P0230,2026-05-15,Wrong Item
T20260109179,P0183,2026-02-22,Damaged
T20250048768,P0028,2025-05-31,Damaged
T20250096989,P0108,2026-08-25,Damaged
T20260023421,P0082,2026-01-10,Customer Changed Mind
T20260012905,P0434,2026-01-17,Customer Changed Mind
T20260053327,P0269,2025-08-22,Damaged
T20260107464,P0076,2025-03-03,Wrong Item
T20260015973,P0389,2025-05-06,Damaged
T20250110587,P0231,2026-06-11,Customer Changed Mind
T20250116398,P0260,2025-06-08,Wrong Item
T20250058693,P0143,2026-08-15,Damaged
T20260010428,P0300,2026-03-29,Wrong Item
T20250048216,P0415,2025-03-21,Customer Changed Mind
T20250074482,P0436,2025-11-22,Damaged
T20260131599,P0293,2025-12-30,Wrong Item
T20260025352,P0212,2025-02-09,Damaged
T20260110642,P0060,2025-01-14,Wrong Item
T20250085565,P0083,2025-02-25,Damaged
T20250094046,P0430,2026-09-25,Wrong Item
T20260136927,P0288,2025-02-23,Customer Changed Mind
T20260102814,P0278,2026-08-18,Wrong Item
T20260000708,P0329,2025-04-12,Customer Changed Mind
T20250128528,P0032,2025-10-16,Customer Changed Mind
T20260147155,P0357,2026-01-17,Wrong Item
T20260071382,P0391,2026-02-13,Customer Changed Mind
T20260080414,P0151,2026-06-07,Wrong Item
T20250039810,P0421,2025-07-18,Wrong Item
T20260094400,P0371,2026-05-16,Customer Changed Mind
T20260140531,P0247,2026-03-19,Customer Changed Mind
T20250028524,P0291,2025-06-14,Wrong Item
T20260101335,P0304,2026-12-03,Damaged
T20250045025,P0257,2025-03-03,Wrong Item
T20250092774,P0159,2025-01-27,Damaged
T20250096164,P0123,2025-12-24,Wrong Item
T20260065170,P0162,2025-09-22,Wrong Item
T20260078873,P0492,2025-01-03,Damaged
T20250047088,P0257,2025-02-10,Damaged
T20250100662,P0468,2025-10-20,Customer Changed Mind
T20260067244,P0401,2026-09-10,Damaged
T20260002231,P0464,2025-01-12,Wrong Item
T20250101133,P0100,2026-05-14,Damaged
T20250098060,P0106,2026-07-12,Wrong Item
T20250111956,P0074,2026-03-22,Customer Changed Mind
T20260144815,P0453,2025-01-11,Wrong Item
T20250011047,P0384,2025-12-20,Customer Changed Mind
T20260136519,P0474,2026-12-28,Damaged
T20260023206,P0454,2025-01-26,Customer Changed Mind
T20250011404,P0146,2026-01-20,Customer Changed Mind
T20260079496,P0265,2026-04-29,Damaged
T20250137195,P0461,2025-05-15,Customer Changed Mind
T20250109231,P0109,2025-07-02,Wrong Item
T20250063812,P0141,2025-08-15,Damaged
T20250107429,P0283,2025-06-23,Customer Changed Mind
T20260072381,P0265,2025-02-16,Customer Changed Mind
T20250043342,P0030,2026-11-11,Customer Changed Mind
T20260133614,P0466,2026-07-14,Customer Changed Mind
T20260027399,P0100,2025-12-15,Customer Changed Mind
T20250017029,P0287,2026-05-04,Damaged
T20250001684,P0134,2025-05-05,Wrong Item
T20250066884,P0433,2026-03-01,Damaged
T20250082669,P0350,2025-02-27,Damaged
T20250035800,P0357,2025-12-08,Customer Changed Mind
T20250065166,P0108,2026-09-30,Damaged
T20260025400,P0059,2025-10-18,Wrong Item
T20260112608,P0419,2025-01-15,Damaged
T20250042901,P0227,2025-10-08,Customer Changed Mind
T20250044614,P0050,2025-03-09,Customer Changed Mind
T20250099287,P0156,2025-08-17,Damaged
T20250109206,P0216,2026-04-13,Customer Changed Mind
T20250061230,P0385,2026-07-04,Damaged
T20250120502,P0004,2026-01-22,Customer Changed Mind
T20260113686,P0263,2025-01-10,Wrong Item
T20250012703,P0406,2026-04-05,Customer Changed Mind
T20250048336,P0436,2025-06-13,Customer Changed Mind
T20250069012,P0351,2025-09-09,Damaged
T20260007118,P0263,2026-08-29,Wrong Item
T20260089199,P0117,2026-08-21,Wrong Item
T20250046347,P0152,2025-08-08,Damaged
T20260122776,P0115,2025-12-25,Damaged
T20260036686,P0303,2025-07-03,Damaged
T20260103035,P0366,2025-07-30,Damaged
T20260052840,P0382,2025-06-25,Wrong Item
T20250068726,P0411,2026-10-21,Wrong Item
T20260073609,P0491,2026-07-02,Wrong Item
T20260031683,P0408,2026-02-27,Damaged
T20250142666,P0184,2026-12-16,Wrong Item
T20260117735,P0282,2026-05-29,Customer Changed Mind
T20260108570,P0080,2025-10-02,Damaged
T20260006885,P0249,2025-02-02,Customer Changed Mind
T20250001166,P0163,2026-12-23,Wrong Item
T20250037316,P0060,2026-05-16,Wrong Item
T20260038447,P0028,2025-11-18,Wrong Item
T20260140882,P0006,2025-06-01,Damaged
T20260026127,P0336,2026-12-11,Wrong Item
T20250082414,P0293,2025-08-15,Wrong Item
T20260140028,P0443,2025-10-30,Wrong Item
T20260071365,P0171,2026-06-06,Wrong Item
T20250112031,P0142,2025-05-28,Damaged
T20260091065,P0117,2025-02-09,Damaged
T20250106580,P0163,2026-11-14,Damaged
T20250041082,P0462,2026-02-24,Customer Changed Mind
T20260052261,P0079,2025-11-20,Wrong Item
T20250119685,P0362,2026-01-05,Wrong Item
T20260083632,P0208,2026-07-29,Wrong Item
T20250141183,P0477,2025-07-22,Customer Changed Mind
T20250140754,P0027,2026-06-07,Damaged
T20260066304,P0485,2025-03-12,Damaged
T20250069119,P0379,2026-04-20,Damaged
T20250034761,P0386,2025-03-03,Customer Changed Mind
T20250013706,P0479,2025-05-15,Wrong Item
T20260037441,P0348,2025-06-07,Customer Changed Mind
T20260046054,P0075,2025-05-17,Damaged
T20260008428,P0132,2025-03-20,Wrong Item
T20250113128,P0187,2026-09-22,Customer Changed Mind
T20250027715,P0172,2026-09-08,Damaged
T20260100928,P0089,2025-09-08,Wrong Item
T20250135990,P0373,2025-12-09,Wrong Item
T20260119067,P0041,2026-07-03,Wrong Item
T20260104982,P0367,2025-03-14,Customer Changed Mind
T20250087625,P0495,2025-06-21,Wrong Item
T20260025474,P0084,2025-10-10,Damaged
T20260096905,P0117,2025-01-02,Customer Changed Mind
T20260039827,P0105,2025-12-12,Customer Changed Mind
T20250008259,P0500,2026-12-21,Damaged
T20250027105,P0277,2026-12-03,Damaged
T20250056459,P0341,2025-01-01,Customer Changed Mind
T20260092106,P0224,2026-09-28,Wrong Item
T20260075675,P0132,2026-05-05,Customer Changed Mind
T20250129565,P0132,2026-07-25,Customer Changed Mind
T20260146029,P0396,2025-03-02,Customer Changed Mind
T20250017083,P0425,2025-01-25,Customer Changed Mind
T20250105563,P0309,2026-11-17,Damaged
T20250046860,P0323,2025-11-04,Wrong Item
T20260141158,P0346,2026-11-07,Customer Changed Mind
T20260137653,P0110,2026-01-09,Customer Changed Mind
T20250108320,P0001,2025-01-01,Wrong Item
T20260078886,P0436,2026-09-21,Wrong Item
T20250097830,P0171,2026-03-19,Wrong Item
T20260013971,P0030,2025-07-17,Wrong Item
T20260109406,P0324,2026-01-13,Wrong Item
T20250029798,P0359,2026-09-22,Customer Changed Mind
T20260121827,P0130,2026-09-30,Wrong Item
T20260143224,P0227,2025-07-18,Wrong Item
T20250110855,P0075,2026-06-04,Wrong Item
T20250061522,P0408,2025-08-08,Wrong Item
T20260140961,P0301,2025-12-29,Damaged
T20260025552,P0108,2026-02-08,Customer Changed Mind
T20260115521,P0258,2026-01-29,Wrong Item
T20260143051,P0039,2026-03-28,Damaged
T20250033679,P0191,2025-07-05,Damaged
T20250001249,P0372,2025-03-27,Customer Changed Mind
T20250083642,P0175,2025-01-02,Wrong Item
T20250071192,P0226,2026-07-22,Damaged
T20260089209,P0495,2026-09-17,Damaged
T20250053855,P0499,2026-03-03,Damaged
T20260048955,P0330,2026-10-31,Damaged
T20260068745,P0027,2026-03-04,Wrong Item
T20250123772,P0055,2026-12-02,Damaged
T20250075747,P0236,2026-07-10,Wrong Item
T20260122956,P0148,2026-01-26,Wrong Item
T20260082348,P0315,2026-08-02,Customer Changed Mind
T20260063503,P0085,2025-06-24,Customer Changed Mind
T20260005694,P0285,2026-11-02,Damaged
T20260056262,P0371,2026-09-18,Damaged
T20250100029,P0213,2026-08-13,Damaged
T20260124032,P0071,2026-03-06,Customer Changed Mind
T20260092884,P0335,2025-10-26,Wrong Item
T20250010563,P0439,2025-03-18,Damaged
T20260060426,P0011,2025-08-08,Wrong Item
T20260098904,P0045,2025-09-24,Wrong Item
T20250054435,P0349,2025-05-15,Customer Changed Mind
T20250064696,P0464,2025-08-02,Customer Changed Mind
T20260097571,P0193,2026-11-26,Customer Changed Mind
T20250046952,P0434,2026-07-13,Damaged
T20250051694,P0338,2025-03-07,Customer Changed Mind
T20260143420,P0288,2025-02-24,Customer Changed Mind
T20260028849,P0311,2025-02-23,Customer Changed Mind
T20260002286,P0311,2026-02-04,Damaged
T20250135079,P0178,2026-08-09,Damaged
T20250130517,P0045,2026-07-05,Wrong Item
T20250119874,P0413,2025-02-14,Wrong Item
T20260049174,P0035,2026-09-17,Damaged
T20260030149,P0203,2026-02-02,Damaged
T20260035560,P0428,2026-01-24,Customer Changed Mind
T20250074591,P0347,2026-03-08,Customer Changed Mind
T20260084546,P0271,2026-06-10,Damaged
T20250083589,P0017,2025-09-05,Customer Changed Mind
T20260016019,P0142,2025-01-14,Damaged
T20250046586,P0078,2026-09-11,Damaged
T20260085420,P0006,2025-09-17,Damaged
T20260044186,P0360,2025-06-03,Customer Changed Mind
T20250017652,P0316,2025-10-19,Wrong Item
T20260116078,P0415,2026-02-24,Damaged
T20250002882,P0302,2026-04-06,Damaged
T20260120579,P0285,2025-06-18,Customer Changed Mind
T20260039907,P0340,2025-05-24,Customer Changed Mind
T20260046874,P0199,2026-09-19,Damaged
T20250007221,P0215,2025-12-12,Customer Changed Mind
T20260078336,P0199,2026-06-30,Wrong Item
T20260049318,P0424,2025-01-08,Customer Changed Mind
T20250086523,P0160,2025-06-06,Damaged
T20260099339,P0294,2025-08-05,Wrong Item
T20250034904,P0291,2025-06-02,Wrong Item
T20250082111,P0461,2025-09-17,Wrong Item
T20260098572,P0146,2026-09-14,Damaged
T20260088427,P0119,2025-10-03,Damaged
T20250065090,P0436,2025-02-18,Wrong Item
T20260035192,P0223,2025-12-09,Damaged
T20260091561,P0004,2026-04-01,Damaged
T20250137118,P0190,2025-01-20,Damaged
T20250059441,P0204,2026-02-12,Damaged
T20250069499,P0043,2025-01-10,Damaged
T20250060463,P0388,2026-11-05,Wrong Item
T20250072239,P0005,2026-02-13,Customer Changed Mind
T20260112691,P0334,2026-10-31,Damaged
T20250042031,P0351,2026-02-12,Customer Changed Mind
T20260118446,P0146,2025-03-21,Wrong Item
T20260024990,P0327,2026-06-26,Customer Changed Mind
T20260106056,P0470,2026-07-05,Damaged
T20260013289,P0197,2025-07-23,Damaged
T20260060724,P0004,2026-05-01,Damaged
T20250133940,P0357,2026-04-18,Damaged
T20260063179,P0331,2025-08-23,Customer Changed Mind
T20260023477,P0112,2025-05-17,Wrong Item
T20260029797,P0354,2025-11-21,Damaged
T20260100887,P0227,2026-06-08,Wrong Item
T20260093952,P0363,2026-07-29,Wrong Item
T20260047926,P0319,2026-10-21,Customer Changed Mind
T20260146945,P0111,2025-10-17,Damaged
T20260134577,P0086,2025-12-09,Wrong Item
T20250129371,P0314,2026-03-17,Wrong Item
T20250085289,P0286,2025-01-10,Wrong Item
T20250031281,P0048,2026-04-01,Wrong Item
T20260045971,P0478,2026-12-21,Customer Changed Mind
T20260054434,P0351,2026-06-10,Damaged
T20260114904,P0487,2025-08-23,Damaged
T20250018400,P0376,2025-09-17,Wrong Item
T20260073602,P0487,2026-03-09,Damaged
T20250124383,P0097,2026-09-08,Wrong Item
T20250028085,P0093,2026-03-05,Damaged
T20260076808,P0134,2026-10-02,Damaged
T20250005002,P0433,2026-10-25,Wrong Item
T20260024297,P0352,2025-04-16,Wrong Item
T20260094695,P0284,2026-07-13,Wrong Item
T20260025243,P0217,2026-09-06,Wrong Item
T20250149250,P0407,2026-06-11,Customer Changed Mind
T20260060849,P0483,2026-03-17,Damaged
T20260127541,P0404,2026-09-30,Customer Changed Mind
T20260034230,P0478,2026-11-04,Damaged
T20250017712,P0223,2025-11-26,Customer Changed Mind
T20260054497,P0140,2025-06-21,Wrong Item
T20250094109,P0445,2025-09-22,Damaged
T20260007281,P0302,2026-04-04,Damaged
T20260129917,P0425,2025-02-20,Customer Changed Mind
T20250086585,P0074,2026-09-20,Wrong Item
T20260036549,P0185,2025-03-13,Wrong Item
T20260059059,P0286,2025-02-07,Damaged
T20260089259,P0327,2025-01-01,Customer Changed Mind
T20260017615,P0370,2025-02-02,Wrong Item
T20250003913,P0068,2026-10-03,Customer Changed Mind
T20260128912,P0007,2025-03-12,Wrong Item
T20260135952,P0381,2026-10-09,Customer Changed Mind
T20250074452,P0111,2026-07-23,Wrong Item
T20250137134,P0035,2025-05-25,Damaged
T20260138795,P0017,2026-07-27,Damaged
T20260002396,P0201,2026-12-23,Damaged
T20260009382,P0076,2026-09-15,Customer Changed Mind
T20250063694,P0155,2026-07-11,Wrong Item
T20250095411,P0404,2025-12-10,Customer Changed Mind
T20260002720,P0130,2026-01-13,Customer Changed Mind
T20260032480,P0404,2026-11-10,Wrong Item
T20260017608,P0154,2025-03-16,Wrong Item
T20260082220,P0113,2025-06-07,Damaged
T20260072314,P0245,2026-04-27,Wrong Item
T20250056073,P0390,2026-10-15,Wrong Item
T20260051328,P0265,2026-02-02,Customer Changed Mind
T20260123437,P0067,2026-01-28,Wrong Item
T20260143344,P0259,2025-04-14,Damaged
T20260027420,P0200,2026-05-10,Damaged
T20260006558,P0250,2026-02-14,Damaged
T20250039643,P0385,2026-05-24,Damaged
T20260004257,P0195,2025-03-03,Customer Changed Mind
T20260066290,P0216,2026-08-05,Wrong Item
T20260117091,P0372,2026-11-08,Damaged
T20260144639,P0285,2025-05-16,Customer Changed Mind
T20260011245,P0186,2025-10-11,Wrong Item
T20250149863,P0007,2025-03-29,Wrong Item
T20250057959,P0070,2025-03-23,Customer Changed Mind
T20260141254,P0065,2026-09-24,Damaged
T20250055234,P0392,2025-06-12,Customer Changed Mind
T20260087517,P0290,2026-05-27,Damaged
T20250034601,P0097,2025-09-13,Customer Changed Mind
T20260034950,P0341,2025-08-26,Wrong Item
T20260035683,P0294,2026-10-05,Customer Changed Mind
T20260035508,P0308,2026-02-22,Wrong Item
T20260123380,P0495,2026-11-06,Damaged
T20250014262,P0448,2025-09-28,Damaged
T20260073755,P0041,2026-07-25,Customer Changed Mind
T20250089696,P0109,2025-01-04,Wrong Item
T20250006000,P0117,2026-09-24,Wrong Item
T20250041727,P0427,2026-03-13,Wrong Item
T20250135893,P0402,2025-07-19,Wrong Item
T20250047710,P0499,2026-04-01,Damaged
T20250080448,P0032,2026-09-01,Wrong Item
T20250078918,P0362,2025-07-13,Wrong Item
T20260070259,P0065,2026-08-07,Wrong Item
T20250140640,P0099,2025-03-28,Wrong Item
T20260109122,P0435,2026-04-25,Damaged
T20260056800,P0217,2026-12-31,Damaged
T20260009935,P0153,2025-07-24,Damaged
T20260042580,P0092,2026-03-03,Wrong Item
T20250031295,P0174,2026-08-15,Wrong Item
T20250052574,P0324,2025-02-28,Wrong Item
T20260134495,P0202,2025-11-29,Wrong Item
T20260092218,P0321,2025-02-05,Customer Changed Mind
T20260013096,P0490,2025-09-05,Customer Changed Mind
T20250131080,P0015,2025-12-21,Customer Changed Mind
T20250116980,P0021,2026-04-22,Customer Changed Mind
T20250053851,P0169,2025-11-29,Customer Changed Mind
T20260070009,P0400,2025-09-27,Damaged
T20250054844,P0493,2025-11-21,Customer Changed Mind
T20250047564,P0378,2026-09-19,Damaged
T20260068763,P0313,2025-12-27,Wrong Item
T20260018611,P0135,2026-06-23,Damaged
T20250049700,P0480,2025-03-28,Customer Changed Mind
T20250098500,P0248,2026-10-26,Wrong Item
T20260053097,P0191,2026-10-02,Customer Changed Mind
T20260044038,P0143,2025-01-20,Damaged
T20260053139,P0065,2026-07-08,Damaged
T20250124231,P0293,2025-11-05,Customer Changed Mind
T20260020334,P0219,2025-04-17,Damaged
T20260050946,P0137,2026-12-07,Damaged
T20260062514,P0191,2026-10-29,Wrong Item
T20260103120,P0053,2026-09-24,Damaged
T20250104397,P0206,2025-08-13,Wrong Item
T20260026528,P0198,2025-01-17,Wrong Item
T20250078516,P0443,2026-12-04,Customer Changed Mind
T20250005095,P0459,2025-04-24,Damaged
T20260037993,P0190,2026-12-27,Wrong Item
T20250091089,P0491,2025-02-15,Wrong Item
T20250007992,P0173,2025-07-03,Damaged
T20250108711,P0386,2025-04-22,Customer Changed Mind
T20260127791,P0486,2025-01-16,Customer Changed Mind
T20260103341,P0275,2025-03-25,Wrong Item
T20260126755,P0408,2025-02-12,Wrong Item
T20250120842,P0473,2026-04-29,Customer Changed Mind
T20250034555,P0468,2025-02-27,Customer Changed Mind
T20260126566,P0310,2026-03-17,Customer Changed Mind
T20250017967,P0473,2025-05-01,Damaged
T20260056675,P0069,2025-06-18,Damaged
T20250070393,P0291,2025-04-19,Damaged
T20250020988,P0327,2026-11-02,Customer Changed Mind
T20250088216,P0262,2025-10-30,Customer Changed Mind
T20260128774,P0021,2026-05-14,Damaged
T20260049182,P0372,2026-07-05,Wrong Item
T20250128370,P0126,2026-06-16,Wrong Item
T20250078564,P0306,2025-11-14,Wrong Item
T20250063722,P0178,2025-04-21,Wrong Item
T20250060143,P0296,2025-05-17,Wrong Item
T20250149427,P0304,2025-06-23,Damaged
T20250061593,P0063,2025-02-15,Damaged
T20260067355,P0403,2026-11-09,Customer Changed Mind
T20260042532,P0389,2025-12-28,Customer Changed Mind
T20260128053,P0184,2025-02-05,Customer Changed Mind
T20250103058,P0412,2026-07-22,Customer Changed Mind
T20260016768,P0132,2025-01-06,Wrong Item
T20260110413,P0226,2025-10-29,Damaged
T20250148974,P0188,2026-12-31,Wrong Item
T20250015345,P0246,2025-05-05,Customer Changed Mind
T20260077604,P0110,2026-09-10,Damaged
T20260093122,P0088,2026-07-05,Damaged
T20250088454,P0339,2025-05-13,Wrong Item
T20250138916,P0101,2025-11-06,Wrong Item
T20260103808,P0250,2025-05-24,Wrong Item
T20260005147,P0415,2026-06-23,Damaged
T20260108675,P0154,2026-01-05,Wrong Item
T20260005298,P0333,2026-07-05,Wrong Item
T20260004827,P0167,2025-06-09,Customer Changed Mind
T20260094191,P0157,2025-04-10,Wrong Item
T20260093605,P0242,2025-01-05,Damaged
T20250037399,P0242,2025-09-25,Wrong Item
T20250019024,P0331,2025-06-25,Wrong Item
T20260043427,P0127,2025-07-19,Damaged
T20260049898,P0465,2025-02-10,Wrong Item
T20250035817,P0401,2026-07-14,Damaged
T20260056755,P0199,2026-12-08,Wrong Item
T20260073276,P0219,2026-09-10,Wrong Item
T20260140914,P0323,2025-06-01,Damaged
T20250063370,P0322,2025-03-30,Wrong Item
T20260004402,P0259,2026-03-14,Customer Changed Mind
T20250042524,P0167,2026-01-28,Wrong Item
T20260116315,P0379,2025-06-18,Wrong Item
T20260093002,P0364,2026-08-21,Wrong Item
T20260016486,P0113,2026-08-04,Wrong Item
T20260097436,P0265,2025-08-02,Customer Changed Mind
T20250124069,P0041,2025-10-20,Damaged
T20260103779,P0042,2025-08-03,Wrong Item
T20250034447,P0139,2025-02-07,Customer Changed Mind
T20260115277,P0288,2026-06-22,Customer Changed Mind
T20250109711,P0108,2026-12-23,Wrong Item
T20250077099,P0060,2026-06-19,Customer Changed Mind
T20260133034,P0055,2026-08-16,Wrong Item
T20260066323,P0324,2025-06-20,Damaged
T20250074657,P0109,2026-11-09,Customer Changed Mind
T20250115345,P0173,2026-12-13,Customer Changed Mind
T20260104625,P0131,2026-12-24,Wrong Item
T20250020259,P0391,2026-11-19,Customer Changed Mind
T20260146936,P0366,2026-09-02,Wrong Item
T20250017854,P0204,2025-04-12,Wrong Item
T20260077987,P0006,2026-04-13,Damaged
T20260048381,P0035,2026-12-11,Customer Changed Mind
T20250006442,P0171,2026-02-03,Wrong Item
T20260143062,P0278,2025-12-28,Damaged
T20250127970,P0387,2025-09-05,Customer Changed Mind
T20260084995,P0061,2026-09-30,Customer Changed Mind
T20260142908,P0096,2025-10-01,Customer Changed Mind
T20260110501,P0191,2025-06-06,Customer Changed Mind
T20260136593,P0166,2026-12-23,Customer Changed Mind
T20250088623,P0158,2026-10-28,Wrong Item
T20250128100,P0006,2025-10-24,Customer Changed Mind
T20250119074,P0312,2026-06-25,Customer Changed Mind
T20250149219,P0111,2026-08-29,Customer Changed Mind
T20260071873,P0149,2026-03-19,Customer Changed Mind
T20250112124,P0462,2025-03-06,Damaged
T20260142957,P0158,2026-02-11,Wrong Item
T20250080595,P0400,2025-07-28,Wrong Item
T20250106488,P0374,2026-02-28,Wrong Item
T20260065191,P0415,2026-05-18,Wrong Item
T20260014248,P0447,2026-03-23,Customer Changed Mind
T20250115364,P0369,2026-10-02,Wrong Item
T20260001626,P0051,2026-11-23,Customer Changed Mind
T20260138899,P0022,2025-11-17,Wrong Item
T20260078525,P0343,2025-03-30,Damaged
T20260026457,P0150,2025-08-06,Damaged
T20260119361,P0454,2025-01-31,Wrong Item
T20250129877,P0427,2026-03-13,Customer Changed Mind
T20250056719,P0170,2026-07-12,Customer Changed Mind
T20250016847,P0158,2026-12-19,Wrong Item
T20260145858,P0057,2026-02-17,Damaged
T20260138695,P0244,2026-03-22,Wrong Item
T20250147849,P0297,2026-02-11,Wrong Item
T20250033808,P0369,2025-09-18,Wrong Item
T20250068836,P0399,2026-05-18,Damaged
T20250003870,P0166,2026-03-06,Damaged
T20250045781,P0002,2025-03-24,Damaged
T20250102737,P0426,2026-02-19,Customer Changed Mind
T20250014569,P0216,2026-03-16,Wrong Item
T20260083753,P0095,2025-01-04,Damaged
T20260034169,P0499,2026-10-06,Customer Changed Mind
T20250011044,P0080,2026-11-08,Customer Changed Mind
T20260000863,P0070,2025-09-30,Wrong Item
T20260098442,P0226,2025-07-10,Customer Changed Mind
T20260146967,P0002,2025-10-26,Damaged
T20260067510,P0310,2025-07-26,Wrong Item
T20260071010,P0146,2026-11-22,Damaged
T20260143376,P0381,2026-05-22,Wrong Item
T20250142799,P0066,2025-12-31,Customer Changed Mind
T20250141269,P0432,2026-07-22,Customer Changed Mind
T20250000436,P0289,2025-07-17,Damaged
T20260044618,P0184,2026-07-15,Damaged
T20250000087,P0315,2025-11-03,Customer Changed Mind
T20250071459,P0455,2026-08-29,Damaged
T20260041452,P0173,2025-06-21,Customer Changed Mind
T20260002445,P0420,2025-06-29,Damaged
T20250065128,P0310,2025-11-16,Wrong Item
T20260115375,P0097,2025-10-12,Customer Changed Mind
T20260066632,P0054,2026-07-10,Damaged
T20260134232,P0296,2026-07-03,Customer Changed Mind
T20250138395,P0459,2025-09-08,Wrong Item
T20250127840,P0057,2025-10-02,Wrong Item
T20250023053,P0461,2025-09-16,Damaged
T20250016085,P0022,2026-09-14,Damaged
T20260142598,P0169,2025-12-13,Wrong Item
T20250032636,P0107,2026-03-10,Wrong Item
T20260023389,P0048,2025-02-17,Damaged
T20260149034,P0089,2025-02-26,Damaged
T20250125978,P0325,2025-11-25,Wrong Item
T20260013872,P0183,2025-05-03,Wrong Item
T20260083299,P0471,2026-01-13,Damaged
T20260086937,P0456,2025-12-22,Customer Changed Mind
T20260113599,P0024,2026-01-10,Wrong Item
T20260121348,P0231,2025-03-28,Customer Changed Mind
T20250088896,P0457,2025-09-18,Customer Changed Mind
T20260108628,P0458,2026-06-30,Customer Changed Mind
T20260103012,P0427,2026-07-11,Customer Changed Mind
T20250030752,P0155,2025-12-14,Wrong Item
T20260072989,P0376,2026-02-15,Customer Changed Mind
T20250085201,P0468,2025-02-18,Wrong Item
T20250102242,P0388,2025-08-28,Customer Changed Mind
T20260119423,P0334,2026-04-03,Customer Changed Mind
T20250137099,P0387,2025-03-19,Customer Changed Mind
T20260069583,P0231,2025-02-04,Customer Changed Mind
T20250053891,P0169,2026-03-16,Damaged
T20260106227,P0064,2025-12-14,Wrong Item
T20250017272,P0493,2026-06-18,Damaged
T20250123033,P0344,2025-04-22,Customer Changed Mind
T20250099745,P0193,2025-02-18,Damaged
T20250017933,P0003,2025-07-17,Damaged
T20260004365,P0184,2025-06-20,Customer Changed Mind
T20250008660,P0410,2026-08-12,Wrong Item
T20250079690,P0433,2025-10-19,Customer Changed Mind
T20250020430,P0105,2026-08-17,Wrong Item
T20250129317,P0220,2026-05-24,Customer Changed Mind
T20250046756,P0072,2025-02-05,Wrong Item
T20260121641,P0076,2025-03-31,Damaged
T20250124056,P0317,2026-06-07,Customer Changed Mind
T20260069663,P0192,2025-05-31,Damaged
T20260015701,P0135,2025-06-14,Customer Changed Mind
T20250050309,P0379,2026-11-30,Customer Changed Mind
T20260000366,P0446,2025-09-19,Customer Changed Mind
T20250031530,P0372,2025-06-30,Damaged
T20260121810,P0076,2026-07-03,Customer Changed Mind
T20260077184,P0027,2026-07-17,Wrong Item
T20260065580,P0407,2026-08-23,Damaged
T20260047760,P0421,2026-07-21,Customer Changed Mind
T20250105277,P0442,2026-10-23,Damaged
T20250120064,P0226,2026-02-08,Wrong Item
T20250067184,P0345,2026-01-20,Damaged
T20260071276,P0364,2025-03-08,Wrong Item
T20260037652,P0275,2025-11-30,Customer Changed Mind
T20250148494,P0395,2026-10-06,Damaged
T20260142549,P0049,2026-01-08,Damaged
T20250079451,P0135,2026-05-22,Customer Changed Mind
T20250008746,P0361,2026-07-21,Customer Changed Mind
T20250040292,P0283,2025-01-16,Wrong Item
T20250073272,P0277,2026-09-14,Customer Changed Mind
T20260049643,P0011,2026-09-20,Customer Changed Mind
T20250107432,P0274,2026-03-12,Customer Changed Mind
T20250043080,P0321,2025-07-26,Wrong Item
T20250114669,P0225,2026-01-31,Damaged
T20260089422,P0368,2025-09-08,Customer Changed Mind
T20260025598,P0094,2026-07-30,Damaged
T20260051558,P0303,2025-12-02,Damaged
T20250143347,P0479,2025-02-18,Wrong Item
T20260086275,P0053,2025-02-23,Damaged
T20260021861,P0274,2026-07-26,Wrong Item
T20260031806,P0481,2026-12-09,Damaged
T20260113040,P0037,2026-03-19,Customer Changed Mind
T20260093622,P0271,2025-05-19,Customer Changed Mind
T20250048364,P0028,2026-02-03,Damaged
T20260005334,P0460,2026-03-09,Customer Changed Mind
T20250082916,P0098,2026-12-28,Damaged
T20250004600,P0328,2025-07-20,Customer Changed Mind
T20250109991,P0383,2026-09-09,Wrong Item
T20250010487,P0374,2026-11-19,Customer Changed Mind
T20250045450,P0126,2026-10-11,Damaged
T20250059143,P0493,2025-12-22,Damaged
T20260040112,P0217,2025-09-26,Customer Changed Mind
T20260091019,P0391,2025-01-26,Customer Changed Mind
T20260095905,P0301,2026-07-25,Damaged
T20260081231,P0441,2026-05-21,Damaged
T20250070867,P0363,2025-10-13,Wrong Item
T20260108424,P0457,2025-02-15,Damaged
T20250004270,P0011,2025-10-09,Wrong Item
T20260052365,P0450,2025-02-07,Customer Changed Mind
T20260109015,P0442,2025-11-07,Wrong Item
T20250122727,P0395,2025-06-02,Wrong Item
T20250100401,P0372,2026-09-01,Customer Changed Mind
T20250120776,P0065,2025-12-28,Damaged
T20250077108,P0384,2025-02-08,Damaged
T20260087587,P0081,2025-07-13,Wrong Item
T20260141232,P0113,2025-05-25,Customer Changed Mind
T20260071654,P0218,2026-09-18,Customer Changed Mind
T20260062016,P0400,2025-11-09,Wrong Item
T20250118344,P0384,2026-07-16,Damaged
T20250019200,P0025,2025-08-29,Customer Changed Mind
T20250134737,P0139,2026-10-16,Damaged
T20260044859,P0475,2026-01-26,Wrong Item
T20260001372,P0353,2025-12-12,Customer Changed Mind
T20260148212,P0222,2026-01-05,Damaged
T20260056785,P0199,2026-11-24,Customer Changed Mind
T20250078409,P0439,2026-11-02,Wrong Item
T20260039166,P0247,2026-01-12,Wrong Item
T20260020746,P0442,2026-04-12,Wrong Item
T20260053775,P0263,2025-12-22,Wrong Item
T20260117813,P0310,2026-12-17,Customer Changed Mind
T20260030262,P0489,2025-12-10,Damaged
T20260054611,P0388,2025-12-22,Wrong Item
T20260121346,P0005,2025-05-14,Wrong Item
T20260103133,P0486,2025-07-30,Customer Changed Mind
T20260096246,P0138,2026-07-16,Customer Changed Mind
T20260116075,P0353,2025-06-26,Customer Changed Mind
T20260080020,P0009,2025-05-05,Customer Changed Mind
T20250131476,P0058,2025-02-14,Damaged
T20260092542,P0190,2025-05-04,Wrong Item
T20260103931,P0303,2026-07-29,Wrong Item
T20260106735,P0008,2026-04-25,Wrong Item
T20260059567,P0348,2026-09-28,Wrong Item
T20260097603,P0450,2026-01-28,Customer Changed Mind
T20250071784,P0481,2026-07-06,Customer Changed Mind
T20260055113,P0209,2025-04-08,Customer Changed Mind
T20250121180,P0247,2026-04-27,Damaged
T20260078463,P0043,2025-07-19,Wrong Item
T20250021304,P0065,2025-01-07,Damaged
T20250062682,P0147,2025-07-06,Damaged
T20260117744,P0229,2025-06-22,Wrong Item
T20260127815,P0166,2025-11-26,Damaged
T20260054733,P0310,2025-05-13,Damaged
T20250080295,P0279,2025-03-30,Wrong Item
T20260012910,P0362,2026-10-06,Customer Changed Mind
T20260077807,P0100,2026-08-05,Customer Changed Mind
T20260125586,P0436,2025-03-11,Customer Changed Mind
T20260136847,P0119,2026-04-26,Damaged
T20260125990,P0227,2025-09-04,Customer Changed Mind
T20260132845,P0036,2025-01-11,Damaged
T20250001197,P0097,2025-11-21,Customer Changed Mind
T20250065205,P0283,2026-03-20,Customer Changed Mind
T20250101057,P0176,2025-02-05,Damaged
T20250107286,P0230,2026-07-07,Damaged
T20250044661,P0163,2026-10-14,Customer Changed Mind
T20260074747,P0248,2025-01-01,Customer Changed Mind
T20260035628,P0105,2025-06-08,Wrong Item
T20260019719,P0188,2026-03-25,Customer Changed Mind
T20260131019,P0459,2025-07-30,Customer Changed Mind
T20250085603,P0450,2025-11-13,Damaged
T20260068618,P0204,2026-04-16,Customer Changed Mind
T20250097910,P0075,2026-06-19,Customer Changed Mind
T20260082793,P0183,2026-10-06,Damaged
T20260022957,P0263,2025-11-27,Damaged
T20260130039,P0412,2026-06-10,Wrong Item
T20250061003,P0272,2026-05-02,Customer Changed Mind
T20260000100,P0317,2025-06-23,Customer Changed Mind
T20260039133,P0402,2025-03-13,Wrong Item
T20250119120,P0098,2025-01-29,Wrong Item
T20260065274,P0002,2026-04-07,Wrong Item
T20250046336,P0292,2026-10-03,Wrong Item
T20260126546,P0062,2026-01-01,Customer Changed Mind
T20250046446,P0317,2026-05-05,Damaged
T20260047208,P0313,2026-07-07,Wrong Item
T20250102847,P0412,2026-09-20,Wrong Item
T20250024803,P0170,2026-09-14,Customer Changed Mind
T20250149042,P0481,2025-04-19,Wrong Item
T20250056540,P0463,2026-05-21,Damaged
T20260045658,P0184,2025-05-28,Wrong Item
T20260097404,P0485,2026-01-01,Wrong Item
T20250062715,P0013,2026-12-24,Damaged
T20250054095,P0292,2025-09-01,Wrong Item
T20250142671,P0131,2026-04-16,Wrong Item
T20260108125,P0334,2025-06-10,Customer Changed Mind
T20250070452,P0434,2026-01-01,Wrong Item
T20260101036,P0239,2026-12-02,Wrong Item
T20260061701,P0478,2025-06-14,Damaged
T20250061681,P0204,2026-02-08,Damaged
T20260040481,P0175,2025-09-08,Wrong Item
T20250121379,P0352,2026-04-10,Customer Changed Mind
T20250108899,P0170,2025-09-13,Wrong Item
T20260009125,P0084,2025-11-04,Wrong Item
T20260124429,P0393,2025-01-28,Damaged
T20250113911,P0150,2025-04-15,Wrong Item
T20260129975,P0030,2026-06-27,Damaged
T20260041268,P0369,2026-06-15,Wrong Item
T20260026196,P0437,2026-01-26,Damaged
T20260037158,P0247,2026-08-20,Damaged
T20250084426,P0480,2025-03-18,Damaged
T20260034195,P0191,2025-11-15,Customer Changed Mind
T20250098227,P0391,2025-01-02,Wrong Item
T20260038742,P0130,2025-06-04,Damaged
T20250005793,P0037,2025-11-09,Customer Changed Mind
T20250096622,P0318,2025-05-08,Customer Changed Mind
T20250143484,P0145,2026-03-21,Damaged
T20250079908,P0459,2025-12-24,Damaged
T20260115353,P0348,2025-09-30,Damaged
T20250032883,P0097,2025-07-08,Customer Changed Mind
T20250134263,P0053,2026-04-13,Customer Changed Mind
T20250088986,P0374,2025-01-27,Customer Changed Mind
T20260125863,P0004,2026-03-05,Damaged
T20260055815,P0112,2025-05-04,Customer Changed Mind
T20260043525,P0093,2025-01-16,Customer Changed Mind
T20260036483,P0004,2026-09-12,Wrong Item
T20260095656,P0438,2026-07-01,Customer Changed Mind
T20260093486,P0300,2025-04-21,Customer Changed Mind
T20250071111,P0049,2026-05-31,Wrong Item
T20250113623,P0141,2026-05-16,Wrong Item
T20260029631,P0269,2026-11-29,Damaged
T20260049532,P0280,2025-11-10,Wrong Item
T20250080583,P0482,2026-07-13,Wrong Item
T20260036989,P0035,2025-05-07,Wrong Item
T20250073774,P0262,2026-01-03,Wrong Item
T20250135199,P0452,2025-06-10,Customer Changed Mind
T20250101109,P0269,2026-11-15,Customer Changed Mind
T20250060850,P0413,2026-10-06,Wrong Item
T20250141644,P0162,2026-09-11,Damaged
T20260113697,P0342,2025-04-07,Customer Changed Mind
T20260090217,P0193,2025-01-09,Customer Changed Mind
T20250050951,P0481,2025-01-13,Customer Changed Mind
T20250101704,P0482,2025-05-19,Wrong Item
T20260002556,P0300,2025-08-08,Damaged
T20260098483,P0321,2025-02-16,Customer Changed Mind
T20250125831,P0320,2025-08-29,Customer Changed Mind
T20260057534,P0375,2025-09-20,Damaged
T20250125227,P0148,2026-04-24,Customer Changed Mind
T20250014932,P0146,2025-09-28,Wrong Item
T20260047747,P0285,2025-01-28,Customer Changed Mind
T20250094289,P0256,2026-05-27,Customer Changed Mind
T20260114798,P0464,2026-02-27,Wrong Item
T20260112013,P0390,2025-07-06,Customer Changed Mind
T20250024213,P0068,2025-07-02,Wrong Item
T20260092015,P0412,2025-09-28,Wrong Item
T20260126609,P0479,2026-03-24,Wrong Item
T20260013568,P0088,2026-05-13,Wrong Item
T20260036243,P0400,2025-07-20,Customer Changed Mind
T20250049542,P0375,2026-05-07,Customer Changed Mind
T20250032262,P0306,2026-02-24,Customer Changed Mind
T20250108222,P0463,2025-11-09,Wrong Item
T20260025632,P0441,2025-05-11,Wrong Item
T20250113287,P0068,2026-06-27,Damaged
T20250113895,P0086,2026-02-16,Damaged
T20250089341,P0353,2025-08-30,Damaged
T20250010915,P0437,2026-08-10,Customer Changed Mind
T20250096524,P0415,2026-12-23,Damaged
T20260025146,P0255,2026-03-08,Customer Changed Mind
T20260030488,P0088,2025-06-22,Customer Changed Mind
T20260128438,P0235,2026-02-13,Damaged
T20260034845,P0083,2026-09-14,Customer Changed Mind
T20260058419,P0095,2025-01-08,Wrong Item
T20250062064,P0265,2025-02-26,Wrong Item
T20260053412,P0395,2026-01-28,Damaged
T20260004445,P0405,2025-05-20,Customer Changed Mind
T20250062042,P0447,2025-11-05,Wrong Item
T20250026897,P0337,2026-01-29,Customer Changed Mind
T20260078944,P0103,2025-07-21,Customer Changed Mind
T20250132756,P0420,2025-10-05,Damaged
T20260134139,P0053,2026-09-19,Wrong Item
T20260057879,P0234,2026-07-25,Wrong Item
T20260012936,P0471,2025-11-18,Customer Changed Mind
T20250026963,P0094,2025-04-23,Wrong Item
T20250039742,P0094,2026-01-31,Customer Changed Mind
T20260026596,P0300,2025-09-28,Damaged
T20260002028,P0276,2026-01-11,Customer Changed Mind
T20250071300,P0319,2025-12-07,Wrong Item
T20260066966,P0062,2025-05-14,Wrong Item
T20260061711,P0316,2026-04-10,Wrong Item
T20260076398,P0361,2026-11-05,Damaged
T20250052645,P0430,2026-04-05,Wrong Item
T20260123598,P0426,2025-06-05,Customer Changed Mind
T20260062123,P0123,2025-08-06,Damaged
T20250019466,P0425,2026-05-22,Damaged
T20250011051,P0423,2025-10-03,Customer Changed Mind
T20260146286,P0440,2025-10-25,Customer Changed Mind
T20250010288,P0330,2026-10-18,Damaged
T20250094026,P0243,2026-08-12,Customer Changed Mind
T20250028823,P0340,2026-09-03,Customer Changed Mind
T20250052578,P0153,2025-10-21,Wrong Item
T20260123755,P0249,2026-09-10,Customer Changed Mind
T20260147133,P0327,2026-11-06,Wrong Item
T20250132761,P0177,2026-05-28,Customer Changed Mind
T20250116261,P0222,2025-07-24,Customer Changed Mind
T20250030228,P0077,2025-08-18,Customer Changed Mind
T20260117162,P0170,2026-07-07,Wrong Item
T20250024341,P0227,2025-03-11,Wrong Item
T20260011442,P0120,2026-06-23,Customer Changed Mind
T20260074780,P0283,2025-05-15,Wrong Item
T20260103201,P0249,2025-03-10,Damaged
T20260135522,P0309,2025-05-11,Damaged
T20250059661,P0397,2026-08-10,Wrong Item
T20250131105,P0109,2026-01-14,Wrong Item
T20250071553,P0473,2025-07-29,Damaged
T20260080855,P0367,2025-02-21,Wrong Item
T20260135567,P0168,2025-04-05,Wrong Item
T20250145368,P0220,2025-02-19,Customer Changed Mind
T20260136238,P0369,2025-04-08,Damaged
T20260051789,P0043,2025-04-22,Damaged
T20260107647,P0121,2025-09-02,Damaged
T20260149469,P0356,2025-11-16,Damaged
T20250058340,P0364,2025-03-18,Damaged
T20250135062,P0151,2026-06-20,Damaged
T20260047461,P0402,2026-09-25,Damaged
T20250131253,P0431,2025-01-05,Customer Changed Mind
T20260050664,P0146,2026-10-05,Customer Changed Mind
T20260045608,P0340,2026-12-20,Wrong Item
T20250110727,P0204,2025-10-22,Customer Changed Mind
T20260028395,P0123,2026-08-08,Customer Changed Mind
T20260104284,P0349,2026-02-27,Damaged
T20250030596,P0460,2025-03-13,Damaged
T20250030317,P0126,2026-08-03,Customer Changed Mind
T20260030762,P0202,2025-01-26,Wrong Item
T20250059952,P0171,2025-10-06,Customer Changed Mind
T20250144728,P0413,2025-06-17,Damaged
T20260115223,P0127,2026-06-16,Customer Changed Mind
T20260120329,P0400,2026-12-30,Damaged
T20260101293,P0264,2025-03-06,Customer Changed Mind
T20250018621,P0098,2025-06-26,Damaged
T20250137689,P0005,2025-05-28,Damaged
T20260098228,P0099,2025-04-09,Customer Changed Mind
T20260038651,P0340,2025-11-12,Customer Changed Mind
T20250059613,P0314,2026-10-20,Wrong Item
T20250032514,P0267,2025-02-27,Wrong Item
T20250130732,P0355,2025-08-07,Damaged
T20260029765,P0311,2025-01-25,Wrong Item
T20260070208,P0228,2025-05-22,Damaged
T20260127248,P0361,2025-11-14,Damaged
T20250090192,P0335,2026-11-11,Damaged
T20260030706,P0328,2025-12-05,Wrong Item
T20250109678,P0030,2026-01-04,Damaged
T20250138176,P0499,2026-07-09,Damaged
T20260069108,P0189,2025-01-31,Customer Changed Mind
T20250032923,P0245,2026-01-13,Customer Changed Mind
T20260070784,P0283,2025-04-20,Damaged
T20250114752,P0376,2025-08-05,Damaged
T20250131570,P0410,2025-06-20,Customer Changed Mind
T20260067099,P0002,2025-04-11,Customer Changed Mind
T20250063486,P0272,2026-03-29,Wrong Item
T20260082976,P0003,2026-12-08,Customer Changed Mind
T20260081919,P0335,2025-10-31,Customer Changed Mind
T20260072258,P0217,2025-10-25,Damaged
T20260101813,P0459,2026-01-09,Damaged
T20260062211,P0198,2025-07-30,Customer Changed Mind
T20260038753,P0366,2025-11-27,Wrong Item
T20260073058,P0401,2025-09-11,Wrong Item
T20250130870,P0450,2025-10-20,Damaged
T20250078419,P0205,2025-06-27,Customer Changed Mind
T20250123445,P0368,2025-09-20,Customer Changed Mind
T20260034527,P0131,2025-12-14,Customer Changed Mind
T20260147176,P0302,2026-02-06,Wrong Item
T20250148781,P0097,2025-01-30,Damaged
T20250136950,P0420,2025-08-27,Damaged
T20260030306,P0384,2026-12-28,Customer Changed Mind
T20260025020,P0330,2026-11-02,Damaged
T20250041960,P0098,2026-01-17,Customer Changed Mind
T20260058520,P0177,2025-02-14,Customer Changed Mind
T20260015609,P0325,2026-06-13,Damaged
T20260073325,P0237,2026-07-12,Wrong Item
T20250078714,P0340,2025-12-06,Wrong Item
T20260046817,P0448,2025-12-14,Wrong Item
T20250120553,P0315,2026-04-13,Wrong Item
T20250084629,P0396,2025-04-25,Wrong Item
T20260025549,P0046,2026-04-24,Damaged
T20260042952,P0123,2026-11-16,Wrong Item
T20260112725,P0123,2026-01-26,Damaged
T20250118512,P0231,2025-03-10,Wrong Item
T20250114357,P0069,2025-01-12,Wrong Item
T20260013429,P0324,2025-02-18,Customer Changed Mind
T20260029015,P0167,2025-05-20,Wrong Item
T20260059162,P0005,2026-11-17,Damaged
T20260073338,P0449,2026-05-20,Wrong Item
T20260075690,P0182,2026-11-24,Damaged
T20250039359,P0413,2026-11-06,Customer Changed Mind
T20260021941,P0211,2025-12-04,Wrong Item
T20260105844,P0319,2025-04-24,Wrong Item
T20260116748,P0221,2026-04-19,Wrong Item
T20260070602,P0485,2025-08-20,Customer Changed Mind
T20250024103,P0478,2026-05-28,Customer Changed Mind
T20250057693,P0381,2026-02-10,Damaged
T20260137656,P0314,2026-04-24,Customer Changed Mind
T20250114181,P0424,2025-12-17,Wrong Item
T20260020093,P0497,2026-12-18,Damaged
T20260118221,P0344,2025-01-01,Customer Changed Mind
T20260138219,P0015,2026-08-20,Customer Changed Mind
T20260080139,P0387,2026-07-30,Damaged
T20260056718,P0311,2026-12-05,Wrong Item
T20260149527,P0017,2025-12-16,Damaged
T20260148365,P0096,2025-02-09,Wrong Item
T20250086333,P0468,2026-03-05,Damaged
T20260004817,P0390,2025-11-18,Customer Changed Mind
T20250024098,P0025,2025-12-17,Damaged
T20260026728,P0092,2025-03-05,Customer Changed Mind
T20250136986,P0481,2025-06-11,Wrong Item
T20260135742,P0212,2026-05-25,Customer Changed Mind
T20250014179,P0446,2026-09-10,Customer Changed Mind
T20250029057,P0288,2026-06-04,Damaged
T20260013470,P0222,2025-08-28,Damaged
T20260018402,P0240,2025-02-14,Wrong Item
T20260146096,P0106,2025-04-14,Customer Changed Mind
T20250112452,P0099,2025-05-24,Damaged
T20260084887,P0464,2025-05-13,Customer Changed Mind
T20250120957,P0420,2026-12-27,Customer Changed Mind
T20260082642,P0090,2026-06-18,Wrong Item
T20250119649,P0083,2026-08-30,Customer Changed Mind
T20250083729,P0031,2025-11-27,Wrong Item
T20260007136,P0424,2026-03-10,Wrong Item
T20250109516,P0122,2025-03-24,Customer Changed Mind
T20250045408,P0040,2025-10-01,Wrong Item
T20250105830,P0003,2026-11-29,Damaged
T20250064825,P0324,2025-04-29,Damaged
T20250048830,P0463,2025-06-23,Wrong Item
T20250115102,P0351,2025-05-01,Customer Changed Mind
T20250050415,P0194,2025-01-19,Damaged
T20260069093,P0403,2025-03-17,Damaged
T20250118332,P0112,2025-09-09,Customer Changed Mind
T20250111387,P0369,2025-04-11,Damaged
T20250045035,P0035,2025-05-18,Damaged
T20250058011,P0254,2025-06-17,Damaged
T20260017306,P0249,2025-02-24,Damaged
T20250059464,P0114,2025-05-22,Wrong Item
T20260142116,P0354,2025-09-03,Customer Changed Mind
T20260064818,P0333,2026-03-23,Customer Changed Mind
T20260085155,P0086,2026-07-19,Wrong Item
T20250062442,P0240,2025-05-15,Wrong Item
T20250109586,P0441,2026-11-01,Damaged
T20250124186,P0466,2025-03-22,Customer Changed Mind
T20260149089,P0080,2025-01-11,Damaged
T20250011803,P0397,2025-07-02,Wrong Item
T20250091697,P0399,2025-03-23,Damaged
T20260045236,P0247,2025-07-18,Customer Changed Mind
T20250120096,P0411,2026-10-23,Customer Changed Mind
T20250037464,P0079,2025-02-22,Wrong Item
T20260138074,P0097,2026-01-07,Customer Changed Mind
T20260100647,P0165,2025-10-25,Damaged
T20260080036,P0007,2025-09-14,Customer Changed Mind
T20250003472,P0366,2026-06-04,Customer Changed Mind
T20250119164,P0026,2025-09-10,Customer Changed Mind
T20260098421,P0045,2025-08-30,Damaged
T20250008503,P0035,2025-10-08,Wrong Item
T20260073807,P0359,2026-02-04,Wrong Item
T20260094563,P0280,2026-12-07,Damaged
T20250075287,P0463,2025-07-19,Customer Changed Mind
T20250044787,P0105,2025-06-02,Customer Changed Mind
T20250030442,P0138,2026-07-04,Wrong Item
T20260110297,P0103,2025-01-09,Damaged
T20260070367,P0266,2025-09-01,Customer Changed Mind
T20250120099,P0443,2025-02-19,Damaged
T20260124044,P0072,2026-04-04,Damaged
T20260005892,P0178,2025-03-18,Damaged
T20250062899,P0422,2025-04-05,Damaged
T20250085323,P0233,2025-08-07,Wrong Item
T20250106415,P0452,2026-08-08,Wrong Item
T20250079659,P0358,2025-12-17,Wrong Item
T20260062217,P0053,2026-09-01,Customer Changed Mind
T20260045217,P0383,2026-02-21,Damaged
T20250081854,P0479,2025-03-19,Customer Changed Mind
T20250118085,P0386,2026-09-03,Customer Changed Mind
T20250063681,P0284,2025-06-25,Wrong Item
T20260002498,P0477,2026-08-03,Customer Changed Mind
T20260053484,P0272,2025-11-05,Wrong Item
T20260071073,P0280,2026-09-22,Damaged
T20250062118,P0376,2025-10-14,Damaged
T20250138180,P0313,2025-06-30,Customer Changed Mind
T20250129787,P0430,2025-05-26,Customer Changed Mind
T20260081500,P0133,2025-04-09,Customer Changed Mind
T20250141131,P0486,2026-08-09,Damaged
T20260110508,P0281,2025-07-18,Wrong Item
T20260054212,P0075,2026-10-12,Customer Changed Mind
T20260042846,P0314,2026-03-31,Damaged
T20260149983,P0468,2025-10-12,Damaged
T20250014744,P0274,2026-04-18,Wrong Item
T20250092117,P0457,2025-10-12,Damaged
T20260005540,P0382,2026-06-14,Wrong Item
T20260074360,P0308,2025-03-29,Damaged
T20260016339,P0161,2026-12-16,Damaged
T20260024299,P0101,2025-02-19,Wrong Item
T20260109273,P0009,2025-11-05,Wrong Item
T20260116662,P0022,2026-03-26,Customer Changed Mind
T20260103648,P0405,2025-11-30,Customer Changed Mind
T20260147090,P0002,2025-01-26,Customer Changed Mind
T20250142497,P0175,2026-10-27,Customer Changed Mind
T20260011495,P0387,2026-12-03,Damaged
T20250109661,P0358,2026-09-03,Damaged
T20250108665,P0152,2026-11-14,Wrong Item
T20250120063,P0140,2025-05-01,Damaged
T20250076393,P0493,2025-02-28,Customer Changed Mind
T20250144531,P0494,2025-07-23,Customer Changed Mind
T20260066195,P0065,2025-01-03,Damaged
T20250111729,P0112,2026-06-01,Customer Changed Mind
T20250098439,P0190,2025-10-03,Customer Changed Mind
T20260021219,P0489,2026-09-02,Customer Changed Mind
T20250056206,P0182,2026-12-23,Customer Changed Mind
T20260099016,P0182,2025-07-06,Damaged
T20250073725,P0220,2026-02-13,Damaged
T20260097361,P0066,2026-11-14,Damaged
T20250023701,P0101,2025-03-11,Wrong Item
T20260000418,P0327,2026-07-27,Customer Changed Mind
T20250032945,P0405,2026-07-19,Damaged
T20250081259,P0477,2025-08-01,Wrong Item
T20250095805,P0471,2025-04-07,Wrong Item
T20260047665,P0130,2026-02-03,Wrong Item
T20250131358,P0434,2025-09-25,Customer Changed Mind
T20250023138,P0032,2025-06-16,Wrong Item
T20260021670,P0090,2026-04-20,Customer Changed Mind
T20250047814,P0342,2026-08-20,Damaged
T20250115644,P0475,2026-02-18,Damaged
T20260138694,P0089,2026-09-11,Customer Changed Mind
T20250024443,P0374,2026-06-28,Customer Changed Mind
T20250083569,P0208,2025-08-21,Damaged
T20260095727,P0034,2026-02-15,Damaged
T20260023169,P0104,2025-01-25,Wrong Item
T20260135698,P0034,2025-01-16,Customer Changed Mind
T20250098230,P0371,2026-02-28,Damaged
T20260055582,P0253,2025-11-16,Damaged
T20260073606,P0280,2026-03-05,Customer Changed Mind
T20260010231,P0004,2025-10-02,Damaged
T20250105651,P0119,2025-02-05,Customer Changed Mind
T20250079469,P0239,2025-06-03,Damaged
T20250019370,P0162,2026-02-26,Damaged
T20260086722,P0004,2025-03-31,Customer Changed Mind
T20250138695,P0237,2025-09-18,Damaged
T20260111097,P0282,2025-09-09,Wrong Item
T20260013836,P0467,2025-07-19,Damaged
T20250060826,P0371,2025-08-10,Wrong Item
T20250029317,P0119,2025-02-04,Wrong Item
T20250134931,P0255,2025-06-29,Customer Changed Mind
T20250090213,P0057,2025-03-20,Wrong Item
T20250126991,P0032,2026-09-07,Damaged
T20260081706,P0344,2025-12-14,Damaged
T20260021798,P0074,2026-06-01,Damaged
T20260058667,P0352,2026-01-30,Customer Changed Mind
T20250004947,P0320,2026-04-28,Damaged
T20260037983,P0162,2026-06-09,Customer Changed Mind
T20250021486,P0130,2025-08-29,Wrong Item
T20260051143,P0236,2026-09-27,Wrong Item
T20260086523,P0434,2025-08-27,Wrong Item
T20260080455,P0455,2025-11-28,Wrong Item
T20260086452,P0460,2026-05-28,Damaged
T20260054202,P0131,2025-05-19,Customer Changed Mind
T20250037979,P0132,2025-12-26,Customer Changed Mind
T20250133317,P0008,2026-01-27,Customer Changed Mind
T20250121654,P0424,2026-01-22,Customer Changed Mind
T20260009586,P0417,2025-05-04,Wrong Item
T20250007634,P0330,2026-06-14,Wrong Item
T20250001974,P0399,2025-04-16,Customer Changed Mind
T20250044801,P0286,2025-06-08,Damaged
T20250142586,P0065,2026-09-09,Wrong Item
T20250000088,P0088,2025-08-22,Customer Changed Mind
T20260061902,P0364,2025-06-24,Wrong Item
T20250026331,P0046,2026-07-22,Wrong Item
T20260029776,P0434,2025-03-10,Damaged
T20260039628,P0481,2026-07-07,Customer Changed Mind
T20260070425,P0200,2026-08-28,Wrong Item
T20260071535,P0337,2025-07-25,Damaged
T20250064269,P0459,2026-07-17,Customer Changed Mind
T20250143886,P0461,2026-08-24,Customer Changed Mind
T20260059173,P0453,2026-03-24,Wrong Item
T20260059338,P0099,2026-12-11,Damaged
T20260134153,P0324,2025-09-29,Customer Changed Mind
T20250032484,P0187,2025-03-29,Customer Changed Mind
T20250084152,P0363,2026-03-03,Damaged
T20250023281,P0302,2026-01-01,Damaged
T20250024415,P0486,2026-11-13,Customer Changed Mind
T20250001053,P0040,2026-09-05,Wrong Item
T20260010107,P0217,2026-08-01,Customer Changed Mind
T20260093266,P0242,2026-10-09,Customer Changed Mind
T20260087507,P0332,2026-06-09,Wrong Item
T20260078447,P0122,2025-03-04,Customer Changed Mind
T20260062226,P0033,2025-07-08,Customer Changed Mind
T20260062830,P0091,2025-06-24,Damaged
T20250132935,P0211,2026-08-03,Damaged
T20260032680,P0301,2025-11-09,Damaged
T20250005361,P0010,2026-05-13,Damaged
T20250087784,P0474,2026-12-31,Damaged
T20250052797,P0021,2025-10-16,Customer Changed Mind
T20250007584,P0038,2026-07-02,Customer Changed Mind
T20250149913,P0427,2026-08-02,Wrong Item
T20260050459,P0006,2025-10-22,Wrong Item
T20260070853,P0325,2025-06-16,Customer Changed Mind
T20250084177,P0315,2025-12-12,Customer Changed Mind
T20250130488,P0133,2026-06-30,Wrong Item
T20250073996,P0250,2025-02-27,Customer Changed Mind
T20250008935,P0213,2026-11-17,Customer Changed Mind
T20250030827,P0024,2025-06-05,Wrong Item
T20260131655,P0227,2026-01-15,Wrong Item
T20250128006,P0309,2026-12-23,Damaged
T20250032578,P0124,2026-04-11,Wrong Item
T20260017377,P0090,2026-01-24,Damaged
T20250023197,P0137,2026-09-21,Customer Changed Mind
T20250041703,P0381,2025-02-23,Wrong Item
T20260068943,P0123,2025-04-06,Wrong Item
T20250124197,P0400,2025-04-25,Wrong Item
T20260112648,P0262,2026-02-27,Wrong Item
T20260042130,P0331,2025-07-31,Customer Changed Mind
T20250043166,P0052,2026-07-12,Wrong Item
T20260128499,P0406,2026-06-18,Wrong Item
T20260028832,P0049,2025-05-08,Damaged
T20250033893,P0091,2026-12-31,Wrong Item
T20260039438,P0360,2025-06-14,Wrong Item
T20250050876,P0351,2025-07-06,Damaged
T20260105335,P0353,2025-09-12,Damaged
T20260031011,P0418,2026-07-12,Customer Changed Mind
T20260076437,P0465,2025-01-05,Wrong Item
T20260004344,P0266,2026-10-22,Wrong Item
T20250065151,P0282,2026-04-05,Customer Changed Mind
T20250080118,P0412,2026-07-14,Wrong Item
T20260015237,P0240,2025-06-23,Damaged
T20260141070,P0011,2025-09-12,Wrong Item
T20260036639,P0479,2026-03-30,Damaged
T20260066885,P0300,2026-08-31,Wrong Item
T20260114629,P0440,2026-06-21,Customer Changed Mind
T20250076605,P0455,2026-06-29,Customer Changed Mind
T20260088679,P0071,2026-02-17,Damaged
T20250102623,P0096,2025-09-19,Damaged
T20250070458,P0054,2026-07-13,Wrong Item
T20250000106,P0238,2026-12-21,Customer Changed Mind
T20250038356,P0354,2025-09-12,Customer Changed Mind
T20250017856,P0254,2026-03-18,Wrong Item
T20260066968,P0282,2025-08-07,Customer Changed Mind
T20250101010,P0445,2026-06-21,Customer Changed Mind
T20260048495,P0013,2026-05-25,Damaged
T20260024205,P0233,2026-09-03,Wrong Item
T20260017097,P0019,2025-01-01,Customer Changed Mind
T20250000511,P0366,2025-09-27,Wrong Item
T20260045890,P0432,2025-11-29,Wrong Item
T20250096051,P0405,2025-06-28,Damaged
T20260045516,P0403,2026-01-22,Customer Changed Mind
T20260096518,P0148,2025-03-01,Damaged
T20250070618,P0291,2025-06-24,Wrong Item
T20250147035,P0491,2025-07-09,Customer Changed Mind
T20250044843,P0134,2025-03-21,Wrong Item
T20260112505,P0324,2026-12-03,Customer Changed Mind
T20250026463,P0392,2026-12-06,Damaged
T20250044181,P0159,2026-04-13,Customer Changed Mind
T20250144987,P0014,2026-03-08,Damaged
T20260034219,P0348,2026-02-08,Wrong Item
T20260103707,P0211,2025-10-08,Damaged
T20250041724,P0435,2026-09-10,Customer Changed Mind
T20250001430,P0359,2025-08-14,Customer Changed Mind
T20250055241,P0438,2026-04-02,Customer Changed Mind
T20250041972,P0200,2025-11-18,Damaged
T20250105602,P0399,2026-02-12,Damaged
T20260031669,P0031,2025-12-08,Damaged
T20250019135,P0186,2025-12-23,Damaged
T20250017719,P0196,2025-12-15,Wrong Item
T20260054223,P0311,2026-04-18,Damaged
T20250101518,P0103,2025-12-11,Damaged
T20260021821,P0346,2025-04-20,Damaged
T20250133586,P0279,2025-08-01,Damaged
T20250069099,P0124,2025-04-02,Customer Changed Mind
T20260113889,P0406,2025-06-22,Damaged
T20250124179,P0418,2026-03-14,Damaged
T20250003425,P0369,2026-04-11,Wrong Item
T20260063435,P0143,2026-12-18,Customer Changed Mind
T20250004410,P0356,2025-10-16,Damaged
T20250054477,P0371,2025-09-29,Damaged
T20260071522,P0330,2026-09-27,Wrong Item
T20250130849,P0384,2025-10-28,Damaged
T20250144674,P0099,2026-04-21,Wrong Item
T20250129068,P0217,2025-10-03,Wrong Item
T20250066294,P0137,2026-07-30,Damaged
T20260081726,P0305,2025-11-25,Damaged
T20250007575,P0022,2026-01-29,Customer Changed Mind
T20260102263,P0074,2026-01-30,Damaged
T20260139901,P0352,2026-09-22,Wrong Item
T20250144042,P0309,2026-12-01,Customer Changed Mind
T20250141617,P0337,2025-11-01,Customer Changed Mind
T20260043394,P0326,2026-02-12,Damaged
T20250064563,P0083,2026-12-20,Wrong Item
T20250148611,P0010,2025-06-13,Damaged
T20260013145,P0252,2026-10-12,Customer Changed Mind
T20250088940,P0454,2026-03-22,Wrong Item
T20250046591,P0042,2026-10-28,Damaged
T20250051668,P0162,2025-07-17,Damaged
T20260127994,P0366,2025-07-01,Wrong Item
T20250106304,P0071,2026-11-03,Damaged
T20260126353,P0336,2026-10-20,Wrong Item
T20250001674,P0268,2026-06-21,Damaged
T20250097647,P0026,2026-05-02,Customer Changed Mind
T20260147657,P0358,2026-02-16,Wrong Item
T20250018054,P0122,2026-09-27,Wrong Item
T20250107714,P0184,2026-03-27,Damaged
T20260007139,P0150,2025-09-30,Customer Changed Mind
T20250035923,P0386,2025-05-03,Customer Changed Mind
T20260045697,P0012,2025-06-24,Damaged
T20250129760,P0384,2026-02-09,Damaged
T20250009343,P0427,2025-01-21,Damaged
T20250001233,P0168,2025-11-01,Customer Changed Mind
T20260043205,P0282,2026-01-21,Wrong Item
T20260053952,P0307,2026-04-05,Damaged
T20250130376,P0302,2026-04-23,Wrong Item
T20250036773,P0225,2026-06-16,Damaged
T20260040488,P0159,2026-05-26,Damaged
T20250137724,P0351,2026-04-15,Customer Changed Mind
T20250138342,P0097,2026-01-02,Wrong Item
T20250120350,P0239,2025-07-18,Wrong Item
T20250109815,P0389,2025-02-10,Customer Changed Mind
T20250010653,P0454,2025-12-25,Customer Changed Mind
T20260115800,P0446,2025-11-13,Damaged
T20250116997,P0069,2026-09-02,Wrong Item
T20250133773,P0286,2025-07-20,Wrong Item
T20250131711,P0411,2025-05-20,Damaged
T20250096341,P0098,2025-01-31,Damaged
T20250024938,P0499,2026-05-18,Customer Changed Mind
T20260072292,P0335,2026-12-22,Wrong Item
T20250006370,P0027,2026-01-13,Customer Changed Mind
T20260071489,P0239,2025-01-23,Customer Changed Mind
T20250067939,P0482,2026-04-27,Customer Changed Mind
T20260012592,P0148,2025-10-13,Wrong Item
T20260111398,P0072,2026-04-06,Damaged
T20250105890,P0218,2025-08-23,Wrong Item
T20250062364,P0406,2025-12-30,Wrong Item
T20260026895,P0181,2025-03-24,Wrong Item
T20250013779,P0013,2025-11-29,Damaged
T20250117388,P0061,2025-01-03,Damaged
T20250083368,P0215,2026-10-03,Wrong Item
T20250134136,P0033,2026-12-29,Wrong Item
T20260106487,P0343,2026-07-30,Damaged
T20250133331,P0084,2025-12-20,Wrong Item
T20250029584,P0343,2026-06-06,Wrong Item
T20250075828,P0221,2025-02-13,Damaged
T20250057156,P0188,2025-03-19,Customer Changed Mind
T20260139983,P0311,2025-02-24,Wrong Item
T20250091425,P0475,2025-07-05,Customer Changed Mind
T20250091711,P0183,2026-04-12,Wrong Item
T20250015230,P0409,2026-08-24,Wrong Item
T20250097601,P0020,2026-11-23,Damaged
T20250077130,P0163,2025-11-14,Wrong Item
T20260017583,P0460,2025-12-12,Wrong Item
T20250052223,P0385,2025-11-18,Customer Changed Mind
T20250022252,P0394,2026-11-14,Customer Changed Mind
T20250022512,P0081,2026-11-27,Customer Changed Mind
T20250126117,P0387,2026-06-27,Customer Changed Mind
T20250057220,P0011,2025-04-27,Wrong Item
T20250070469,P0368,2025-12-27,Customer Changed Mind
T20260124475,P0267,2026-01-14,Damaged
T20260141674,P0030,2025-11-12,Wrong Item
T20260146112,P0450,2026-10-24,Customer Changed Mind
T20250065927,P0294,2026-10-31,Damaged
T20250109053,P0144,2026-11-02,Damaged
T20260127655,P0359,2026-03-03,Customer Changed Mind
T20260065627,P0060,2025-09-08,Wrong Item
T20250117858,P0178,2026-06-20,Damaged
T20260031758,P0352,2026-03-16,Damaged
T20250060377,P0253,2026-11-26,Wrong Item
T20250015450,P0290,2025-12-11,Wrong Item
T20260104675,P0257,2026-04-24,Customer Changed Mind
T20260018127,P0142,2025-11-20,Wrong Item
T20250086470,P0471,2026-12-31,Damaged
T20250111127,P0397,2025-07-20,Damaged
T20260138507,P0138,2025-10-02,Wrong Item
T20250115299,P0152,2025-03-08,Customer Changed Mind
T20260093079,P0162,2025-11-07,Damaged
T20250024196,P0078,2026-04-02,Damaged
T20250125563,P0490,2026-07-24,Wrong Item
T20260106885,P0198,2025-05-21,Customer Changed Mind
T20250116004,P0169,2025-11-06,Customer Changed Mind
T20250070757,P0204,2026-09-26,Wrong Item
T20250057854,P0275,2026-03-31,Damaged
T20260078074,P0222,2025-11-27,Customer Changed Mind
T20260088599,P0388,2026-02-04,Damaged
T20260092751,P0282,2026-05-29,Wrong Item
T20260116973,P0105,2025-08-16,Wrong Item
T20260086422,P0187,2026-12-03,Customer Changed Mind
T20250055682,P0014,2025-09-10,Damaged
T20250003200,P0027,2026-12-26,Customer Changed Mind
T20250027894,P0114,2025-09-22,Customer Changed Mind
T20250093578,P0068,2025-11-21,Damaged
T20250087549,P0030,2026-11-22,Customer Changed Mind
T20260147964,P0022,2025-08-14,Damaged
T20260066794,P0154,2025-03-12,Damaged
T20260115952,P0170,2025-10-01,Damaged
T20260084199,P0150,2025-09-21,Customer Changed Mind
T20260144785,P0315,2025-05-07,Customer Changed Mind
T20250032144,P0414,2025-01-05,Wrong Item
T20260071491,P0160,2025-12-22,Damaged
T20260072239,P0027,2026-04-21,Damaged
T20260085897,P0178,2025-09-11,Customer Changed Mind
T20250114180,P0451,2026-02-28,Customer Changed Mind
T20260057694,P0174,2026-02-06,Customer Changed Mind
T20260019139,P0175,2025-04-06,Wrong Item
T20250026235,P0251,2026-07-15,Wrong Item
T20260012236,P0019,2026-10-18,Customer Changed Mind
T20250070740,P0099,2026-07-18,Customer Changed Mind
T20250102633,P0278,2025-11-20,Damaged
T20250017807,P0367,2025-05-11,Damaged
T20250002351,P0205,2026-02-20,Wrong Item
T20260005144,P0092,2025-07-04,Damaged
T20250121557,P0449,2026-01-20,Customer Changed Mind
T20260042749,P0029,2026-08-18,Wrong Item
T20260128539,P0250,2026-10-04,Customer Changed Mind
T20260100575,P0427,2025-01-09,Customer Changed Mind
T20260120168,P0047,2025-09-30,Wrong Item
T20260113183,P0021,2026-07-01,Customer Changed Mind
T20260147420,P0352,2026-08-13,Customer Changed Mind
T20250046354,P0301,2025-05-25,Damaged
T20260056268,P0004,2025-05-06,Damaged
T20250135185,P0070,2026-07-31,Wrong Item
T20260048333,P0063,2025-07-18,Damaged
T20260119810,P0264,2026-08-18,Damaged
T20260104446,P0037,2025-05-23,Customer Changed Mind
T20260033612,P0093,2025-01-18,Customer Changed Mind
T20250054597,P0228,2025-01-04,Damaged
T20260064454,P0177,2026-12-19,Wrong Item
T20260109031,P0033,2026-08-16,Customer Changed Mind
T20260065980,P0292,2025-03-26,Customer Changed Mind
T20250074096,P0044,2026-01-13,Customer Changed Mind
T20250063873,P0312,2025-10-04,Customer Changed Mind
T20250139872,P0085,2026-02-04,Damaged
T20260008020,P0365,2025-09-15,Customer Changed Mind
T20250052502,P0335,2025-09-28,Customer Changed Mind
T20260136779,P0106,2026-08-28,Wrong Item
T20260133014,P0254,2025-03-17,Wrong Item
T20250019009,P0140,2025-10-24,Damaged
T20250018206,P0343,2026-09-02,Damaged
T20250069495,P0100,2026-06-25,Wrong Item
T20260042560,P0154,2026-07-25,Wrong Item
T20250082568,P0021,2025-01-19,Customer Changed Mind
T20260013431,P0408,2026-01-21,Damaged
T20260014247,P0312,2026-08-18,Customer Changed Mind
T20260077924,P0026,2026-08-25,Wrong Item
T20260124596,P0494,2026-03-16,Customer Changed Mind
T20250022194,P0418,2026-04-01,Customer Changed Mind
T20260069952,P0148,2025-11-07,Wrong Item
T20260113959,P0076,2026-07-07,Customer Changed Mind
T20250130250,P0012,2025-07-28,Wrong Item
T20260066430,P0388,2025-07-26,Damaged
T20250095785,P0127,2025-07-30,Customer Changed Mind
T20260146740,P0402,2025-10-31,Wrong Item
T20250019529,P0100,2026-12-27,Wrong Item
T20260067993,P0192,2026-05-28,Customer Changed Mind
T20260091800,P0448,2025-01-30,Customer Changed Mind
T20260030058,P0446,2026-06-08,Wrong Item
T20250069680,P0486,2026-06-07,Customer Changed Mind
T20260132690,P0165,2026-03-17,Wrong Item
T20260143355,P0448,2025-02-27,Damaged
T20260108236,P0429,2025-11-11,Wrong Item
T20250080578,P0165,2026-07-14,Customer Changed Mind
T20250032986,P0486,2026-08-24,Customer Changed Mind
T20250036524,P0252,2026-09-04,Damaged
T20250071915,P0290,2025-04-02,Damaged
T20250149891,P0264,2026-04-14,Customer Changed Mind
T20250039849,P0344,2026-03-28,Customer Changed Mind
T20250145610,P0445,2026-06-26,Damaged
T20260115943,P0465,2025-04-05,Damaged
T20250101247,P0029,2026-03-20,Damaged
T20250051076,P0356,2026-03-16,Wrong Item
T20260085716,P0107,2026-03-09,Customer Changed Mind
T20260128310,P0488,2026-05-19,Damaged
T20250065187,P0333,2025-12-12,Damaged
T20260054671,P0026,2025-02-06,Customer Changed Mind
T20250092164,P0110,2025-02-13,Wrong Item
T20260095850,P0130,2025-09-26,Wrong Item
T20260136330,P0149,2025-11-06,Customer Changed Mind
T20260030648,P0359,2025-05-20,Wrong Item
T20250079752,P0264,2026-07-07,Damaged
T20260072609,P0259,2026-08-13,Customer Changed Mind
T20250112324,P0169,2025-03-30,Damaged
T20260046170,P0264,2026-08-05,Damaged
T20260095484,P0321,2026-04-06,Damaged
T20250114771,P0114,2026-10-23,Customer Changed Mind
T20260134645,P0093,2025-08-25,Wrong Item
T20260007205,P0484,2025-10-15,Damaged
T20250051335,P0452,2025-06-30,Customer Changed Mind
T20250049906,P0063,2025-11-13,Wrong Item
T20260043358,P0161,2026-07-07,Wrong Item
T20250028924,P0464,2025-03-27,Damaged
T20250053050,P0103,2025-09-20,Customer Changed Mind
T20250000667,P0204,2025-05-11,Customer Changed Mind
T20260117663,P0402,2025-03-28,Damaged
T20260121988,P0203,2025-10-04,Wrong Item
T20260136032,P0284,2025-10-23,Customer Changed Mind
T20260095227,P0279,2025-07-13,Customer Changed Mind
T20250003799,P0479,2025-10-07,Damaged
T20260143161,P0122,2026-05-03,Damaged
T20250052821,P0279,2026-11-26,Customer Changed Mind
T20250094236,P0234,2025-01-21,Wrong Item
T20250069469,P0191,2026-05-30,Customer Changed Mind
T20250050476,P0116,2026-12-22,Customer Changed Mind
T20250111478,P0397,2025-10-01,Damaged
T20250136924,P0223,2025-05-25,Customer Changed Mind
T20260131966,P0140,2025-01-16,Damaged
T20250065275,P0248,2025-04-28,Damaged
T20260049568,P0035,2025-12-31,Wrong Item
T20260007440,P0193,2025-12-08,Customer Changed Mind
T20250054308,P0475,2026-07-24,Wrong Item
T20250128607,P0192,2026-10-24,Wrong Item
T20250078404,P0107,2025-11-11,Damaged
T20250020035,P0435,2026-04-02,Damaged
T20250116919,P0313,2026-04-14,Customer Changed Mind
T20250094875,P0443,2026-07-24,Damaged
T20260022664,P0447,2026-01-05,Customer Changed Mind
T20250101286,P0270,2025-09-06,Customer Changed Mind
T20250137393,P0026,2025-07-25,Customer Changed Mind
T20260097991,P0469,2025-07-04,Wrong Item
T20260015309,P0480,2025-05-16,Damaged
T20260024871,P0439,2026-04-23,Damaged
T20260090258,P0212,2026-11-11,Wrong Item
T20260037512,P0381,2026-12-09,Wrong Item
T20250077976,P0488,2025-10-19,Customer Changed Mind
T20260022342,P0161,2026-10-15,Damaged
T20250104956,P0390,2026-09-09,Damaged
T20250005538,P0088,2026-03-19,Customer Changed Mind
T20250106800,P0438,2025-11-02,Wrong Item
T20250096378,P0134,2026-01-27,Damaged
T20260096558,P0123,2026-01-27,Wrong Item
T20250062749,P0280,2026-02-13,Wrong Item
T20250014055,P0066,2026-06-03,Wrong Item
T20250083235,P0472,2025-10-02,Wrong Item
T20260085577,P0003,2026-02-08,Damaged
T20250138723,P0408,2025-05-05,Damaged
T20250141838,P0351,2025-12-02,Customer Changed Mind
T20250070097,P0026,2025-03-30,Wrong Item
T20260146019,P0178,2026-08-13,Customer Changed Mind
T20260007169,P0382,2026-03-25,Customer Changed Mind
T20250037943,P0296,2025-11-26,Wrong Item
T20250015239,P0414,2026-02-14,Customer Changed Mind
T20250017174,P0414,2026-11-17,Customer Changed Mind
T20260061249,P0354,2025-08-23,Wrong Item
T20260139115,P0318,2026-10-20,Customer Changed Mind
T20260084753,P0331,2026-04-12,Damaged
T20250139408,P0196,2026-09-08,Damaged
T20260075770,P0197,2026-04-28,Customer Changed Mind
T20260035445,P0096,2026-04-11,Customer Changed Mind
T20260056978,P0106,2025-07-19,Wrong Item
T20260122916,P0297,2026-08-22,Customer Changed Mind
T20250022739,P0240,2025-01-09,Customer Changed Mind
T20250113310,P0166,2025-04-02,Damaged
T20250055712,P0234,2026-02-22,Customer Changed Mind
T20250141165,P0151,2025-05-19,Wrong Item
T20250017502,P0437,2026-12-24,Damaged
T20250008807,P0161,2025-09-21,Wrong Item
T20250133036,P0348,2026-03-10,Wrong Item
T20260113355,P0238,2025-09-07,Wrong Item
T20250081756,P0468,2026-08-23,Customer Changed Mind
T20250083522,P0466,2026-06-02,Customer Changed Mind
T20260090716,P0126,2026-02-16,Customer Changed Mind
T20260009347,P0167,2025-03-12,Customer Changed Mind
T20250075080,P0477,2025-07-16,Damaged
T20260022313,P0135,2026-01-27,Wrong Item
T20250125739,P0207,2025-05-10,Damaged
T20260089711,P0484,2025-11-27,Damaged
T20260144384,P0469,2025-05-15,Wrong Item
T20260104146,P0375,2025-09-19,Damaged
T20250128213,P0493,2026-06-03,Damaged
T20250147047,P0050,2026-01-20,Wrong Item
T20260135594,P0463,2026-12-02,Wrong Item
T20260103253,P0489,2025-09-04,Damaged
T20260131078,P0138,2026-10-31,Wrong Item
T20260001593,P0355,2026-02-07,Damaged
T20250062597,P0410,2025-08-20,Customer Changed Mind
T20260098961,P0289,2025-10-20,Wrong Item
T20250011677,P0205,2026-03-22,Customer Changed Mind
T20260055542,P0421,2026-07-17,Customer Changed Mind
T20250005094,P0147,2026-11-29,Customer Changed Mind
T20260146746,P0426,2026-07-05,Customer Changed Mind
T20250018453,P0218,2026-05-31,Wrong Item
T20250002922,P0407,2025-11-22,Damaged
T20260093256,P0401,2025-08-01,Wrong Item
T20250085293,P0482,2026-04-15,Customer Changed Mind
T20260145938,P0188,2026-10-05,Wrong Item
T20260098766,P0178,2026-03-28,Damaged
T20250012905,P0314,2025-03-20,Wrong Item
T20250132386,P0382,2025-03-16,Customer Changed Mind
T20250085115,P0457,2026-05-10,Customer Changed Mind
T20250130173,P0361,2025-02-12,Wrong Item
T20250115071,P0018,2026-05-03,Customer Changed Mind
T20260081997,P0429,2026-05-23,Wrong Item
T20250094140,P0081,2025-10-31,Customer Changed Mind
T20260134562,P0218,2026-04-21,Damaged
T20260078135,P0271,2026-03-29,Damaged
T20250081482,P0157,2026-04-26,Customer Changed Mind
T20260128069,P0176,2025-06-11,Wrong Item
T20260024646,P0117,2026-01-19,Wrong Item
T20260063194,P0479,2025-10-12,Wrong Item
T20250064266,P0309,2025-12-09,Wrong Item
T20260064204,P0095,2025-04-10,Customer Changed Mind
T20250023055,P0425,2025-04-17,Wrong Item
T20250073182,P0303,2026-09-17,Damaged
T20250093905,P0467,2025-03-31,Customer Changed Mind
T20250028518,P0171,2026-01-12,Customer Changed Mind
T20260014474,P0108,2026-10-10,Damaged
T20250045312,P0316,2025-05-12,Damaged
T20260091770,P0276,2026-04-17,Wrong Item
T20260015332,P0021,2026-01-24,Wrong Item
T20260128356,P0132,2026-11-14,Damaged
T20260058988,P0371,2026-03-12,Wrong Item
T20250055858,P0482,2026-09-26,Damaged
T20260022442,P0294,2025-01-31,Damaged
T20250032089,P0115,2025-04-05,Damaged
T20250069878,P0052,2026-08-13,Damaged
T20260046168,P0099,2026-03-11,Wrong Item
T20250113481,P0361,2026-10-16,Customer Changed Mind
T20260099514,P0425,2026-10-02,Wrong Item
T20250136649,P0073,2025-07-14,Customer Changed Mind
T20250033961,P0136,2025-04-11,Wrong Item
T20250057184,P0385,2026-05-29,Damaged
T20260014485,P0431,2025-05-03,Damaged
T20250096650,P0184,2025-03-11,Customer Changed Mind
T20250020790,P0244,2025-02-13,Customer Changed Mind
T20260051605,P0421,2025-10-18,Wrong Item
T20260107305,P0181,2026-05-30,Damaged
T20250064524,P0352,2025-01-06,Damaged
T20260023603,P0036,2025-05-20,Damaged
T20260114609,P0262,2026-08-15,Wrong Item
T20260084364,P0387,2026-05-24,Customer Changed Mind
T20250037119,P0062,2026-04-03,Customer Changed Mind
T20260048342,P0006,2025-06-19,Wrong Item
T20260126684,P0094,2025-04-02,Damaged
T20250060607,P0132,2025-04-30,Customer Changed Mind
T20250019711,P0157,2025-01-10,Damaged
T20250111542,P0402,2025-10-17,Damaged
T20260043173,P0118,2025-02-26,Customer Changed Mind
T20260012096,P0003,2026-05-04,Wrong Item
T20250043714,P0304,2025-01-23,Damaged
T20250022568,P0407,2026-01-04,Damaged
T20250117403,P0112,2025-12-17,Damaged
T20250124115,P0265,2025-09-16,Customer Changed Mind
T20260053746,P0087,2025-08-29,Damaged
T20250074288,P0313,2025-10-22,Wrong Item
T20250146127,P0234,2026-06-07,Damaged
T20260062186,P0340,2025-11-23,Wrong Item
T20250126271,P0300,2026-09-26,Wrong Item
T20260105747,P0034,2026-02-14,Damaged
T20260140484,P0476,2025-02-11,Damaged
T20260014208,P0049,2025-08-09,Wrong Item
T20260133067,P0321,2026-10-14,Damaged
T20260102939,P0244,2026-12-12,Damaged
T20250145104,P0269,2025-05-09,Customer Changed Mind
T20250028689,P0357,2025-03-21,Wrong Item
T20260052756,P0062,2026-05-03,Customer Changed Mind
T20250041876,P0252,2026-10-13,Damaged
T20260104104,P0488,2025-02-28,Wrong Item
T20250043017,P0161,2026-05-26,Wrong Item
T20260069743,P0448,2026-08-23,Wrong Item
T20250147649,P0199,2025-10-01,Wrong Item
T20260142715,P0047,2026-11-02,Customer Changed Mind
T20250058736,P0296,2025-09-30,Damaged
T20250067401,P0191,2026-04-02,Customer Changed Mind
T20250115581,P0017,2025-02-17,Damaged
T20250008946,P0436,2025-06-12,Wrong Item
T20250062733,P0468,2025-07-18,Customer Changed Mind
T20260014760,P0178,2025-12-17,Customer Changed Mind
T20250096278,P0097,2025-01-13,Damaged
T20260097523,P0061,2026-08-16,Customer Changed Mind
T20250142758,P0383,2026-02-22,Wrong Item
T20250136394,P0206,2026-01-02,Customer Changed Mind
T20260139393,P0290,2025-12-15,Customer Changed Mind
T20250120330,P0379,2025-09-24,Damaged
T20250060652,P0164,2025-10-21,Customer Changed Mind
T20250087548,P0173,2025-01-07,Damaged
T20250143422,P0118,2025-11-28,Wrong Item
T20260064256,P0105,2026-02-14,Wrong Item
T20250126874,P0270,2025-01-14,Damaged
T20260116110,P0389,2026-05-28,Customer Changed Mind
T20260149955,P0006,2026-11-17,Customer Changed Mind
T20260073211,P0037,2025-01-17,Customer Changed Mind
T20260130229,P0398,2025-08-12,Wrong Item
T20260000281,P0392,2025-08-24,Damaged
T20250086869,P0302,2026-01-03,Wrong Item
T20260075141,P0186,2025-10-03,Wrong Item
T20260145047,P0291,2026-08-26,Customer Changed Mind
T20260131368,P0412,2026-05-08,Customer Changed Mind
T20250010411,P0050,2026-08-07,Customer Changed Mind
T20250000875,P0373,2025-07-08,Damaged
T20260079813,P0197,2025-01-04,Customer Changed Mind
T20260072222,P0158,2026-06-23,Wrong Item
T20250146705,P0406,2026-11-27,Wrong Item
T20250062257,P0136,2025-08-04,Damaged
T20260048706,P0146,2025-11-20,Damaged
T20260047958,P0452,2025-10-30,Wrong Item
T20250100943,P0095,2025-08-07,Customer Changed Mind
T20260007773,P0263,2025-02-02,Customer Changed Mind
T20250095604,P0032,2025-01-28,Wrong Item
T20250064094,P0478,2026-09-25,Customer Changed Mind
T20260149347,P0234,2025-07-30,Customer Changed Mind
T20260133754,P0350,2025-01-15,Wrong Item
T20250144500,P0075,2026-02-16,Wrong Item
T20260129484,P0489,2026-02-03,Customer Changed Mind
T20260018768,P0163,2025-09-12,Wrong Item
T20260144969,P0129,2025-02-21,Wrong Item
T20250062181,P0468,2026-03-10,Damaged
T20260021085,P0192,2026-06-23,Wrong Item
T20260144391,P0489,2026-12-16,Wrong Item
T20250010373,P0011,2026-02-16,Damaged
T20260065956,P0390,2025-02-21,Wrong Item
T20250130737,P0178,2025-08-22,Wrong Item
T20260020400,P0072,2025-08-20,Damaged
T20260143194,P0095,2025-04-17,Damaged
T20260060151,P0228,2026-01-27,Customer Changed Mind
T20260012018,P0285,2026-08-27,Damaged
T20250141402,P0474,2025-08-26,Customer Changed Mind
T20250051515,P0179,2026-06-30,Damaged
T20260090330,P0066,2025-12-31,Customer Changed Mind
T20260113587,P0107,2025-03-05,Wrong Item
T20250132021,P0036,2026-07-01,Wrong Item
T20250043059,P0190,2025-01-03,Wrong Item
T20250124676,P0088,2026-02-13,Damaged
T20260009342,P0412,2025-07-26,Damaged
T20250059196,P0123,2025-08-16,Customer Changed Mind
T20260104626,P0367,2026-08-09,Damaged
T20250084489,P0100,2025-04-04,Damaged
T20260066460,P0187,2026-03-26,Damaged
T20250040974,P0406,2025-11-09,Wrong Item
T20260098769,P0190,2026-11-06,Damaged
T20260134366,P0443,2025-03-27,Damaged
T20260116225,P0400,2026-06-29,Customer Changed Mind
T20260014614,P0274,2025-04-28,Customer Changed Mind
T20250020683,P0282,2025-12-11,Damaged
T20250115500,P0344,2025-07-11,Wrong Item
T20250098865,P0380,2025-02-24,Wrong Item
T20250052875,P0314,2026-06-27,Customer Changed Mind
T20260101509,P0324,2025-06-23,Customer Changed Mind
T20250110963,P0391,2025-11-01,Wrong Item
T20250095593,P0416,2026-11-23,Customer Changed Mind
T20250015503,P0353,2025-03-16,Damaged
T20250124685,P0036,2025-04-19,Customer Changed Mind
T20250024749,P0366,2026-04-10,Customer Changed Mind
T20250022958,P0356,2025-02-10,Wrong Item
T20260143081,P0033,2025-05-10,Customer Changed Mind
T20260092240,P0278,2026-12-17,Damaged
T20260035607,P0038,2025-09-23,Wrong Item
T20250148143,P0199,2025-09-24,Wrong Item
T20260078305,P0495,2025-02-15,Customer Changed Mind
T20260083419,P0150,2026-07-31,Wrong Item
T20250040892,P0453,2025-09-13,Wrong Item
T20260081646,P0085,2025-02-24,Wrong Item
T20260101088,P0348,2025-12-12,Damaged
T20260128075,P0221,2026-05-25,Wrong Item
T20260021712,P0201,2025-07-13,Wrong Item
T20260030655,P0370,2026-05-28,Customer Changed Mind
T20250122886,P0460,2026-08-26,Customer Changed Mind
T20250087504,P0215,2026-11-11,Customer Changed Mind
T20260026038,P0241,2026-12-27,Customer Changed Mind
T20260040909,P0421,2025-11-03,Wrong Item
T20260061342,P0301,2025-11-08,Customer Changed Mind
T20260110620,P0250,2026-06-14,Wrong Item
T20260100053,P0481,2026-12-29,Customer Changed Mind
T20250010139,P0216,2025-08-01,Wrong Item
T20250106790,P0125,2026-03-15,Customer Changed Mind
T20260039297,P0088,2025-10-10,Wrong Item
T20260065845,P0175,2025-09-23,Customer Changed Mind
T20250065512,P0480,2026-11-20,Damaged
T20250089317,P0180,2026-12-20,Customer Changed Mind
T20250008606,P0346,2026-12-24,Customer Changed Mind
T20250000859,P0134,2025-02-12,Customer Changed Mind
T20250041588,P0175,2026-10-01,Damaged
T20250047552,P0256,2026-05-26,Damaged
T20250110476,P0381,2025-09-30,Customer Changed Mind
T20260100478,P0355,2026-07-22,Customer Changed Mind
T20250038121,P0308,2026-02-26,Damaged
T20250063583,P0322,2026-03-30,Damaged
T20250118617,P0313,2026-09-12,Wrong Item
T20260119305,P0292,2026-07-03,Customer Changed Mind
T20250061675,P0145,2026-03-26,Wrong Item
T20250032477,P0313,2026-12-06,Customer Changed Mind
T20250042032,P0130,2025-02-28,Customer Changed Mind
T20260042946,P0416,2025-02-04,Customer Changed Mind
T20260055449,P0268,2026-06-28,Wrong Item
T20260003369,P0420,2026-10-19,Customer Changed Mind
T20250047101,P0316,2025-09-12,Wrong Item
T20260072883,P0447,2026-08-08,Customer Changed Mind
T20250048487,P0098,2026-12-31,Customer Changed Mind
T20260072135,P0151,2026-01-19,Damaged
T20250096107,P0296,2026-01-08,Customer Changed Mind
T20260089684,P0350,2025-11-06,Damaged
T20260087513,P0023,2026-09-15,Damaged
T20260138648,P0103,2026-10-21,Customer Changed Mind
T20250038679,P0261,2025-10-24,Customer Changed Mind
T20250119489,P0086,2025-11-15,Customer Changed Mind
T20250126188,P0375,2025-06-19,Customer Changed Mind
T20250074470,P0363,2025-07-15,Damaged
T20260043858,P0295,2025-09-16,Damaged
T20260084098,P0067,2025-01-11,Wrong Item
T20260070556,P0187,2025-01-04,Damaged
T20260028576,P0143,2026-09-11,Wrong Item
T20260025298,P0405,2025-07-16,Damaged
T20260013349,P0134,2026-06-28,Wrong Item
T20250117077,P0356,2025-06-24,Customer Changed Mind
T20250021388,P0092,2026-11-19,Damaged
T20250071661,P0272,2026-06-29,Damaged
T20260023307,P0080,2025-07-04,Wrong Item
T20260086372,P0168,2026-05-17,Wrong Item
T20250003454,P0081,2026-06-13,Customer Changed Mind
T20260042624,P0310,2026-05-23,Damaged
T20250094819,P0482,2025-08-20,Wrong Item
T20260035061,P0246,2025-01-02,Customer Changed Mind
T20250098932,P0247,2025-08-31,Customer Changed Mind
T20250018570,P0265,2026-01-27,Wrong Item
T20260077306,P0225,2025-07-26,Damaged
T20260054575,P0258,2025-02-11,Damaged
T20260037874,P0229,2025-08-23,Customer Changed Mind
T20260022869,P0265,2026-06-02,Customer Changed Mind
T20260119133,P0191,2026-12-06,Customer Changed Mind
T20250132315,P0356,2026-01-11,Wrong Item
T20260013567,P0190,2026-06-22,Wrong Item
T20260118271,P0152,2025-09-13,Wrong Item
T20250068177,P0427,2025-01-30,Customer Changed Mind
T20260052065,P0497,2025-06-21,Damaged
T20260077471,P0445,2025-08-30,Damaged
T20250026028,P0246,2026-08-24,Customer Changed Mind
T20260010503,P0297,2026-03-27,Customer Changed Mind
T20260091037,P0121,2025-05-26,Damaged
T20260110134,P0027,2026-08-03,Damaged
T20260028153,P0453,2025-11-10,Wrong Item
T20250038188,P0347,2025-01-12,Customer Changed Mind
T20260010523,P0155,2026-01-28,Damaged
T20260048771,P0020,2026-05-29,Customer Changed Mind
T20260062042,P0481,2025-07-06,Customer Changed Mind
T20250022345,P0237,2025-10-19,Customer Changed Mind
T20250104142,P0247,2026-04-06,Wrong Item
T20260056457,P0179,2026-02-25,Wrong Item
T20260082340,P0181,2026-04-18,Wrong Item
T20260109560,P0458,2026-11-15,Damaged
T20250063006,P0004,2025-07-13,Damaged
T20260030068,P0360,2025-12-21,Customer Changed Mind
T20260109102,P0422,2026-04-30,Customer Changed Mind
T20260055353,P0357,2025-03-03,Damaged
T20260130029,P0048,2026-12-08,Wrong Item
T20250054744,P0491,2025-09-13,Wrong Item
T20260143468,P0088,2026-11-29,Customer Changed Mind
T20250128109,P0105,2026-04-01,Customer Changed Mind
T20250036422,P0147,2025-08-25,Customer Changed Mind
T20250037790,P0325,2025-02-04,Customer Changed Mind
T20260096238,P0426,2026-08-26,Wrong Item
T20260138792,P0321,2026-02-20,Wrong Item
T20260070154,P0441,2025-07-23,Damaged
T20260097805,P0290,2025-12-02,Wrong Item
T20250053379,P0043,2025-01-28,Damaged
T20260125241,P0155,2026-02-16,Wrong Item
T20260071354,P0098,2025-03-06,Damaged
T20260146123,P0455,2025-07-10,Customer Changed Mind
T20250080732,P0002,2026-07-03,Damaged
T20260056003,P0289,2026-12-23,Damaged
T20250023538,P0246,2026-06-06,Wrong Item
T20260005258,P0330,2026-05-27,Damaged
T20260117936,P0072,2025-05-18,Customer Changed Mind
T20260099576,P0187,2026-12-18,Damaged
T20260143691,P0409,2025-04-06,Damaged
T20260094468,P0035,2025-04-16,Customer Changed Mind
T20250098076,P0143,2025-12-06,Wrong Item
T20260136949,P0080,2025-10-09,Wrong Item
T20260050614,P0058,2025-08-17,Customer Changed Mind
T20260007408,P0131,2026-08-08,Damaged
T20250119150,P0391,2026-04-23,Customer Changed Mind
T20250136326,P0271,2026-04-04,Customer Changed Mind
T20260101264,P0119,2025-08-01,Wrong Item
T20260130514,P0451,2026-09-21,Wrong Item
T20260056221,P0176,2026-09-25,Wrong Item
T20260040163,P0180,2025-04-04,Wrong Item
T20260111780,P0060,2026-06-18,Damaged
T20250107981,P0352,2026-07-25,Customer Changed Mind
T20260016331,P0215,2026-09-16,Wrong Item
T20250061258,P0196,2026-01-24,Damaged
T20250125973,P0438,2026-08-05,Wrong Item
T20260099642,P0433,2026-01-22,Wrong Item
T20250013835,P0032,2026-08-30,Customer Changed Mind
T20250094253,P0168,2025-01-31,Customer Changed Mind
T20250142585,P0194,2026-07-07,Damaged
T20250096852,P0006,2025-07-30,Wrong Item
T20250142219,P0114,2025-08-04,Damaged
T20260002510,P0474,2026-09-20,Customer Changed Mind
T20260100895,P0067,2026-11-05,Wrong Item
T20250014133,P0044,2025-11-03,Wrong Item
T20260105024,P0044,2025-04-29,Customer Changed Mind
T20250142309,P0232,2025-02-09,Damaged
T20260109538,P0027,2026-02-14,Customer Changed Mind
T20260132263,P0236,2025-11-05,Damaged
T20260057985,P0446,2025-11-21,Customer Changed Mind
T20260040371,P0118,2026-02-07,Damaged
T20250047826,P0032,2025-02-11,Customer Changed Mind
T20260090793,P0252,2026-05-16,Customer Changed Mind
T20250027477,P0242,2025-11-08,Damaged
T20250092821,P0302,2026-10-30,Wrong Item
T20250044854,P0153,2026-06-27,Damaged
T20250053289,P0391,2025-01-08,Customer Changed Mind
T20250111888,P0335,2026-05-12,Damaged
T20250057310,P0173,2025-11-29,Damaged
T20260031190,P0329,2026-11-02,Damaged
T20260024407,P0008,2025-04-14,Customer Changed Mind
T20260074859,P0020,2026-12-05,Customer Changed Mind
T20260018910,P0366,2025-06-08,Wrong Item
T20260002639,P0022,2025-12-16,Wrong Item
T20250083227,P0352,2025-11-16,Customer Changed Mind
T20260023321,P0127,2025-08-13,Wrong Item
T20250038929,P0462,2025-02-22,Customer Changed Mind
T20260061969,P0434,2026-01-04,Customer Changed Mind
T20250020769,P0235,2026-12-24,Damaged
T20250052986,P0178,2025-11-10,Damaged
T20260089633,P0315,2025-05-28,Damaged
T20250023743,P0421,2025-09-08,Wrong Item
T20250132564,P0131,2026-02-07,Wrong Item
T20260049810,P0197,2025-12-19,Damaged
T20260044733,P0238,2025-09-25,Customer Changed Mind
T20250038896,P0048,2025-10-21,Damaged
T20250086666,P0041,2025-04-22,Wrong Item
T20260037255,P0163,2025-02-18,Customer Changed Mind
T20250066582,P0128,2026-11-18,Damaged
T20250083066,P0197,2026-03-10,Wrong Item
T20250052571,P0180,2026-07-23,Damaged
T20260111732,P0030,2026-12-04,Customer Changed Mind
T20250084759,P0060,2026-10-10,Customer Changed Mind
T20250097401,P0192,2026-11-18,Damaged
T20260055551,P0427,2026-06-21,Customer Changed Mind
T20250004665,P0050,2026-03-26,Customer Changed Mind
T20260087220,P0157,2025-11-11,Wrong Item
T20250146876,P0145,2025-12-12,Customer Changed Mind
T20250095893,P0470,2025-09-10,Wrong Item
T20260134738,P0428,2025-07-26,Customer Changed Mind
T20250124871,P0449,2026-05-28,Damaged
T20250050814,P0007,2025-03-18,Damaged
T20250054990,P0007,2025-07-25,Customer Changed Mind
T20250053693,P0433,2026-12-06,Damaged
T20260119834,P0060,2025-07-28,Customer Changed Mind
T20250149119,P0173,2026-02-24,Damaged
T20260127184,P0361,2025-11-11,Customer Changed Mind
T20250094070,P0491,2026-04-11,Wrong Item
T20260143826,P0379,2025-07-09,Damaged
T20250136818,P0142,2025-01-18,Damaged
T20260098735,P0022,2026-12-09,Damaged
T20260082364,P0358,2026-01-23,Damaged
T20260141717,P0375,2026-08-08,Wrong Item
T20250066555,P0090,2025-05-05,Damaged
T20260124812,P0168,2026-09-12,Wrong Item
T20260094278,P0468,2025-06-02,Customer Changed Mind
T20260102003,P0187,2025-09-15,Damaged
T20260045923,P0331,2026-04-11,Damaged
T20260022198,P0184,2026-09-19,Wrong Item
T20250070754,P0421,2026-03-12,Wrong Item
T20250034881,P0255,2026-12-15,Customer Changed Mind
T20260108799,P0209,2025-04-18,Wrong Item
T20250144821,P0279,2025-07-05,Customer Changed Mind
T20250078325,P0424,2026-02-07,Wrong Item
T20260079100,P0085,2025-09-27,Customer Changed Mind
T20250065801,P0341,2025-06-12,Customer Changed Mind
T20250100133,P0278,2026-04-21,Wrong Item
T20260087810,P0031,2025-11-07,Wrong Item
T20260096322,P0288,2025-09-14,Customer Changed Mind
T20250032907,P0076,2025-01-03,Damaged
T20250007984,P0140,2025-08-03,Damaged
T20260083055,P0470,2026-09-19,Wrong Item
T20260051016,P0417,2026-02-03,Customer Changed Mind
T20260099995,P0479,2026-01-06,Wrong Item
T20250143437,P0142,2025-01-15,Wrong Item
T20250126507,P0490,2025-11-24,Damaged
T20260037286,P0142,2025-11-07,Customer Changed Mind
T20260126007,P0270,2025-12-05,Damaged
T20260039746,P0289,2025-11-06,Damaged
T20260053530,P0363,2026-01-27,Damaged
T20250149103,P0032,2026-08-21,Damaged
T20250020419,P0231,2025-09-23,Customer Changed Mind
T20250107773,P0353,2026-10-15,Wrong Item
T20250125649,P0156,2025-04-19,Damaged
T20250073476,P0424,2025-08-18,Customer Changed Mind
T20260048168,P0307,2025-10-31,Wrong Item
T20250128987,P0031,2026-03-22,Damaged
T20250093381,P0404,2025-10-25,Damaged
T20260107452,P0052,2025-07-30,Damaged
T20260148069,P0432,2026-01-13,Wrong Item
T20260087907,P0100,2026-03-22,Wrong Item
T20260012882,P0329,2026-08-19,Wrong Item
T20260147351,P0455,2025-07-24,Damaged
T20250111802,P0462,2025-03-31,Customer Changed Mind
T20260148017,P0121,2026-06-04,Customer Changed Mind
T20250129331,P0321,2025-09-08,Customer Changed Mind
T20260076175,P0427,2025-04-18,Damaged
T20260023064,P0221,2026-05-06,Customer Changed Mind
T20260089605,P0263,2025-08-22,Damaged
T20250008971,P0411,2026-01-16,Wrong Item
T20260030851,P0173,2025-03-25,Wrong Item
T20260054916,P0098,2025-04-17,Wrong Item
T20260054414,P0339,2026-02-04,Wrong Item
T20250117357,P0459,2025-09-10,Customer Changed Mind
T20260051821,P0112,2025-12-10,Wrong Item
T20260099960,P0418,2026-05-01,Customer Changed Mind
T20260125062,P0204,2025-11-27,Customer Changed Mind
T20260111741,P0470,2026-06-24,Customer Changed Mind
T20250045444,P0275,2025-01-26,Damaged
T20250032150,P0247,2026-03-23,Damaged
T20260087184,P0099,2025-05-03,Damaged
T20260119533,P0456,2026-12-18,Wrong Item
T20250070993,P0128,2026-05-01,Damaged
T20250108254,P0116,2026-11-15,Damaged
T20260023090,P0387,2025-08-11,Customer Changed Mind
T20260073134,P0290,2025-06-15,Damaged
T20250021837,P0297,2026-03-22,Damaged
T20260011026,P0417,2025-07-15,Wrong Item
T20250075393,P0417,2026-07-02,Damaged
T20250090241,P0038,2026-11-15,Damaged
T20250020002,P0182,2026-11-05,Customer Changed Mind
T20250140430,P0394,2025-09-14,Wrong Item
T20250031168,P0294,2025-10-15,Damaged
T20260118169,P0078,2026-08-13,Damaged
T20250138846,P0135,2026-02-26,Customer Changed Mind
T20250029932,P0457,2026-03-07,Customer Changed Mind
T20250145361,P0457,2025-05-11,Wrong Item
T20250018713,P0291,2026-08-02,Wrong Item
T20250144969,P0286,2026-12-01,Damaged
T20250097646,P0033,2025-10-06,Wrong Item
T20260044054,P0297,2025-09-05,Customer Changed Mind
T20260025633,P0331,2026-03-09,Customer Changed Mind
T20260047381,P0185,2025-04-08,Customer Changed Mind
T20260001092,P0219,2026-12-30,Damaged
T20260116274,P0136,2025-12-22,Damaged
T20250103946,P0001,2026-04-21,Damaged
T20250039183,P0026,2025-12-31,Customer Changed Mind
T20260057410,P0102,2025-11-08,Customer Changed Mind
T20250042955,P0136,2025-08-12,Wrong Item
T20250100238,P0472,2026-05-16,Customer Changed Mind
T20250044093,P0125,2025-11-25,Customer Changed Mind
T20250133055,P0486,2025-01-15,Damaged
T20250087207,P0055,2025-10-05,Wrong Item
T20250014146,P0177,2025-02-10,Customer Changed Mind
T20260055734,P0249,2026-05-03,Damaged
T20260067190,P0347,2026-06-25,Damaged
T20250123437,P0124,2026-02-07,Wrong Item
T20260058364,P0270,2026-07-02,Wrong Item
T20260110491,P0041,2026-03-19,Damaged
T20250070831,P0042,2026-06-17,Damaged
T20260011034,P0013,2025-11-17,Wrong Item
T20260100032,P0288,2025-01-16,Customer Changed Mind
T20250096505,P0230,2026-08-29,Customer Changed Mind
T20250041807,P0092,2026-05-23,Wrong Item
T20260061576,P0368,2026-09-03,Damaged
T20250142123,P0331,2026-03-17,Damaged
T20260098891,P0246,2025-05-17,Customer Changed Mind
T20260042224,P0292,2026-05-21,Customer Changed Mind
T20250130450,P0096,2026-04-07,Damaged
T20260112939,P0085,2025-09-16,Customer Changed Mind
T20250003050,P0044,2026-02-17,Damaged
T20250058446,P0323,2025-02-21,Damaged
T20250130815,P0249,2025-12-10,Customer Changed Mind
T20260012881,P0117,2026-01-10,Wrong Item
T20250135830,P0094,2026-04-27,Damaged
T20260014412,P0415,2026-11-01,Customer Changed Mind
T20260031996,P0166,2025-05-29,Customer Changed Mind
T20250133455,P0272,2026-09-13,Wrong Item
T20260030558,P0377,2025-02-18,Wrong Item
T20250133698,P0350,2026-09-18,Damaged
T20250047310,P0120,2026-05-24,Customer Changed Mind
T20260133480,P0108,2025-04-05,Wrong Item
T20260071801,P0261,2026-08-11,Customer Changed Mind
T20250087905,P0479,2026-11-16,Wrong Item
T20250128654,P0402,2025-05-31,Damaged
T20260075626,P0424,2026-04-07,Wrong Item
T20260132560,P0360,2026-05-25,Wrong Item
T20260079520,P0370,2025-01-09,Customer Changed Mind
T20250027548,P0216,2025-05-03,Damaged
T20260134438,P0245,2026-08-07,Wrong Item
T20250022198,P0471,2025-06-09,Damaged
T20250098057,P0382,2026-07-23,Damaged
T20250098400,P0017,2025-03-07,Customer Changed Mind
T20250089585,P0015,2025-11-19,Damaged
T20250030320,P0070,2026-10-05,Damaged
T20250097689,P0309,2026-09-15,Wrong Item
T20260076648,P0161,2026-02-06,Wrong Item
T20260081138,P0112,2026-09-22,Customer Changed Mind
T20250000391,P0174,2026-11-15,Customer Changed Mind
T20250117343,P0366,2026-01-31,Damaged
T20260012317,P0254,2026-03-20,Damaged
T20250075173,P0396,2025-10-01,Wrong Item
T20260077582,P0186,2025-05-16,Damaged
T20260022044,P0383,2026-01-13,Customer Changed Mind
T20250080298,P0355,2026-01-12,Wrong Item
T20260137481,P0275,2025-01-11,Customer Changed Mind
T20250059221,P0454,2025-12-21,Wrong Item
T20260138804,P0036,2026-11-26,Wrong Item
T20260053756,P0464,2025-02-04,Wrong Item
T20260142069,P0257,2025-06-03,Damaged
T20260001986,P0242,2025-11-12,Wrong Item
T20260036694,P0452,2026-05-26,Wrong Item
T20260134841,P0438,2025-09-26,Wrong Item
T20260010602,P0176,2026-07-04,Customer Changed Mind
T20250061015,P0423,2025-07-24,Wrong Item
T20250062331,P0073,2025-12-04,Customer Changed Mind
T20250010571,P0271,2026-10-16,Wrong Item
T20260112142,P0290,2026-06-07,Customer Changed Mind
T20260059778,P0252,2026-03-07,Damaged
T20250089862,P0203,2025-05-31,Damaged
T20250097388,P0131,2025-01-31,Wrong Item
T20260083745,P0466,2025-02-27,Damaged
T20250041667,P0478,2025-12-31,Customer Changed Mind
T20260066352,P0241,2026-01-15,Wrong Item
T20260015695,P0457,2026-07-30,Customer Changed Mind
T20260138113,P0437,2026-04-29,Wrong Item
T20250102656,P0440,2025-06-07,Customer Changed Mind
T20250060565,P0135,2026-07-05,Damaged
T20250141812,P0129,2026-11-10,Customer Changed Mind
T20260033320,P0175,2025-01-27,Customer Changed Mind
T20260035124,P0389,2025-03-14,Customer Changed Mind
T20250131433,P0380,2026-08-26,Damaged
T20250058605,P0482,2026-07-01,Wrong Item
T20250097176,P0087,2026-01-25,Customer Changed Mind
T20250035678,P0003,2026-09-23,Damaged
T20250119385,P0179,2025-07-13,Customer Changed Mind
T20250009807,P0445,2026-12-28,Wrong Item
T20260112368,P0295,2026-05-19,Wrong Item
T20260002144,P0406,2026-06-11,Damaged
T20250100138,P0151,2025-12-11,Wrong Item
T20260083383,P0360,2026-01-17,Wrong Item
T20260079686,P0014,2026-03-26,Wrong Item
T20260070687,P0408,2025-10-21,Damaged
T20260045904,P0223,2026-09-08,Wrong Item
T20250136717,P0253,2025-06-02,Customer Changed Mind
T20260019333,P0387,2026-10-12,Wrong Item
T20260110180,P0248,2026-09-25,Wrong Item
T20260020320,P0172,2026-10-19,Wrong Item
T20250100086,P0352,2025-10-29,Damaged
T20250046166,P0396,2026-02-27,Damaged
T20260133221,P0228,2025-06-11,Customer Changed Mind
T20260138729,P0087,2025-10-03,Customer Changed Mind
T20260004465,P0265,2026-08-06,Wrong Item
T20250025915,P0290,2025-07-08,Wrong Item
T20260020399,P0217,2026-03-09,Wrong Item
T20260149475,P0295,2026-06-09,Wrong Item
T20260033927,P0225,2025-10-21,Wrong Item
T20260013186,P0329,2025-05-27,Customer Changed Mind
T20250014079,P0147,2026-10-30,Damaged
T20260023371,P0055,2025-06-12,Customer Changed Mind
T20260017286,P0352,2026-01-10,Customer Changed Mind
T20260019561,P0237,2026-04-12,Customer Changed Mind
T20250131864,P0002,2025-01-05,Damaged
T20260147349,P0303,2025-07-03,Customer Changed Mind
T20260080744,P0111,2026-05-26,Customer Changed Mind
T20250127464,P0245,2026-02-17,Damaged
T20260046928,P0473,2026-07-19,Wrong Item
T20250074535,P0190,2025-06-06,Customer Changed Mind
T20250093161,P0210,2026-11-05,Damaged
T20260006059,P0141,2026-03-24,Wrong Item
T20250064023,P0184,2026-08-06,Customer Changed Mind
T20260084247,P0222,2025-04-26,Customer Changed Mind
T20260023289,P0423,2025-09-24,Customer Changed Mind
T20260008784,P0354,2026-06-16,Wrong Item
T20260097767,P0418,2026-10-25,Customer Changed Mind
T20250135838,P0325,2025-05-18,Customer Changed Mind
T20260116393,P0299,2025-02-20,Damaged
T20250145436,P0479,2025-12-06,Wrong Item
T20250114879,P0379,2025-03-05,Customer Changed Mind
T20250124246,P0304,2026-06-04,Damaged
T20260131884,P0086,2026-01-23,Wrong Item
T20250063809,P0308,2026-01-17,Damaged
T20260055260,P0449,2025-05-29,Damaged
T20260129498,P0100,2025-11-20,Wrong Item
T20250042655,P0391,2025-07-22,Wrong Item
T20250149355,P0478,2025-10-25,Damaged
T20250135028,P0024,2026-09-22,Wrong Item
T20260088319,P0421,2025-02-16,Damaged
T20250057925,P0469,2025-05-29,Customer Changed Mind
T20250061285,P0414,2025-03-31,Wrong Item
T20250039625,P0142,2025-02-28,Customer Changed Mind
T20250062215,P0147,2025-10-22,Damaged
T20250001421,P0449,2026-09-14,Damaged
T20250128362,P0442,2026-07-23,Wrong Item
T20260013809,P0373,2026-03-20,Damaged
T20250101334,P0107,2025-05-24,Customer Changed Mind
T20250128861,P0111,2026-01-06,Wrong Item
T20260128435,P0373,2026-05-10,Customer Changed Mind
T20250029612,P0474,2025-02-08,Damaged
T20260088167,P0434,2026-04-07,Customer Changed Mind
T20250067812,P0107,2025-11-26,Damaged
T20260097903,P0432,2026-04-04,Damaged
T20260141091,P0319,2026-07-28,Damaged
T20250008871,P0214,2025-06-06,Customer Changed Mind
T20250117153,P0022,2025-01-05,Customer Changed Mind
T20250148277,P0426,2026-04-22,Wrong Item
T20260117442,P0156,2026-01-02,Customer Changed Mind
T20260086168,P0215,2025-02-07,Damaged
T20250001052,P0390,2026-04-27,Damaged
T20260036246,P0392,2026-03-29,Wrong Item
T20260104348,P0306,2026-05-17,Customer Changed Mind
T20260006438,P0017,2025-11-21,Customer Changed Mind
T20260119603,P0457,2026-06-19,Damaged
T20250049140,P0265,2025-03-30,Customer Changed Mind
T20250128751,P0006,2026-09-09,Wrong Item
T20260111024,P0489,2025-06-10,Damaged
T20260145701,P0341,2025-09-25,Customer Changed Mind
T20260035701,P0298,2026-02-22,Damaged
T20250048788,P0244,2026-10-11,Customer Changed Mind
T20260042597,P0156,2025-05-11,Damaged
T20260104751,P0223,2026-04-26,Damaged
T20250059362,P0408,2025-09-21,Damaged
T20260015308,P0136,2026-01-09,Wrong Item
T20250135439,P0364,2025-08-18,Damaged
T20260038068,P0311,2025-06-01,Customer Changed Mind
T20250092982,P0142,2025-12-29,Wrong Item
T20260094820,P0114,2025-03-01,Customer Changed Mind
T20250065138,P0099,2025-08-11,Wrong Item
T20260140024,P0094,2026-08-13,Damaged
T20260118538,P0043,2026-03-03,Customer Changed Mind
T20250145146,P0415,2025-09-15,Customer Changed Mind
T20250132581,P0175,2025-03-21,Wrong Item
T20260045541,P0083,2025-08-16,Damaged
T20250136112,P0054,2025-01-08,Customer Changed Mind
T20250028953,P0433,2026-09-25,Damaged
T20260126071,P0360,2025-08-19,Wrong Item
T20260012366,P0470,2026-08-19,Damaged
T20250024927,P0482,2026-03-11,Damaged
T20250137986,P0156,2025-02-16,Wrong Item
T20260141245,P0442,2025-03-14,Wrong Item
T20260000548,P0073,2025-03-31,Wrong Item
T20260130016,P0384,2025-12-21,Damaged
T20250030354,P0207,2026-09-19,Wrong Item
T20250033770,P0419,2026-07-04,Customer Changed Mind
T20260110503,P0273,2026-11-07,Customer Changed Mind
T20260079872,P0073,2025-11-30,Customer Changed Mind
T20260035037,P0007,2025-02-18,Customer Changed Mind
T20250012792,P0477,2025-05-09,Customer Changed Mind
T20250144547,P0089,2025-04-19,Wrong Item
T20250120911,P0401,2026-10-20,Customer Changed Mind
T20260020935,P0461,2025-06-25,Customer Changed Mind
T20260146205,P0344,2025-10-23,Customer Changed Mind
T20260029231,P0147,2025-04-01,Damaged
T20260025500,P0454,2025-10-15,Customer Changed Mind
T20260073677,P0099,2025-09-07,Damaged
T20250045937,P0257,2026-12-31,Customer Changed Mind
T20260017581,P0044,2026-06-15,Wrong Item
T20250080039,P0180,2026-01-19,Customer Changed Mind
T20260059835,P0233,2026-02-25,Damaged
T20260065810,P0045,2026-07-17,Customer Changed Mind
T20260013937,P0434,2026-09-07,Damaged
T20250013508,P0049,2025-01-26,Damaged
T20260024515,P0213,2025-07-11,Wrong Item
T20260012024,P0420,2026-04-10,Damaged
T20260137703,P0486,2025-01-01,Wrong Item
T20260104710,P0465,2025-08-19,Damaged
T20250126501,P0003,2025-05-13,Damaged
T20260147102,P0183,2025-01-21,Wrong Item
T20260111766,P0004,2026-12-16,Customer Changed Mind
T20250144829,P0294,2025-06-15,Customer Changed Mind
T20260064028,P0280,2025-01-07,Wrong Item
T20250015525,P0157,2026-03-07,Damaged
T20260009814,P0019,2026-06-04,Damaged
T20260121007,P0271,2026-11-04,Customer Changed Mind
T20260028495,P0295,2025-09-07,Damaged
T20250050686,P0298,2026-09-20,Damaged
T20260029664,P0297,2025-07-10,Damaged
T20260053511,P0069,2025-09-11,Damaged
T20260112310,P0156,2025-12-31,Customer Changed Mind
T20250147585,P0312,2025-07-26,Damaged
T20250092941,P0197,2025-10-01,Damaged
T20260066494,P0364,2025-06-16,Customer Changed Mind
T20260007297,P0421,2025-05-07,Damaged
T20250117375,P0054,2025-09-07,Damaged
T20260100034,P0371,2026-06-08,Customer Changed Mind
T20260144855,P0113,2025-01-23,Customer Changed Mind
T20250095813,P0247,2025-07-22,Damaged
T20260101189,P0013,2026-02-26,Customer Changed Mind
T20260058837,P0021,2025-06-30,Wrong Item
T20250039672,P0399,2025-04-03,Wrong Item
T20250007486,P0398,2026-03-05,Wrong Item
T20250014581,P0091,2025-02-27,Customer Changed Mind
T20250063601,P0086,2026-12-01,Customer Changed Mind
T20250092049,P0347,2026-01-27,Wrong Item
T20260050195,P0487,2025-05-09,Damaged
T20250079670,P0475,2026-12-18,Wrong Item
T20250100857,P0342,2025-01-07,Customer Changed Mind
T20260096650,P0164,2026-12-10,Customer Changed Mind
T20250133439,P0252,2026-10-27,Customer Changed Mind
T20260067348,P0450,2025-10-22,Customer Changed Mind
T20250069277,P0134,2026-01-20,Wrong Item
T20250001110,P0160,2026-07-17,Wrong Item
T20260131129,P0176,2025-03-13,Damaged
T20260082177,P0443,2025-02-22,Wrong Item
T20250005579,P0341,2025-02-09,Damaged
T20250140264,P0248,2026-01-07,Customer Changed Mind
T20260009354,P0333,2025-08-21,Wrong Item
T20260040269,P0431,2026-05-31,Customer Changed Mind
T20250126010,P0162,2026-03-14,Wrong Item
T20250083895,P0367,2025-09-22,Damaged
T20260149210,P0316,2026-06-09,Damaged
T20250143224,P0325,2025-01-29,Wrong Item
T20260063000,P0411,2026-04-02,Damaged
T20260142830,P0394,2025-05-18,Customer Changed Mind
T20260046478,P0284,2026-05-06,Damaged
T20260124178,P0482,2026-01-25,Wrong Item
T20250074653,P0102,2025-10-16,Customer Changed Mind
T20260122961,P0308,2026-04-25,Damaged
T20260141858,P0388,2025-05-17,Customer Changed Mind
T20260075914,P0046,2025-10-05,Wrong Item
T20260042818,P0337,2026-10-18,Damaged
T20260055440,P0352,2026-03-08,Customer Changed Mind
T20260056521,P0103,2026-07-30,Wrong Item
T20260077833,P0173,2026-05-12,Damaged
T20250051679,P0331,2026-04-15,Damaged
T20250137945,P0407,2026-06-10,Damaged
T20250098160,P0089,2025-09-22,Wrong Item
T20250145810,P0019,2025-11-24,Customer Changed Mind
T20260022485,P0487,2025-10-06,Damaged
T20260089989,P0358,2025-07-17,Wrong Item
T20250043630,P0384,2025-11-02,Wrong Item
T20250103205,P0005,2026-08-11,Wrong Item
T20250128722,P0375,2025-03-13,Damaged
T20260138954,P0221,2025-08-09,Customer Changed Mind
T20260111471,P0414,2025-11-03,Wrong Item
T20260044452,P0097,2026-05-27,Customer Changed Mind
T20250054554,P0005,2026-07-06,Damaged
T20250085202,P0304,2026-09-22,Damaged
T20260077376,P0010,2025-04-05,Damaged
T20260098079,P0008,2026-03-05,Wrong Item
T20260019671,P0025,2025-12-31,Customer Changed Mind
T20250081061,P0203,2026-07-02,Damaged
T20260011740,P0305,2025-05-09,Wrong Item
T20260086899,P0428,2025-11-26,Wrong Item
T20260147568,P0220,2025-01-04,Wrong Item
T20260132206,P0309,2025-10-16,Customer Changed Mind
T20260130498,P0419,2026-09-19,Wrong Item
T20260119174,P0141,2026-10-28,Damaged
T20250097710,P0214,2025-05-26,Wrong Item
T20260082705,P0412,2025-05-29,Customer Changed Mind
T20260053292,P0007,2025-06-07,Damaged
T20260049719,P0452,2025-05-04,Customer Changed Mind
T20260069604,P0496,2026-02-14,Customer Changed Mind
T20250041010,P0232,2026-10-12,Damaged
T20260109160,P0133,2026-09-21,Customer Changed Mind
T20250121505,P0460,2026-09-19,Damaged
T20260097141,P0397,2025-10-21,Wrong Item
T20260110901,P0179,2025-02-23,Damaged
T20260111080,P0459,2025-08-16,Damaged
T20260119290,P0027,2025-06-13,Wrong Item
T20260061527,P0090,2025-11-06,Customer Changed Mind
T20260041673,P0188,2025-08-18,Wrong Item
T20250125692,P0079,2026-10-16,Wrong Item
T20260029356,P0379,2026-04-18,Customer Changed Mind
T20250034048,P0101,2025-07-15,Damaged
T20260037186,P0223,2026-12-31,Damaged
T20260052644,P0446,2025-10-08,Wrong Item
T20250135666,P0416,2026-01-02,Damaged
T20250005090,P0230,2025-02-20,Customer Changed Mind
T20250073685,P0047,2026-05-31,Damaged
T20260118225,P0160,2025-03-11,Customer Changed Mind
T20250063070,P0068,2026-05-12,Customer Changed Mind
T20250007122,P0005,2026-12-11,Customer Changed Mind
T20260004942,P0394,2026-07-18,Wrong Item
T20260040788,P0089,2026-12-18,Wrong Item
T20260051456,P0264,2026-03-25,Damaged
T20260033133,P0143,2026-12-03,Customer Changed Mind
T20260038363,P0398,2025-10-23,Wrong Item
T20250041398,P0063,2026-10-20,Damaged
T20260083062,P0393,2025-09-13,Customer Changed Mind
T20260106535,P0030,2025-05-29,Wrong Item
T20250108892,P0281,2025-07-19,Damaged
T20260054566,P0467,2025-12-03,Damaged
T20250075808,P0243,2025-06-09,Damaged
T20250088590,P0309,2025-08-18,Wrong Item
T20250117932,P0092,2026-02-20,Damaged
T20250011537,P0195,2025-12-06,Customer Changed Mind
T20260104339,P0206,2026-10-27,Customer Changed Mind
T20250148113,P0381,2025-11-30,Customer Changed Mind
T20260039374,P0301,2026-09-30,Customer Changed Mind
T20250053920,P0134,2026-07-01,Customer Changed Mind
T20250023480,P0226,2026-12-07,Customer Changed Mind
T20260042533,P0140,2025-03-05,Damaged
T20260143960,P0023,2026-02-24,Damaged
T20250002888,P0483,2026-01-18,Damaged
T20260093361,P0406,2026-03-13,Wrong Item
T20250095825,P0116,2026-10-30,Customer Changed Mind
T20250005398,P0152,2025-06-03,Damaged
T20260025882,P0086,2026-11-28,Wrong Item
T20250128323,P0152,2025-11-11,Damaged
T20260055361,P0389,2026-01-24,Damaged
T20250080123,P0041,2025-10-02,Damaged
T20250139123,P0488,2025-10-09,Customer Changed Mind
T20260101992,P0313,2026-11-08,Wrong Item
T20250060726,P0152,2025-04-15,Damaged
T20260061880,P0190,2026-10-05,Customer Changed Mind
T20260098551,P0422,2026-03-16,Wrong Item
T20260143114,P0369,2025-10-08,Damaged
T20260140603,P0060,2026-11-10,Customer Changed Mind
T20260126982,P0484,2025-02-07,Wrong Item
T20260137954,P0411,2025-03-11,Customer Changed Mind
T20260129296,P0117,2025-03-29,Customer Changed Mind
T20250075843,P0317,2026-12-19,Damaged
T20260103335,P0127,2026-10-20,Customer Changed Mind
T20250123419,P0272,2026-01-22,Customer Changed Mind
T20250099391,P0278,2026-06-13,Customer Changed Mind
T20260100266,P0141,2025-10-14,Wrong Item
T20260116546,P0235,2026-06-30,Customer Changed Mind
T20260025504,P0031,2026-03-15,Damaged
T20250051336,P0314,2025-11-12,Damaged
T20260122748,P0385,2026-11-15,Wrong Item
T20250040820,P0414,2025-01-03,Damaged
T20260041455,P0354,2026-06-05,Customer Changed Mind
T20260022936,P0354,2025-03-10,Wrong Item
T20250032246,P0037,2026-06-29,Wrong Item
T20250058630,P0128,2025-10-11,Damaged
T20260004314,P0330,2025-03-16,Customer Changed Mind
T20250035025,P0057,2025-08-04,Customer Changed Mind
T20250041554,P0085,2025-02-17,Customer Changed Mind
T20260124833,P0243,2025-12-26,Customer Changed Mind
T20260069443,P0217,2026-10-08,Customer Changed Mind
T20250115512,P0351,2025-08-13,Wrong Item
T20250112184,P0328,2025-05-08,Wrong Item
T20250107610,P0108,2026-12-23,Customer Changed Mind
T20250000139,P0122,2026-05-28,Damaged
T20250080773,P0002,2025-09-21,Wrong Item
T20260126794,P0086,2026-01-27,Customer Changed Mind
T20250139692,P0203,2025-02-10,Wrong Item
T20250049804,P0354,2026-09-27,Wrong Item
T20260039140,P0243,2025-04-16,Customer Changed Mind
T20260055126,P0395,2026-01-12,Wrong Item
T20250141033,P0121,2025-05-14,Damaged
T20260067755,P0176,2026-02-05,Wrong Item
T20250026604,P0116,2025-03-19,Damaged
T20250059910,P0346,2026-09-28,Wrong Item
T20250016062,P0440,2026-08-08,Wrong Item
T20250129458,P0150,2025-01-21,Wrong Item
T20260102042,P0129,2025-06-11,Damaged
T20250011402,P0210,2025-01-25,Damaged
T20250025737,P0325,2025-09-03,Damaged
T20250081369,P0353,2025-04-22,Wrong Item
T20250060605,P0461,2026-07-30,Wrong Item
T20250055010,P0234,2026-08-23,Customer Changed Mind
T20260120106,P0442,2026-01-13,Damaged
T20260093923,P0217,2026-06-08,Wrong Item
T20260069572,P0177,2026-01-12,Wrong Item
T20260099711,P0093,2025-01-30,Wrong Item
T20260145839,P0240,2025-03-20,Customer Changed Mind
T20260080102,P0052,2025-10-22,Wrong Item
T20250028828,P0009,2025-09-30,Wrong Item
T20260127412,P0181,2025-08-16,Customer Changed Mind
T20250026299,P0441,2025-02-15,Wrong Item
T20260098268,P0398,2025-11-25,Damaged
T20250114399,P0085,2025-09-24,Customer Changed Mind
T20260020723,P0197,2025-03-06,Wrong Item
T20260087123,P0213,2026-07-30,Customer Changed Mind
T20250099301,P0316,2026-11-19,Wrong Item
T20260101649,P0491,2026-01-10,Wrong Item
T20260042016,P0419,2026-11-12,Damaged
T20250062174,P0489,2025-01-29,Wrong Item
T20260126347,P0211,2026-07-10,Damaged
T20250120364,P0398,2025-04-19,Wrong Item
T20250103851,P0428,2026-05-23,Customer Changed Mind
T20250073289,P0014,2026-05-01,Wrong Item
T20260137688,P0232,2026-03-31,Damaged
T20250022060,P0245,2025-12-22,Wrong Item
T20260115306,P0463,2026-06-01,Damaged
T20260142156,P0025,2025-05-29,Damaged
T20250110292,P0267,2026-02-01,Wrong Item
T20250016143,P0260,2025-08-05,Wrong Item
T20260149459,P0265,2026-02-19,Wrong Item
T20260022261,P0481,2026-09-30,Damaged
T20250118238,P0499,2026-08-27,Wrong Item
T20250143245,P0234,2026-08-20,Customer Changed Mind
T20260057911,P0317,2026-01-24,Damaged
T20250051583,P0464,2026-07-18,Wrong Item
T20250109857,P0448,2026-07-29,Damaged
T20250132281,P0146,2026-08-02,Customer Changed Mind
T20260112246,P0083,2025-09-17,Wrong Item
T20260077038,P0452,2025-11-19,Wrong Item
T20250089427,P0092,2025-06-19,Customer Changed Mind
T20260044208,P0217,2025-04-03,Customer Changed Mind
T20250111199,P0468,2026-06-11,Wrong Item
T20260115889,P0382,2026-09-16,Wrong Item
T20260059764,P0288,2025-05-29,Customer Changed Mind
T20260083025,P0203,2025-12-08,Damaged
T20250037989,P0193,2026-07-12,Damaged
T20260007033,P0286,2026-06-23,Customer Changed Mind
T20250017706,P0134,2026-02-06,Damaged
T20260079827,P0069,2025-08-07,Customer Changed Mind
T20250067604,P0162,2026-01-31,Wrong Item
T20260065036,P0114,2025-02-03,Damaged
T20250148520,P0381,2026-11-11,Customer Changed Mind
T20260000333,P0028,2025-04-09,Damaged
T20250078559,P0371,2025-08-18,Customer Changed Mind
T20250034975,P0182,2026-11-22,Wrong Item
T20260011319,P0020,2026-09-18,Damaged
T20250133759,P0405,2026-03-23,Customer Changed Mind
T20250052750,P0143,2025-11-17,Damaged
T20250135923,P0232,2025-12-30,Wrong Item
T20250083070,P0411,2026-10-28,Wrong Item
T20260013236,P0368,2026-02-03,Wrong Item
T20260070281,P0067,2025-07-03,Customer Changed Mind
T20250091129,P0389,2026-11-14,Customer Changed Mind
T20260095437,P0252,2026-09-27,Damaged
T20260096151,P0443,2026-11-04,Customer Changed Mind
T20250062542,P0245,2026-11-28,Wrong Item
T20250004779,P0245,2025-06-25,Wrong Item
T20260062846,P0182,2026-05-10,Customer Changed Mind
T20250078092,P0167,2026-05-18,Customer Changed Mind
T20260149138,P0258,2026-12-26,Customer Changed Mind
T20260148208,P0170,2025-01-01,Customer Changed Mind
T20250088515,P0406,2025-09-12,Damaged
T20250058879,P0490,2025-01-04,Damaged
T20250105643,P0405,2026-04-17,Wrong Item
T20250050090,P0262,2025-12-24,Customer Changed Mind
T20260088527,P0300,2025-03-27,Damaged
T20260138992,P0030,2025-02-27,Customer Changed Mind
T20250089063,P0288,2025-05-11,Wrong Item
T20260123220,P0291,2025-02-21,Damaged
T20260139081,P0386,2026-09-23,Customer Changed Mind
T20260064488,P0458,2026-01-07,Customer Changed Mind
T20260070064,P0143,2025-12-30,Customer Changed Mind
T20260088345,P0068,2025-05-08,Wrong Item
T20250028287,P0375,2026-10-03,Customer Changed Mind
T20250071393,P0431,2025-10-23,Wrong Item
T20250089572,P0088,2025-12-30,Damaged
T20260148583,P0073,2026-07-10,Wrong Item
T20250001914,P0051,2026-06-25,Damaged
T20250098659,P0351,2025-04-26,Customer Changed Mind
T20260060972,P0170,2026-08-22,Customer Changed Mind
T20260028754,P0101,2025-12-01,Wrong Item
T20260002573,P0251,2026-12-05,Wrong Item
T20260066589,P0371,2025-04-17,Wrong Item
T20260087074,P0283,2026-02-19,Customer Changed Mind
T20260035652,P0108,2025-07-26,Customer Changed Mind
T20250035904,P0029,2026-06-22,Damaged
T20260123853,P0006,2026-07-01,Damaged
T20250112370,P0420,2025-06-06,Customer Changed Mind
T20250069959,P0088,2025-03-16,Wrong Item
T20260132473,P0094,2026-07-26,Customer Changed Mind
T20250123510,P0041,2026-02-06,Customer Changed Mind
T20260031589,P0031,2026-11-21,Damaged
T20250028945,P0368,2026-03-14,Customer Changed Mind
T20260139766,P0047,2026-07-26,Customer Changed Mind
T20260063810,P0199,2025-04-26,Damaged
T20250137160,P0367,2026-06-27,Customer Changed Mind
T20250110297,P0175,2026-08-23,Damaged
T20260146311,P0284,2025-02-02,Customer Changed Mind
T20260074271,P0094,2026-07-24,Damaged
T20260097382,P0197,2026-01-09,Wrong Item
T20260000040,P0388,2026-11-27,Wrong Item
T20260094543,P0488,2025-07-13,Damaged
T20250034907,P0412,2025-03-09,Customer Changed Mind
T20250105754,P0157,2026-05-27,Damaged
T20260142869,P0079,2025-09-24,Customer Changed Mind
T20260077874,P0294,2026-10-10,Wrong Item
T20250144186,P0352,2025-10-24,Wrong Item
T20260024376,P0318,2025-08-21,Wrong Item
T20260012273,P0372,2025-11-18,Damaged
T20250147653,P0386,2025-05-31,Damaged
T20250102608,P0442,2025-05-09,Wrong Item
T20250102197,P0485,2026-10-20,Customer Changed Mind
T20250052194,P0499,2025-08-08,Customer Changed Mind
T20250049705,P0131,2026-03-17,Damaged
T20250047884,P0372,2026-05-17,Wrong Item
T20260059916,P0083,2025-09-05,Wrong Item
T20260032935,P0116,2025-12-20,Customer Changed Mind
T20250006299,P0217,2026-05-28,Customer Changed Mind
T20260080641,P0186,2026-02-19,Wrong Item
T20260128630,P0343,2025-07-30,Damaged
T20250063436,P0021,2025-09-18,Customer Changed Mind
T20250144409,P0292,2026-08-20,Wrong Item
T20260088869,P0244,2025-07-04,Customer Changed Mind
T20260146877,P0015,2025-06-10,Wrong Item
T20250139851,P0400,2025-10-05,Damaged
T20260019445,P0486,2025-06-18,Customer Changed Mind
T20260099449,P0242,2026-02-14,Wrong Item
T20250036950,P0461,2026-11-21,Customer Changed Mind
T20260055825,P0168,2026-04-28,Wrong Item
T20250144362,P0437,2026-04-03,Customer Changed Mind
T20260039714,P0412,2026-07-17,Wrong Item
T20250057460,P0442,2025-10-05,Wrong Item
T20250146738,P0461,2026-07-24,Customer Changed Mind
T20260085257,P0096,2025-10-26,Damaged
T20260140132,P0251,2025-01-22,Wrong Item
T20260081234,P0350,2025-02-20,Wrong Item
T20250076122,P0205,2026-01-11,Damaged
T20250063603,P0334,2026-07-29,Wrong Item
T20250122324,P0220,2026-07-23,Wrong Item
T20260120865,P0057,2026-06-24,Damaged
T20250014377,P0496,2026-04-03,Damaged
T20260037957,P0436,2026-12-10,Damaged
T20250087221,P0065,2026-04-23,Wrong Item
T20260146653,P0021,2025-02-02,Damaged
T20250101516,P0221,2025-08-30,Customer Changed Mind
T20260111748,P0323,2025-02-10,Wrong Item
T20260135857,P0456,2026-09-20,Damaged
T20260078881,P0358,2025-02-11,Wrong Item
T20250022516,P0374,2026-10-14,Wrong Item
T20250065286,P0272,2026-12-16,Damaged
T20250057510,P0183,2026-04-19,Damaged
T20260140793,P0117,2025-08-02,Customer Changed Mind
T20260112410,P0415,2025-01-23,Customer Changed Mind
T20250040011,P0148,2026-04-22,Wrong Item
T20260078734,P0438,2025-07-08,Damaged
T20250098765,P0359,2025-07-01,Wrong Item
T20250031423,P0185,2026-08-09,Customer Changed Mind
T20250000797,P0483,2026-05-08,Customer Changed Mind
T20260050526,P0173,2025-10-07,Wrong Item
T20250028601,P0240,2025-10-26,Damaged
T20260138241,P0169,2025-06-27,Damaged
T20250052777,P0451,2025-04-13,Customer Changed Mind
T20260054089,P0328,2025-04-12,Wrong Item
T20260064162,P0206,2026-04-13,Wrong Item
T20260064675,P0145,2025-02-18,Damaged
T20260013050,P0028,2025-08-24,Damaged
T20250029839,P0030,2026-09-26,Wrong Item
T20250088785,P0301,2025-07-30,Damaged
T20250001340,P0299,2026-01-11,Damaged
T20250048496,P0315,2025-04-14,Wrong Item
T20250003860,P0295,2026-02-13,Damaged
T20250122248,P0008,2025-05-11,Wrong Item
T20250020453,P0002,2026-09-01,Wrong Item
T20250014046,P0297,2025-07-03,Damaged
T20260076969,P0201,2025-01-13,Customer Changed Mind
T20260074256,P0098,2026-06-09,Damaged
T20250126482,P0426,2026-04-12,Damaged
T20250044692,P0457,2025-12-06,Customer Changed Mind
T20250055423,P0289,2025-06-23,Wrong Item
T20250112320,P0082,2026-07-31,Wrong Item
T20250148181,P0279,2026-03-31,Wrong Item
T20260122212,P0253,2026-09-15,Damaged
T20250133471,P0207,2025-02-03,Wrong Item
T20260031093,P0443,2026-04-23,Damaged
T20250100985,P0310,2025-05-05,Customer Changed Mind
T20250131304,P0462,2025-06-07,Damaged
T20250144730,P0108,2026-09-24,Damaged
T20260007556,P0433,2025-01-02,Customer Changed Mind
T20260087771,P0252,2025-12-03,Damaged
T20250050216,P0404,2025-01-08,Wrong Item
T20250047529,P0285,2026-11-14,Customer Changed Mind
T20260000896,P0132,2025-03-30,Wrong Item
T20260092140,P0079,2025-02-16,Wrong Item
T20260133217,P0443,2026-07-04,Damaged
T20260031876,P0179,2025-06-18,Wrong Item
T20260138286,P0153,2025-08-24,Wrong Item
T20260136491,P0455,2026-02-05,Damaged
T20260103899,P0105,2026-02-14,Wrong Item
T20260099485,P0238,2026-03-29,Wrong Item
T20250109055,P0086,2026-11-29,Damaged
T20250006302,P0108,2025-05-20,Customer Changed Mind
T20250144540,P0366,2025-09-23,Wrong Item
T20250104109,P0025,2025-11-17,Wrong Item
T20260015076,P0414,2026-02-08,Wrong Item
T20250140314,P0171,2025-08-21,Wrong Item
T20260067697,P0461,2025-06-20,Customer Changed Mind
T20250014129,P0131,2026-08-01,Wrong Item
T20250055219,P0193,2026-05-09,Wrong Item
T20260093507,P0199,2025-12-08,Customer Changed Mind
T20250049524,P0462,2025-10-07,Customer Changed Mind
T20260099703,P0333,2025-05-29,Customer Changed Mind
T20250061322,P0073,2025-09-16,Customer Changed Mind
T20250053501,P0497,2025-06-12,Damaged
T20250024907,P0052,2026-06-08,Damaged
T20260142798,P0308,2026-02-27,Damaged
T20260010973,P0098,2026-06-28,Wrong Item
T20250018579,P0259,2026-03-30,Customer Changed Mind
T20250017858,P0466,2025-10-17,Customer Changed Mind
T20260072075,P0379,2026-05-10,Wrong Item
T20260063876,P0229,2026-11-17,Customer Changed Mind
T20260107025,P0346,2025-11-29,Damaged
T20250115882,P0027,2026-10-22,Damaged
T20250131189,P0477,2025-03-01,Wrong Item
T20250003896,P0071,2025-10-11,Customer Changed Mind
T20250144033,P0291,2025-04-21,Wrong Item
T20250016198,P0061,2025-12-09,Damaged
T20250060626,P0405,2026-06-04,Customer Changed Mind
T20250030256,P0410,2026-12-02,Customer Changed Mind
T20260138384,P0461,2025-10-23,Customer Changed Mind
T20260065755,P0315,2026-11-14,Damaged
T20260076787,P0062,2026-01-29,Wrong Item
T20250046033,P0088,2026-05-22,Customer Changed Mind
T20260032507,P0038,2025-03-29,Damaged
T20260025689,P0281,2026-06-28,Damaged
T20260048170,P0276,2025-12-09,Wrong Item
T20260067647,P0313,2026-06-08,Wrong Item
T20260134364,P0211,2025-06-23,Damaged
T20250021967,P0383,2026-02-01,Wrong Item
T20260116197,P0479,2025-08-25,Wrong Item
T20260061430,P0390,2025-09-14,Customer Changed Mind
T20250041968,P0086,2025-11-25,Wrong Item
T20260104294,P0205,2025-02-19,Wrong Item
T20260043013,P0409,2026-10-30,Customer Changed Mind
T20260111281,P0134,2025-08-23,Wrong Item
T20260058441,P0120,2025-02-22,Damaged
T20260008372,P0370,2026-04-01,Wrong Item
T20260022268,P0011,2026-01-18,Damaged
T20260069349,P0315,2025-06-29,Damaged
T20260148875,P0260,2025-02-27,Wrong Item
T20260068791,P0068,2025-06-13,Damaged
T20250148933,P0299,2026-02-19,Damaged
T20260121919,P0290,2025-04-03,Damaged
T20250056018,P0155,2026-01-06,Wrong Item
T20250147910,P0292,2026-07-13,Customer Changed Mind
T20250097284,P0185,2025-03-28,Customer Changed Mind
T20250144722,P0377,2025-05-22,Damaged
T20250063761,P0268,2026-05-10,Customer Changed Mind
T20260066356,P0093,2026-10-04,Wrong Item
T20250140477,P0217,2025-02-02,Damaged
T20250131008,P0288,2026-02-02,Customer Changed Mind
T20250095313,P0285,2026-03-02,Wrong Item
T20250028218,P0125,2026-06-17,Wrong Item
T20260146947,P0207,2026-03-18,Wrong Item
T20260032847,P0309,2025-11-08,Customer Changed Mind
T20250029112,P0030,2026-11-06,Customer Changed Mind
T20250056807,P0283,2025-06-05,Damaged
T20250131409,P0221,2025-05-07,Customer Changed Mind
T20260014039,P0169,2026-02-20,Damaged
T20250030700,P0350,2025-09-03,Wrong Item
T20260036479,P0246,2025-05-11,Customer Changed Mind
T20260127075,P0096,2026-11-25,Customer Changed Mind
T20260025248,P0111,2025-03-17,Wrong Item
T20260102999,P0061,2025-01-31,Wrong Item
T20250003873,P0172,2026-11-05,Wrong Item
T20260133545,P0042,2026-06-07,Wrong Item
T20250120322,P0189,2025-02-04,Damaged
T20260093656,P0463,2025-02-13,Wrong Item
T20260073066,P0103,2025-03-21,Damaged
T20260050786,P0194,2026-08-08,Wrong Item
T20260136709,P0105,2025-02-02,Damaged
T20250133406,P0214,2025-01-04,Wrong Item
T20260001455,P0183,2026-07-17,Customer Changed Mind
T20250049713,P0490,2025-12-17,Damaged
T20250142253,P0013,2025-03-10,Wrong Item
T20260048438,P0078,2025-08-05,Wrong Item
T20260091826,P0019,2026-10-10,Wrong Item
T20250045224,P0089,2025-05-15,Damaged
T20260014449,P0059,2025-05-16,Customer Changed Mind
T20250050366,P0235,2025-12-27,Wrong Item
T20250085897,P0078,2026-07-26,Customer Changed Mind
T20260043474,P0199,2026-06-23,Customer Changed Mind
T20250093544,P0342,2025-03-06,Wrong Item
T20260062604,P0220,2025-08-07,Damaged
T20260046425,P0022,2025-01-09,Customer Changed Mind
T20260064032,P0012,2025-07-29,Wrong Item
T20260026406,P0478,2025-08-03,Customer Changed Mind
T20250113699,P0397,2026-01-08,Wrong Item
T20250104272,P0164,2026-01-23,Wrong Item
T20250074570,P0160,2025-05-07,Customer Changed Mind
T20250069790,P0295,2025-01-26,Customer Changed Mind
T20250110630,P0070,2026-08-18,Customer Changed Mind
T20250138475,P0456,2026-06-29,Wrong Item
T20260077232,P0448,2026-09-01,Damaged
T20260060136,P0370,2025-08-19,Damaged
T20250087220,P0010,2025-07-12,Damaged
T20250001648,P0255,2025-03-14,Customer Changed Mind
T20260095951,P0499,2025-08-13,Customer Changed Mind
T20260118174,P0087,2026-09-18,Customer Changed Mind
T20260045710,P0486,2025-04-27,Wrong Item
T20260026643,P0341,2026-11-23,Customer Changed Mind
T20250146196,P0454,2025-01-07,Customer Changed Mind
T20250029064,P0225,2026-02-20,Customer Changed Mind
T20260145264,P0432,2025-07-17,Wrong Item
T20260061029,P0075,2025-06-04,Damaged
T20260007629,P0304,2025-07-06,Customer Changed Mind
T20260146705,P0209,2026-04-16,Wrong Item
T20250035760,P0300,2025-03-11,Wrong Item
T20260018368,P0483,2026-04-01,Damaged
T20260005369,P0051,2026-03-08,Wrong Item
T20260075061,P0182,2026-01-24,Damaged
T20250145541,P0267,2026-03-31,Customer Changed Mind
T20260019493,P0178,2026-11-06,Wrong Item
T20260142167,P0369,2025-01-10,Wrong Item
T20250097617,P0070,2025-10-11,Damaged
T20260142482,P0432,2025-03-06,Wrong Item
T20250143466,P0463,2025-06-20,Damaged
T20260128671,P0065,2026-01-09,Customer Changed Mind
T20250079442,P0108,2025-11-05,Damaged
T20250023650,P0460,2025-03-01,Wrong Item
T20250107687,P0275,2025-09-12,Damaged
T20250101356,P0063,2026-03-29,Damaged
T20250073257,P0063,2026-12-06,Wrong Item
T20260015349,P0239,2025-10-24,Damaged
T20250068950,P0495,2025-03-16,Customer Changed Mind
T20260139729,P0081,2026-06-02,Damaged
T20260141389,P0072,2025-06-13,Customer Changed Mind
T20260085049,P0001,2025-12-01,Damaged
T20250099196,P0349,2026-05-27,Customer Changed Mind
T20250005027,P0194,2025-02-16,Damaged
T20260114932,P0287,2026-11-17,Damaged
T20260116119,P0095,2026-03-18,Wrong Item
T20260055641,P0477,2026-05-03,Damaged
T20250081785,P0067,2026-06-01,Wrong Item
T20250003565,P0353,2026-09-10,Wrong Item
T20250084825,P0133,2026-02-21,Wrong Item
T20260066523,P0213,2026-07-15,Wrong Item
T20250142188,P0151,2026-03-29,Wrong Item
T20260121577,P0494,2025-12-22,Customer Changed Mind
T20250117052,P0360,2025-06-02,Damaged
T20250148627,P0156,2026-10-25,Damaged
T20250005526,P0034,2026-06-27,Damaged
T20250096697,P0122,2026-10-08,Damaged
T20260131257,P0330,2026-12-06,Damaged
T20250013630,P0360,2026-10-29,Customer Changed Mind
T20260075483,P0189,2025-06-28,Wrong Item
T20250075000,P0496,2026-08-10,Customer Changed Mind
T20250118004,P0313,2025-06-05,Customer Changed Mind
T20260047999,P0075,2026-11-13,Wrong Item
T20250031797,P0413,2026-12-07,Damaged
T20260149635,P0371,2026-10-09,Wrong Item
T20260141513,P0197,2026-11-07,Customer Changed Mind
T20260114498,P0330,2025-03-24,Customer Changed Mind
T20260091165,P0141,2025-05-28,Wrong Item
T20260082195,P0136,2026-01-03,Wrong Item
T20250059564,P0013,2026-02-01,Wrong Item
T20260082229,P0009,2026-03-22,Wrong Item
T20250100798,P0254,2025-03-06,Damaged
T20250059968,P0492,2025-01-04,Wrong Item
T20250147658,P0012,2025-09-11,Wrong Item
T20260140335,P0188,2026-06-24,Wrong Item
T20250116096,P0336,2025-09-15,Damaged
T20250040003,P0124,2025-01-24,Damaged
T20260102064,P0346,2026-02-16,Damaged
T20260096613,P0039,2025-05-04,Damaged
T20250051761,P0463,2025-11-01,Damaged
T20250118973,P0419,2026-09-15,Damaged
T20260005875,P0105,2026-02-21,Damaged
T20260077838,P0102,2026-10-02,Customer Changed Mind
T20260075000,P0040,2026-08-14,Wrong Item
T20250040705,P0443,2026-11-23,Wrong Item
T20250054960,P0119,2026-02-10,Customer Changed Mind
T20260052062,P0143,2026-08-18,Damaged
T20250136557,P0072,2026-03-26,Customer Changed Mind
T20250062500,P0313,2026-04-15,Damaged
T20250033564,P0126,2025-03-12,Customer Changed Mind
T20250028405,P0293,2025-12-09,Customer Changed Mind
T20250112810,P0403,2025-02-06,Wrong Item
T20250011669,P0154,2026-06-01,Damaged
T20250101214,P0156,2025-12-25,Wrong Item
T20250071095,P0289,2025-01-02,Wrong Item
T20250029656,P0484,2026-09-06,Damaged
T20250039040,P0082,2025-09-24,Damaged
T20250116067,P0393,2026-12-28,Wrong Item
T20260050547,P0268,2026-02-18,Damaged
T20260028871,P0214,2025-03-12,Damaged
T20260068877,P0140,2025-02-09,Customer Changed Mind
T20260097880,P0280,2026-07-13,Customer Changed Mind
T20260083770,P0373,2026-10-25,Damaged
T20260013887,P0102,2025-11-20,Customer Changed Mind
T20260108707,P0363,2025-07-22,Damaged
T20250142130,P0230,2026-03-24,Damaged
T20260029157,P0220,2025-08-14,Customer Changed Mind
T20260116639,P0059,2026-11-03,Wrong Item
T20250062220,P0414,2025-12-07,Damaged
T20250141856,P0440,2025-06-27,Wrong Item
T20250109353,P0375,2025-07-03,Wrong Item
T20250124528,P0234,2025-05-01,Wrong Item
T20250052472,P0303,2026-08-03,Customer Changed Mind
T20250045107,P0275,2025-02-10,Wrong Item
T20260069920,P0322,2025-11-14,Customer Changed Mind
T20250055906,P0151,2026-08-02,Customer Changed Mind
T20250016157,P0439,2026-04-21,Damaged
T20250004565,P0458,2025-01-12,Customer Changed Mind
T20260127074,P0254,2026-06-10,Customer Changed Mind
T20260146626,P0044,2026-10-04,Wrong Item
T20260000905,P0144,2026-03-28,Customer Changed Mind
T20260100815,P0325,2025-06-19,Damaged
T20260077014,P0148,2025-10-08,Damaged
T20260027626,P0018,2025-03-15,Customer Changed Mind
T20260123985,P0251,2026-11-20,Customer Changed Mind
T20250101399,P0218,2026-07-11,Customer Changed Mind
T20260001368,P0185,2026-11-26,Damaged
T20260005329,P0307,2026-06-28,Damaged
T20250130238,P0046,2026-11-22,Damaged
T20250016916,P0455,2026-03-31,Damaged
T20250021348,P0445,2026-06-12,Damaged
T20250088905,P0500,2026-03-02,Damaged
T20260038046,P0015,2025-02-06,Customer Changed Mind
T20260081424,P0232,2025-06-05,Damaged
T20260006182,P0082,2026-04-20,Wrong Item
T20250010151,P0073,2026-10-30,Wrong Item
T20260019424,P0299,2026-12-18,Wrong Item
T20260033964,P0130,2026-09-09,Wrong Item
T20260062051,P0461,2025-07-01,Damaged
T20250091163,P0458,2026-12-29,Customer Changed Mind
T20250000272,P0261,2026-07-26,Customer Changed Mind
T20260103058,P0438,2026-05-26,Damaged
T20250064858,P0311,2026-01-07,Wrong Item
T20260083121,P0103,2025-04-04,Damaged
T20250143118,P0322,2025-06-08,Customer Changed Mind
T20250128915,P0468,2025-10-04,Customer Changed Mind
T20260125002,P0205,2026-07-18,Customer Changed Mind
T20250087537,P0277,2026-12-03,Wrong Item
T20260097139,P0224,2026-06-27,Wrong Item
T20250001183,P0437,2026-12-13,Customer Changed Mind
T20260075735,P0043,2025-01-17,Customer Changed Mind
T20260083566,P0010,2026-11-12,Wrong Item
T20250006254,P0457,2025-10-23,Wrong Item
T20260003521,P0331,2025-10-01,Damaged
T20250144838,P0104,2026-01-08,Wrong Item
T20250081536,P0226,2026-09-02,Wrong Item
T20250084009,P0453,2026-11-05,Wrong Item
T20260048291,P0479,2025-04-10,Damaged
T20260074081,P0422,2026-06-20,Wrong Item
T20250125029,P0239,2025-03-17,Customer Changed Mind
T20250134261,P0203,2025-12-12,Customer Changed Mind
T20260137258,P0491,2026-06-20,Customer Changed Mind
T20250126001,P0441,2026-06-07,Wrong Item
T20250094596,P0092,2026-02-04,Damaged
T20250051444,P0448,2026-11-28,Wrong Item
T20250146290,P0049,2026-02-05,Wrong Item
T20250082672,P0436,2025-05-14,Damaged
T20250111868,P0001,2026-06-22,Customer Changed Mind
T20260112295,P0137,2026-10-29,Customer Changed Mind
T20250054521,P0467,2026-02-26,Wrong Item
T20260039559,P0395,2025-09-24,Damaged
T20250120885,P0323,2025-02-22,Damaged
T20250129727,P0404,2026-08-04,Wrong Item
T20260027685,P0218,2025-11-06,Customer Changed Mind
T20260133292,P0374,2025-08-24,Wrong Item
T20250010481,P0280,2025-07-26,Wrong Item
T20260031078,P0391,2026-05-29,Damaged
T20250043414,P0019,2025-10-08,Customer Changed Mind
T20250030174,P0305,2026-01-26,Customer Changed Mind
T20260044333,P0356,2025-08-18,Customer Changed Mind
T20260031513,P0070,2026-05-16,Wrong Item
T20250009489,P0197,2026-01-22,Wrong Item
T20260024921,P0070,2026-12-26,Wrong Item
T20260075265,P0047,2025-11-15,Damaged
T20260127508,P0223,2025-07-21,Damaged
T20260135893,P0241,2026-08-01,Wrong Item
T20260071329,P0440,2026-03-23,Damaged
T20260017746,P0496,2026-12-05,Damaged
T20250059420,P0312,2026-03-10,Customer Changed Mind
T20250119795,P0338,2026-08-03,Damaged
T20260045023,P0493,2025-08-01,Damaged
T20260010598,P0255,2026-06-20,Wrong Item
T20250036993,P0418,2025-04-05,Damaged
T20250086567,P0476,2026-09-02,Customer Changed Mind
T20250002384,P0017,2025-07-28,Wrong Item
T20260006774,P0331,2025-03-05,Customer Changed Mind
T20250043000,P0124,2025-03-02,Customer Changed Mind
T20250044527,P0313,2025-08-23,Customer Changed Mind
T20260073085,P0120,2026-03-11,Wrong Item
T20250136367,P0033,2026-08-07,Damaged
T20250146558,P0497,2025-08-08,Customer Changed Mind
T20260114334,P0219,2026-08-10,Damaged
T20260074077,P0009,2025-09-01,Customer Changed Mind
T20260022510,P0286,2025-01-04,Customer Changed Mind
T20250131558,P0082,2025-05-01,Customer Changed Mind
T20250143419,P0389,2025-06-15,Customer Changed Mind
T20250029042,P0035,2025-02-16,Wrong Item
T20260087162,P0306,2026-01-15,Damaged
T20250101714,P0285,2025-05-17,Customer Changed Mind
T20250138693,P0114,2026-04-14,Customer Changed Mind
T20250053235,P0423,2025-05-12,Damaged
T20260065156,P0395,2026-03-03,Wrong Item
T20260029008,P0042,2025-11-14,Customer Changed Mind
T20250036438,P0139,2026-09-03,Customer Changed Mind
T20260037826,P0442,2026-02-06,Damaged
T20250026753,P0157,2026-11-06,Damaged
T20260140650,P0470,2025-11-13,Customer Changed Mind
T20260041555,P0449,2026-04-11,Damaged
T20260102700,P0433,2025-05-22,Damaged
T20260078454,P0413,2026-11-14,Customer Changed Mind
T20250119569,P0432,2026-10-08,Damaged
T20260073463,P0459,2026-01-08,Damaged
T20250103910,P0165,2026-02-26,Wrong Item
T20260037157,P0245,2026-01-05,Wrong Item
T20260003472,P0209,2026-08-21,Customer Changed Mind
T20250024081,P0441,2025-05-19,Damaged
T20260003757,P0334,2026-01-12,Damaged
T20260016753,P0101,2025-10-05,Damaged
T20250059387,P0453,2025-03-28,Wrong Item
T20250027196,P0397,2026-07-14,Wrong Item
T20260103258,P0294,2026-04-28,Damaged
T20250021452,P0423,2026-10-14,Wrong Item
T20250107625,P0185,2025-09-15,Damaged
T20250088980,P0059,2025-05-26,Damaged
T20250097824,P0313,2026-09-17,Customer Changed Mind
T20250133948,P0059,2025-11-26,Wrong Item
T20250029601,P0165,2026-04-26,Customer Changed Mind
T20250048646,P0487,2026-05-09,Wrong Item
T20250035675,P0238,2026-05-11,Damaged
T20250080482,P0054,2026-07-07,Damaged
T20260061471,P0374,2026-06-13,Customer Changed Mind
T20260052804,P0411,2026-12-31,Wrong Item
T20260121078,P0194,2026-01-23,Damaged
T20260066754,P0482,2025-02-17,Wrong Item
T20250093460,P0197,2026-12-04,Damaged
T20250088931,P0173,2025-10-09,Wrong Item
T20250043826,P0253,2026-01-08,Damaged
T20250000776,P0206,2025-05-05,Customer Changed Mind
T20250100535,P0037,2026-08-08,Damaged
T20260131380,P0253,2025-07-11,Customer Changed Mind
T20250103552,P0046,2025-01-19,Customer Changed Mind
T20260062972,P0348,2025-11-18,Wrong Item
T20250140221,P0291,2025-02-02,Customer Changed Mind
T20260066055,P0223,2025-11-05,Damaged
T20250042455,P0248,2025-07-01,Customer Changed Mind
T20250059125,P0488,2026-07-18,Customer Changed Mind
T20260120020,P0279,2026-02-11,Damaged
T20250061076,P0097,2025-05-09,Damaged
T20260012012,P0277,2025-05-09,Customer Changed Mind
T20260100067,P0406,2025-11-29,Customer Changed Mind
T20260119276,P0493,2026-06-07,Customer Changed Mind
T20250009224,P0098,2026-04-12,Damaged
T20260013519,P0143,2026-08-01,Customer Changed Mind
T20260101284,P0114,2025-06-16,Wrong Item
T20260136653,P0023,2025-01-02,Wrong Item
T20250128173,P0483,2025-10-04,Damaged
T20250067157,P0341,2025-02-16,Damaged
T20250030853,P0360,2026-07-28,Wrong Item
T20250040684,P0306,2026-11-02,Wrong Item
T20260044822,P0001,2025-11-23,Damaged
T20250017600,P0354,2026-05-20,Customer Changed Mind
T20260102202,P0107,2025-11-25,Wrong Item
T20250079365,P0257,2025-01-12,Customer Changed Mind
T20260121610,P0266,2026-03-28,Customer Changed Mind
T20250095210,P0479,2026-08-07,Wrong Item
T20250106689,P0487,2025-01-14,Customer Changed Mind
T20260072778,P0452,2025-04-25,Wrong Item
T20260008587,P0358,2026-06-26,Wrong Item
T20260044934,P0022,2025-12-06,Customer Changed Mind
T20260086921,P0486,2025-05-04,Customer Changed Mind
T20250135820,P0003,2026-04-28,Customer Changed Mind
T20260034552,P0119,2025-03-26,Wrong Item
T20250147030,P0368,2026-09-26,Customer Changed Mind
T20260025269,P0168,2026-12-14,Wrong Item
T20250002863,P0355,2025-05-11,Damaged
T20260115896,P0064,2026-06-20,Wrong Item
T20260047963,P0127,2026-06-06,Customer Changed Mind
T20260025936,P0344,2025-07-19,Damaged
T20250139278,P0030,2026-01-21,Damaged
T20260055482,P0057,2026-12-04,Wrong Item
T20250023661,P0080,2025-04-10,Damaged
T20250092784,P0238,2025-08-10,Wrong Item
T20250075214,P0125,2026-03-12,Customer Changed Mind
T20250149785,P0027,2026-01-17,Customer Changed Mind
T20260089638,P0253,2026-04-16,Damaged
T20260118034,P0316,2025-05-16,Damaged
T20250021477,P0153,2025-04-16,Damaged
T20250008492,P0116,2025-12-07,Wrong Item
T20250094788,P0279,2025-10-22,Customer Changed Mind
T20260026996,P0186,2025-09-02,Wrong Item
T20250127422,P0092,2025-04-12,Customer Changed Mind
T20250104942,P0383,2025-01-11,Damaged
T20260028957,P0105,2025-07-16,Damaged
T20260058687,P0407,2026-05-25,Customer Changed Mind
T20250087724,P0183,2025-07-04,Wrong Item
T20250132305,P0449,2026-04-26,Damaged
T20260045049,P0459,2026-06-30,Customer Changed Mind
T20260010316,P0275,2025-12-19,Customer Changed Mind
T20250052256,P0355,2025-03-25,Damaged
T20260145207,P0414,2025-01-30,Wrong Item
T20260029583,P0271,2026-11-18,Damaged
T20260004318,P0033,2026-08-28,Customer Changed Mind
T20250078364,P0013,2025-12-27,Customer Changed Mind
T20260053250,P0109,2026-09-12,Damaged
T20250070914,P0178,2026-04-09,Damaged
T20250129987,P0271,2025-10-26,Damaged
T20250034399,P0344,2025-01-04,Wrong Item
T20250129311,P0456,2025-08-09,Wrong Item
T20250000920,P0078,2025-05-15,Customer Changed Mind
T20260054807,P0489,2026-01-09,Wrong Item
T20260109895,P0369,2025-09-30,Wrong Item
T20250091533,P0403,2025-02-23,Wrong Item
T20260027133,P0088,2026-09-30,Wrong Item
T20250058428,P0112,2025-01-09,Wrong Item
T20250063952,P0381,2026-02-04,Damaged
T20250138003,P0463,2026-08-01,Damaged
T20260023322,P0294,2025-04-02,Damaged
T20250115768,P0272,2025-06-05,Damaged
T20260017056,P0333,2025-08-14,Wrong Item
T20250036723,P0217,2025-10-26,Damaged
T20250013633,P0412,2025-08-02,Wrong Item
T20250062237,P0325,2026-07-14,Customer Changed Mind
T20260057178,P0113,2026-12-22,Customer Changed Mind
T20250058310,P0005,2026-10-01,Damaged
T20260004640,P0073,2025-12-04,Wrong Item
T20250066480,P0242,2026-01-24,Wrong Item
T20260119183,P0081,2026-09-27,Customer Changed Mind
T20250100844,P0201,2026-11-12,Wrong Item
T20260017140,P0310,2025-04-27,Customer Changed Mind
T20250110789,P0076,2026-02-17,Damaged
T20250053612,P0393,2025-12-22,Damaged
T20250011885,P0196,2025-06-04,Wrong Item
T20250122594,P0022,2025-01-23,Damaged
T20260009410,P0071,2025-02-28,Damaged
T20260095985,P0072,2025-05-21,Customer Changed Mind
T20250033868,P0254,2026-07-28,Customer Changed Mind
T20260064924,P0042,2025-10-15,Customer Changed Mind
T20260081467,P0211,2025-01-07,Damaged
T20260077899,P0030,2026-11-30,Damaged
T20250045130,P0008,2025-01-20,Customer Changed Mind
T20260023449,P0057,2025-06-25,Wrong Item
T20260127365,P0439,2025-05-08,Damaged
T20260016262,P0140,2026-03-27,Customer Changed Mind
T20250051492,P0054,2026-02-04,Customer Changed Mind
T20250063369,P0234,2026-06-27,Damaged
T20250041890,P0452,2026-02-03,Customer Changed Mind
T20250092148,P0146,2026-03-14,Damaged
T20250020546,P0366,2026-10-31,Damaged
T20260133312,P0129,2026-02-16,Wrong Item
T20260037558,P0088,2026-09-07,Customer Changed Mind
T20260024491,P0226,2025-04-19,Customer Changed Mind
T20260120441,P0008,2026-05-01,Customer Changed Mind
T20260100839,P0447,2026-08-11,Customer Changed Mind
T20260041654,P0298,2026-11-28,Customer Changed Mind
T20260091318,P0360,2025-11-10,Damaged
T20250099048,P0420,2025-06-02,Customer Changed Mind
T20250031929,P0016,2025-05-03,Damaged
T20250097970,P0488,2025-04-02,Damaged
T20260117818,P0414,2026-08-12,Customer Changed Mind
T20260084982,P0114,2026-04-19,Damaged
T20250066700,P0241,2026-12-01,Wrong Item
T20260053234,P0498,2025-09-01,Wrong Item
T20260096068,P0170,2026-12-13,Customer Changed Mind
T20260138498,P0125,2026-05-26,Customer Changed Mind
T20260039247,P0201,2025-03-11,Wrong Item
T20250078182,P0237,2025-07-29,Customer Changed Mind
T20260090903,P0226,2025-02-20,Customer Changed Mind
T20260113428,P0365,2025-11-24,Damaged
T20250040813,P0090,2025-05-29,Damaged
T20250035596,P0155,2026-08-12,Customer Changed Mind
T20260034320,P0451,2025-05-23,Customer Changed Mind
T20250015832,P0459,2026-08-21,Wrong Item
T20250048681,P0371,2025-11-30,Damaged
T20250104970,P0106,2026-07-26,Wrong Item
T20250061527,P0329,2026-10-16,Wrong Item
T20260100452,P0234,2026-09-23,Wrong Item
T20260012856,P0440,2026-01-08,Wrong Item
T20260136486,P0317,2025-08-21,Damaged
T20250040599,P0391,2025-11-13,Customer Changed Mind
T20250055056,P0162,2025-12-16,Customer Changed Mind
T20250007865,P0150,2025-09-16,Customer Changed Mind
T20250045538,P0176,2025-11-10,Wrong Item
T20250125431,P0185,2026-05-13,Damaged
T20250045062,P0128,2026-09-10,Wrong Item
T20260014063,P0290,2026-07-01,Damaged
T20250029750,P0061,2026-03-01,Wrong Item
T20250140358,P0331,2026-02-15,Wrong Item
T20250125265,P0419,2025-12-05,Customer Changed Mind
T20260021181,P0152,2025-07-22,Damaged
T20260145333,P0112,2025-10-06,Customer Changed Mind
T20260086839,P0272,2026-09-22,Wrong Item
T20250108513,P0310,2025-03-17,Wrong Item
T20260136137,P0470,2025-12-14,Customer Changed Mind
T20250087923,P0363,2026-09-02,Customer Changed Mind
T20260042756,P0177,2026-11-01,Customer Changed Mind
T20250060206,P0130,2025-07-28,Damaged
T20260106511,P0456,2025-05-15,Customer Changed Mind
T20250003335,P0129,2025-10-28,Wrong Item
T20250008639,P0084,2026-03-21,Customer Changed Mind
T20250078718,P0317,2026-06-08,Wrong Item
T20250078786,P0024,2026-02-20,Damaged
T20250032726,P0152,2026-12-14,Damaged
T20260147675,P0077,2025-03-30,Wrong Item
T20260024978,P0100,2025-02-19,Customer Changed Mind
T20250080956,P0451,2026-03-03,Customer Changed Mind
T20260080720,P0199,2025-12-08,Wrong Item
T20260084321,P0017,2026-11-23,Wrong Item
T20250089293,P0122,2025-02-25,Wrong Item
T20260066196,P0369,2026-11-09,Damaged
T20250062346,P0470,2026-03-16,Wrong Item
T20250107055,P0500,2025-08-20,Damaged
T20260014955,P0085,2025-08-27,Customer Changed Mind
T20250079309,P0199,2025-09-28,Customer Changed Mind
T20260143926,P0439,2026-04-21,Damaged
T20260038846,P0122,2025-09-16,Customer Changed Mind
T20260035090,P0200,2026-09-19,Customer Changed Mind
T20250019937,P0114,2026-01-16,Wrong Item
T20250012233,P0084,2026-10-06,Wrong Item
T20260121975,P0186,2025-08-10,Damaged
T20250012761,P0437,2026-11-27,Damaged
T20250083733,P0465,2025-12-28,Wrong Item
T20250133651,P0348,2025-09-02,Damaged
T20250045333,P0262,2026-07-05,Customer Changed Mind
T20260015869,P0183,2025-08-07,Customer Changed Mind
T20260052406,P0383,2025-06-17,Customer Changed Mind
T20260096487,P0072,2026-07-07,Customer Changed Mind
T20260087336,P0476,2025-01-02,Customer Changed Mind
T20250046374,P0412,2026-12-21,Damaged
T20260071675,P0262,2026-12-11,Customer Changed Mind
T20260003219,P0267,2025-10-11,Wrong Item
T20250149729,P0111,2026-01-20,Damaged
T20260149770,P0228,2026-08-17,Customer Changed Mind
T20250116911,P0401,2026-04-12,Damaged
T20260097542,P0337,2025-12-17,Customer Changed Mind
T20260044287,P0499,2026-10-31,Customer Changed Mind
T20260068296,P0317,2026-05-03,Customer Changed Mind
T20250002088,P0092,2025-01-10,Damaged
T20260148800,P0179,2025-05-10,Wrong Item
T20260108616,P0176,2026-10-07,Damaged
T20250070568,P0419,2026-08-24,Damaged
T20250049441,P0151,2025-10-22,Customer Changed Mind
T20260082646,P0002,2025-08-02,Wrong Item
T20260130280,P0423,2026-09-08,Damaged
T20250066362,P0126,2025-07-02,Wrong Item
T20260060040,P0393,2025-05-10,Customer Changed Mind
T20260135146,P0122,2026-11-08,Customer Changed Mind
T20260134501,P0352,2025-10-14,Wrong Item
T20250111135,P0173,2025-08-04,Damaged
T20260053131,P0138,2025-03-17,Wrong Item
T20250023923,P0017,2025-07-26,Customer Changed Mind
T20260131290,P0300,2026-02-28,Damaged
T20260098488,P0350,2025-11-29,Damaged
T20250071625,P0027,2025-05-14,Customer Changed Mind
T20250068992,P0179,2025-02-09,Wrong Item
T20250031921,P0202,2026-08-14,Wrong Item
T20260099585,P0032,2025-01-10,Customer Changed Mind
T20250085667,P0115,2026-12-19,Damaged
T20250002388,P0034,2026-02-12,Wrong Item
T20250112812,P0424,2026-05-20,Customer Changed Mind
T20260018462,P0461,2026-12-24,Customer Changed Mind
T20260061400,P0231,2026-07-23,Customer Changed Mind
T20260036450,P0081,2026-09-09,Damaged
T20260005920,P0214,2025-04-29,Wrong Item
T20260066619,P0122,2025-10-09,Damaged
T20250103958,P0409,2026-06-16,Damaged
T20260073778,P0468,2026-06-03,Damaged
T20250141435,P0100,2025-11-05,Damaged
T20250148917,P0167,2026-01-06,Wrong Item
T20250096194,P0476,2025-08-03,Wrong Item
T20260116475,P0206,2026-12-28,Customer Changed Mind
T20260002957,P0132,2026-09-07,Customer Changed Mind
T20250025686,P0433,2026-05-25,Damaged
T20260104245,P0044,2025-11-05,Wrong Item
T20250107173,P0257,2025-09-17,Damaged
T20250010767,P0097,2026-02-10,Damaged
T20250081686,P0091,2026-12-19,Wrong Item
T20250075385,P0029,2026-12-24,Damaged
T20260033963,P0220,2025-07-30,Damaged
T20260060433,P0253,2026-05-12,Damaged
T20250058975,P0016,2025-03-04,Wrong Item
T20250141888,P0344,2026-09-28,Customer Changed Mind
T20260134862,P0028,2026-09-16,Wrong Item
T20260093406,P0424,2025-08-31,Customer Changed Mind
T20250039441,P0220,2026-05-22,Damaged
T20250096830,P0258,2026-08-12,Damaged
T20250043530,P0105,2026-01-19,Customer Changed Mind
T20260017359,P0454,2025-05-10,Damaged
T20250098493,P0116,2026-04-14,Wrong Item
T20250085846,P0465,2026-04-23,Damaged
T20260051726,P0286,2025-12-29,Customer Changed Mind
T20250069857,P0043,2025-07-21,Damaged
T20250090287,P0255,2026-10-11,Wrong Item
T20260043347,P0243,2025-03-02,Damaged
T20250091146,P0219,2026-09-23,Customer Changed Mind
T20250097075,P0220,2025-09-23,Damaged
T20250106025,P0268,2025-12-02,Wrong Item
T20260035833,P0201,2026-09-06,Customer Changed Mind
T20260091989,P0359,2026-03-23,Wrong Item
T20260068278,P0181,2025-10-15,Customer Changed Mind
T20250125314,P0492,2025-03-21,Customer Changed Mind
T20260098531,P0148,2026-10-14,Customer Changed Mind
T20250049106,P0443,2025-11-17,Wrong Item
T20250149405,P0403,2025-08-26,Customer Changed Mind
T20250032196,P0058,2026-06-10,Customer Changed Mind
T20260098277,P0496,2025-12-19,Wrong Item
T20250006354,P0293,2025-05-20,Wrong Item
T20260130464,P0072,2026-03-03,Customer Changed Mind
T20260142895,P0077,2026-02-23,Wrong Item
T20260006590,P0127,2025-02-18,Wrong Item
T20250053614,P0259,2025-11-19,Damaged
T20260127734,P0468,2026-01-19,Damaged
T20260089956,P0001,2025-01-18,Customer Changed Mind
T20250090097,P0002,2026-08-10,Wrong Item
T20260065689,P0307,2026-04-13,Wrong Item
T20250103372,P0461,2025-08-06,Damaged
T20250110928,P0490,2025-10-28,Damaged
T20260030639,P0129,2026-07-13,Wrong Item
T20260109192,P0183,2025-01-19,Damaged
T20260103965,P0361,2025-07-15,Customer Changed Mind
T20260083402,P0097,2026-02-11,Damaged
T20250138556,P0029,2026-02-27,Customer Changed Mind
T20260022847,P0136,2026-05-24,Wrong Item
T20260125407,P0253,2025-01-22,Wrong Item
T20250060912,P0123,2025-12-30,Damaged
T20250020158,P0419,2025-01-20,Customer Changed Mind
T20260031785,P0341,2025-01-03,Damaged
T20250141277,P0060,2025-06-26,Wrong Item
T20260009749,P0292,2026-04-20,Customer Changed Mind
T20260066505,P0009,2025-04-13,Damaged
T20250051692,P0064,2025-07-18,Damaged
T20250110358,P0051,2025-08-31,Customer Changed Mind
T20250024030,P0182,2025-10-26,Wrong Item
T20260005094,P0354,2026-09-20,Damaged
T20260004900,P0489,2026-09-27,Wrong Item
T20250146723,P0290,2026-12-02,Wrong Item
T20260145401,P0161,2026-03-02,Customer Changed Mind
T20260126018,P0285,2026-12-10,Wrong Item
T20260016158,P0057,2025-09-20,Wrong Item
T20250038161,P0494,2025-04-09,Wrong Item
T20250047905,P0344,2026-04-14,Customer Changed Mind
T20250057561,P0221,2025-07-27,Wrong Item
T20260024918,P0008,2026-07-01,Customer Changed Mind
T20260040691,P0170,2025-08-09,Customer Changed Mind
T20250088998,P0158,2025-04-11,Customer Changed Mind
T20260145060,P0084,2026-11-24,Damaged
T20250093101,P0109,2026-08-27,Damaged
T20250096734,P0316,2025-07-02,Damaged
T20260112931,P0446,2026-07-15,Damaged
T20260128622,P0330,2026-08-24,Customer Changed Mind
T20250135706,P0102,2026-02-24,Customer Changed Mind
T20250099084,P0161,2025-11-18,Damaged
T20260049951,P0131,2025-10-11,Customer Changed Mind
T20260020016,P0249,2026-11-08,Customer Changed Mind
T20260085810,P0284,2025-03-29,Wrong Item
T20260009686,P0452,2025-12-18,Customer Changed Mind
T20260061268,P0351,2026-08-31,Damaged
T20260099817,P0346,2025-07-16,Wrong Item
T20260115742,P0349,2025-01-23,Wrong Item
T20250063494,P0371,2025-12-09,Damaged
T20250147043,P0164,2026-03-15,Wrong Item
T20250131298,P0296,2026-05-18,Customer Changed Mind
T20250030003,P0375,2026-10-20,Damaged
T20250046113,P0265,2026-08-03,Customer Changed Mind
T20260016834,P0412,2025-09-17,Damaged
T20250110812,P0156,2025-08-12,Damaged
T20250049208,P0181,2025-11-03,Damaged
T20250067578,P0259,2025-08-09,Damaged
T20260001420,P0148,2026-06-14,Wrong Item
T20260100304,P0171,2026-05-12,Wrong Item
T20250083831,P0420,2026-12-02,Wrong Item
T20250134647,P0009,2026-06-14,Damaged
T20250019482,P0411,2025-09-29,Customer Changed Mind
T20260043726,P0405,2025-01-14,Wrong Item
T20260086936,P0201,2025-10-09,Customer Changed Mind
T20260025956,P0394,2025-03-25,Wrong Item
T20260095764,P0160,2025-06-30,Customer Changed Mind
T20260013330,P0076,2026-07-09,Wrong Item
T20250081638,P0119,2025-06-26,Customer Changed Mind
T20260083156,P0198,2026-05-10,Damaged
T20260128512,P0102,2025-10-07,Damaged
T20260089159,P0416,2025-10-20,Wrong Item
T20260100970,P0317,2026-08-06,Damaged
T20260142887,P0376,2026-10-21,Customer Changed Mind
T20260024937,P0195,2025-05-13,Damaged
T20260101115,P0211,2026-04-23,Customer Changed Mind
T20260053383,P0441,2025-06-29,Wrong Item
T20260066409,P0346,2025-08-12,Customer Changed Mind
T20250067457,P0293,2025-02-28,Damaged
T20260108515,P0234,2025-07-20,Wrong Item
T20250110339,P0423,2025-07-08,Damaged
T20260136645,P0432,2026-06-09,Customer Changed Mind
T20260086426,P0500,2025-05-16,Damaged
T20250080245,P0394,2025-11-07,Wrong Item
T20260022215,P0433,2025-07-03,Damaged
T20260132720,P0264,2026-08-18,Damaged
T20250072849,P0312,2026-06-17,Damaged
T20250149086,P0233,2026-10-31,Customer Changed Mind
T20260070870,P0375,2025-07-19,Damaged
T20250122708,P0032,2026-06-11,Wrong Item
T20250058245,P0283,2025-05-22,Wrong Item
T20260023013,P0331,2025-12-16,Damaged
T20260045421,P0355,2025-08-03,Damaged
T20250081522,P0207,2026-04-08,Wrong Item
T20260017938,P0135,2025-09-23,Customer Changed Mind
T20250128428,P0293,2025-06-26,Customer Changed Mind
T20250045524,P0064,2026-03-28,Wrong Item
T20250019840,P0223,2026-05-06,Damaged
T20260049482,P0366,2026-06-01,Damaged
T20250001131,P0430,2026-09-09,Wrong Item
T20250041877,P0467,2025-06-15,Customer Changed Mind
T20250115055,P0408,2025-10-10,Damaged
T20250050959,P0020,2025-04-26,Customer Changed Mind
T20260104555,P0214,2026-12-10,Customer Changed Mind
T20250103501,P0138,2025-06-29,Wrong Item
T20260011375,P0189,2025-02-09,Wrong Item
T20260089377,P0179,2025-07-27,Wrong Item
T20260039893,P0219,2025-07-28,Damaged
T20260032321,P0380,2026-01-07,Damaged
T20260119711,P0036,2026-01-17,Damaged
T20260127298,P0085,2025-10-22,Wrong Item
T20250085814,P0358,2025-10-02,Customer Changed Mind
T20250092299,P0416,2025-12-29,Wrong Item
T20260111061,P0293,2026-07-02,Customer Changed Mind
T20260071619,P0295,2026-04-26,Wrong Item
T20250145519,P0181,2025-07-12,Damaged
T20260019722,P0462,2025-04-03,Damaged
T20250032106,P0248,2025-03-31,Wrong Item
T20250070742,P0116,2025-03-11,Wrong Item
T20260110159,P0089,2026-08-14,Wrong Item
T20250060139,P0160,2025-08-22,Customer Changed Mind
T20250095955,P0134,2025-09-28,Customer Changed Mind
T20260006417,P0277,2025-03-23,Customer Changed Mind
T20260128191,P0456,2026-10-09,Customer Changed Mind
T20260047890,P0379,2026-07-11,Customer Changed Mind
T20250098254,P0260,2026-09-24,Damaged
T20260035834,P0422,2026-01-29,Wrong Item
T20250088334,P0025,2025-09-08,Customer Changed Mind
T20260142804,P0466,2025-09-26,Damaged
T20250136000,P0343,2026-12-31,Damaged
T20260091975,P0358,2025-11-17,Wrong Item
T20260127222,P0053,2025-08-24,Customer Changed Mind
T20260020454,P0264,2026-12-06,Customer Changed Mind
T20260081584,P0137,2025-07-05,Customer Changed Mind
T20250140425,P0491,2026-05-17,Damaged
T20260141164,P0209,2026-05-17,Customer Changed Mind
T20250089332,P0121,2025-12-31,Wrong Item
T20260132598,P0229,2025-11-05,Wrong Item
T20250027863,P0403,2026-11-06,Damaged
T20260075099,P0173,2025-07-20,Wrong Item
T20260088641,P0203,2025-03-14,Damaged
T20250103876,P0415,2025-07-18,Customer Changed Mind
T20260105026,P0099,2026-07-25,Damaged
T20260026043,P0260,2026-01-17,Customer Changed Mind
T20250135644,P0398,2025-05-13,Damaged
T20260048710,P0413,2025-01-31,Customer Changed Mind
T20260140493,P0323,2025-12-21,Wrong Item
T20260001820,P0232,2025-04-10,Customer Changed Mind
T20250122558,P0494,2025-04-25,Damaged
T20250077486,P0446,2025-04-07,Customer Changed Mind
T20260149539,P0476,2025-10-11,Damaged
T20260065970,P0171,2026-01-16,Wrong Item
T20250126261,P0424,2026-12-23,Wrong Item
T20260147448,P0312,2025-10-04,Customer Changed Mind
T20260134471,P0448,2026-07-14,Wrong Item
T20250114096,P0251,2026-12-27,Wrong Item
T20260017209,P0289,2026-01-16,Damaged
T20250002268,P0327,2025-05-30,Customer Changed Mind
T20260074994,P0311,2025-10-24,Wrong Item
T20260135732,P0031,2026-04-14,Customer Changed Mind
T20250144822,P0337,2025-02-27,Customer Changed Mind
T20250075421,P0038,2026-10-23,Wrong Item
T20250002997,P0312,2026-10-25,Damaged
T20260100211,P0422,2026-02-11,Customer Changed Mind
T20250106789,P0448,2026-06-10,Damaged
T20260128443,P0231,2026-10-02,Wrong Item
T20250134982,P0094,2025-02-21,Wrong Item
T20250033989,P0141,2025-12-17,Wrong Item
T20250093524,P0330,2025-07-20,Damaged
T20250095151,P0113,2025-10-21,Damaged
T20260075901,P0030,2025-11-25,Customer Changed Mind
T20250047389,P0052,2026-06-27,Wrong Item
T20260116306,P0025,2026-05-05,Damaged
T20260039498,P0122,2026-03-20,Customer Changed Mind
T20250017632,P0430,2025-01-14,Wrong Item
T20260081702,P0209,2025-12-14,Damaged
T20260122291,P0289,2025-05-22,Customer Changed Mind
T20260093121,P0320,2025-09-20,Damaged
T20250074287,P0197,2025-06-23,Wrong Item
T20250055436,P0127,2026-01-02,Wrong Item
T20250145471,P0462,2025-10-19,Customer Changed Mind
T20250145981,P0403,2025-10-06,Damaged
T20260024734,P0402,2026-12-25,Customer Changed Mind
T20260126119,P0190,2025-12-31,Customer Changed Mind
T20250065590,P0064,2025-06-27,Wrong Item
T20250082857,P0380,2026-10-20,Wrong Item
T20260149437,P0433,2025-09-13,Customer Changed Mind
T20250094470,P0072,2025-11-05,Damaged
T20250073320,P0334,2026-08-04,Customer Changed Mind
T20250024966,P0480,2026-03-11,Customer Changed Mind
T20250051187,P0231,2026-10-23,Wrong Item
T20260147180,P0196,2026-11-09,Damaged
T20250016412,P0179,2026-03-19,Damaged
T20260133550,P0449,2025-04-28,Wrong Item
T20260027806,P0117,2025-03-11,Customer Changed Mind
T20260010050,P0201,2025-06-29,Damaged
T20250022212,P0206,2026-11-21,Customer Changed Mind
T20250073109,P0214,2026-08-27,Customer Changed Mind
T20260092930,P0208,2026-10-29,Wrong Item
T20250116673,P0257,2026-08-24,Wrong Item
T20250103468,P0449,2026-11-03,Damaged
T20260103224,P0131,2026-11-22,Customer Changed Mind
T20250094949,P0218,2026-06-19,Wrong Item
T20250018722,P0393,2025-10-31,Customer Changed Mind
T20250080716,P0366,2026-05-04,Damaged
T20250145590,P0084,2026-04-05,Wrong Item
T20250140300,P0354,2026-08-12,Customer Changed Mind
T20260063195,P0225,2026-02-15,Damaged
T20260044526,P0329,2026-07-22,Customer Changed Mind
T20260002369,P0182,2025-07-01,Customer Changed Mind
T20250006922,P0212,2025-09-11,Damaged
T20260078055,P0426,2026-07-22,Customer Changed Mind
T20260085945,P0079,2026-11-22,Damaged
T20260110456,P0443,2025-05-26,Damaged
T20260105389,P0276,2025-11-01,Customer Changed Mind
T20260122085,P0223,2025-05-22,Customer Changed Mind
T20260116917,P0378,2025-01-04,Wrong Item
T20260072847,P0037,2026-02-10,Damaged
T20260030735,P0052,2026-08-18,Damaged
T20250119009,P0103,2026-05-21,Customer Changed Mind
T20250077344,P0011,2026-12-05,Wrong Item
T20250115129,P0002,2026-04-28,Wrong Item
T20260020178,P0209,2026-09-28,Damaged
T20260020776,P0086,2025-08-11,Wrong Item
T20260080671,P0164,2026-01-18,Damaged
T20250090143,P0300,2025-05-19,Damaged
T20260081693,P0398,2026-05-16,Customer Changed Mind
T20250041285,P0167,2025-05-09,Wrong Item
T20260089231,P0439,2026-06-26,Damaged
T20260013012,P0276,2026-11-09,Customer Changed Mind
T20250105537,P0463,2026-02-23,Wrong Item
T20250015827,P0192,2025-08-20,Customer Changed Mind
T20250000466,P0378,2025-09-07,Wrong Item
T20260024286,P0343,2025-06-30,Customer Changed Mind
T20250043107,P0116,2026-01-28,Wrong Item
T20250004754,P0491,2025-01-24,Wrong Item
T20250102320,P0204,2026-11-01,Wrong Item
T20260104782,P0357,2026-10-08,Damaged
T20260134628,P0068,2026-09-27,Damaged
T20250060691,P0024,2025-05-11,Damaged
T20250126375,P0276,2026-04-07,Customer Changed Mind
T20250104780,P0051,2025-06-15,Customer Changed Mind
T20260111695,P0469,2025-07-10,Customer Changed Mind
T20260031111,P0385,2026-10-16,Wrong Item
T20260040482,P0436,2025-09-12,Customer Changed Mind
T20260094768,P0100,2025-08-06,Wrong Item
T20260003064,P0090,2026-01-18,Wrong Item
T20260067467,P0244,2026-11-20,Damaged
T20250112533,P0269,2026-02-12,Customer Changed Mind
T20260135322,P0047,2026-01-09,Customer Changed Mind
T20260132304,P0403,2026-08-21,Damaged
T20250143438,P0080,2026-08-11,Customer Changed Mind
T20260088635,P0144,2026-03-20,Wrong Item
T20260029497,P0133,2025-12-26,Customer Changed Mind
T20260005578,P0022,2025-10-10,Wrong Item
T20260001146,P0206,2026-07-14,Customer Changed Mind
T20260074948,P0079,2026-08-24,Damaged
T20250082326,P0210,2026-05-27,Wrong Item
T20260006643,P0043,2025-09-18,Wrong Item
T20250118143,P0122,2025-05-19,Wrong Item
T20260122299,P0089,2025-05-15,Customer Changed Mind
T20260001727,P0143,2025-02-27,Damaged
T20250012068,P0121,2026-02-18,Damaged
T20250013845,P0319,2025-01-11,Customer Changed Mind
T20260023028,P0455,2025-10-22,Wrong Item
T20250107884,P0218,2025-12-17,Customer Changed Mind
T20250121176,P0143,2025-09-10,Customer Changed Mind
T20250132415,P0470,2026-07-21,Customer Changed Mind
T20260137943,P0218,2025-06-16,Customer Changed Mind
T20260082152,P0345,2025-11-25,Wrong Item
T20260046266,P0433,2025-03-21,Damaged
T20260108391,P0177,2026-10-29,Damaged
T20250129616,P0315,2025-07-28,Wrong Item
T20250144743,P0278,2025-10-03,Damaged
T20250000968,P0150,2025-07-18,Customer Changed Mind
T20260016053,P0180,2025-05-11,Customer Changed Mind
T20250017389,P0161,2026-11-09,Wrong Item
T20250019593,P0422,2026-04-12,Damaged
T20260057129,P0348,2025-03-01,Customer Changed Mind
T20260027081,P0480,2025-04-14,Wrong Item
T20260000059,P0494,2025-06-11,Damaged
T20260062185,P0083,2026-03-10,Customer Changed Mind
T20250118551,P0399,2026-10-09,Damaged
T20250052459,P0482,2026-10-02,Customer Changed Mind
T20260068665,P0483,2026-02-28,Damaged
T20250063751,P0377,2026-06-12,Damaged
T20260064180,P0143,2025-10-16,Damaged
T20250050432,P0272,2025-04-10,Wrong Item
T20250003281,P0406,2025-01-30,Customer Changed Mind
T20260036202,P0024,2025-10-01,Wrong Item
T20250095371,P0481,2026-03-30,Wrong Item
T20250124137,P0398,2025-11-27,Customer Changed Mind
T20250132619,P0422,2026-02-02,Wrong Item
T20260106244,P0369,2026-11-30,Wrong Item
T20260068554,P0347,2025-11-06,Wrong Item
T20260074772,P0214,2026-12-04,Damaged
T20250008911,P0023,2026-02-22,Damaged
T20260094781,P0346,2026-07-02,Damaged
T20260011019,P0198,2026-09-04,Damaged
T20260050238,P0246,2026-02-04,Customer Changed Mind
T20260088520,P0369,2026-08-18,Customer Changed Mind
T20260060953,P0451,2026-05-23,Damaged
T20260071573,P0117,2026-12-30,Damaged
T20250013847,P0132,2026-06-02,Damaged
T20260084351,P0481,2026-05-07,Damaged
T20260054280,P0499,2025-12-24,Damaged
T20260002361,P0320,2026-09-15,Damaged
T20250138000,P0039,2025-05-06,Damaged
T20250019141,P0077,2026-04-05,Customer Changed Mind
T20250112552,P0166,2026-09-15,Customer Changed Mind
T20260083896,P0157,2026-12-20,Customer Changed Mind
T20250133234,P0119,2026-11-15,Wrong Item
T20250080703,P0046,2025-04-30,Customer Changed Mind
T20250095480,P0289,2026-02-19,Wrong Item
T20260010392,P0110,2025-10-15,Damaged
T20260011856,P0154,2025-12-31,Damaged
T20260143441,P0158,2026-09-30,Customer Changed Mind
T20260024632,P0448,2026-04-16,Damaged
T20260076007,P0266,2025-06-18,Wrong Item
T20250037241,P0248,2026-09-10,Damaged
T20260115396,P0268,2025-11-15,Wrong Item
T20260062843,P0439,2026-11-06,Wrong Item
T20260060046,P0355,2025-09-27,Customer Changed Mind
T20260124818,P0351,2026-03-29,Customer Changed Mind
T20250147241,P0106,2026-11-09,Damaged
T20250012750,P0411,2026-03-24,Customer Changed Mind
T20260148070,P0175,2025-04-24,Customer Changed Mind
T20250115026,P0471,2026-11-14,Damaged
T20260116067,P0417,2025-08-29,Customer Changed Mind
T20250018871,P0213,2025-06-29,Wrong Item
T20260024730,P0033,2026-01-08,Wrong Item
T20250114326,P0387,2026-12-18,Wrong Item
T20250068742,P0181,2026-06-28,Wrong Item
T20250000289,P0293,2026-02-12,Damaged
T20260050634,P0078,2025-06-13,Damaged
T20250065513,P0083,2025-06-24,Wrong Item
T20260048099,P0334,2026-03-31,Damaged
T20250145147,P0363,2026-08-16,Damaged
T20250009515,P0054,2026-10-09,Customer Changed Mind
T20260016622,P0125,2025-03-26,Damaged
T20250077953,P0102,2025-12-24,Customer Changed Mind
T20260137430,P0227,2026-07-14,Damaged
T20250148097,P0150,2025-07-16,Customer Changed Mind
T20250133520,P0027,2025-04-30,Wrong Item
T20260054207,P0488,2026-04-07,Damaged
T20260010232,P0073,2026-03-14,Wrong Item
T20250140457,P0369,2025-12-06,Customer Changed Mind
T20260131338,P0155,2026-05-15,Wrong Item
T20260145776,P0205,2026-01-27,Wrong Item
T20250025511,P0239,2026-07-06,Wrong Item
T20260074958,P0350,2026-12-18,Wrong Item
T20260060877,P0288,2026-06-03,Wrong Item
T20250029509,P0063,2025-06-14,Damaged
T20260089059,P0351,2026-04-15,Customer Changed Mind
T20260093060,P0256,2026-07-05,Wrong Item
T20250067640,P0347,2026-07-30,Damaged
T20260103342,P0213,2026-01-20,Wrong Item
T20250065236,P0127,2026-09-17,Damaged
T20260106187,P0383,2026-01-08,Damaged
T20260110837,P0396,2025-05-28,Damaged
T20260079211,P0042,2025-11-01,Wrong Item
T20250065870,P0496,2025-08-10,Wrong Item
T20250121743,P0055,2025-03-19,Wrong Item
T20250062599,P0029,2026-10-24,Customer Changed Mind
T20250094227,P0199,2025-10-04,Customer Changed Mind
T20250112006,P0077,2025-01-21,Wrong Item
T20260137283,P0007,2025-12-27,Customer Changed Mind
T20260007919,P0017,2026-04-29,Damaged
T20260005114,P0264,2025-12-18,Customer Changed Mind
T20250124752,P0334,2026-10-28,Customer Changed Mind
T20250135324,P0013,2026-04-29,Damaged
T20250024001,P0352,2026-04-23,Damaged
T20260031648,P0231,2026-05-21,Damaged
T20260073698,P0386,2025-03-04,Wrong Item
T20250144703,P0347,2025-03-07,Damaged
T20260054101,P0461,2025-11-26,Customer Changed Mind
T20250083158,P0483,2026-06-20,Wrong Item
T20250123470,P0420,2025-01-16,Wrong Item
T20250139638,P0239,2025-09-10,Wrong Item
T20250135507,P0153,2026-12-26,Damaged
T20260058326,P0224,2025-12-21,Wrong Item
T20260062939,P0221,2026-07-09,Wrong Item
T20250137387,P0420,2026-06-02,Wrong Item
T20260140806,P0248,2025-12-01,Customer Changed Mind
T20260037801,P0318,2026-06-30,Wrong Item
T20250089833,P0315,2026-01-18,Damaged
T20260018582,P0190,2026-03-23,Damaged
T20250118775,P0226,2026-05-15,Damaged
T20260059881,P0195,2025-10-13,Wrong Item
T20260064372,P0346,2025-09-17,Wrong Item
T20250123584,P0426,2025-01-15,Customer Changed Mind
T20260107996,P0036,2025-10-21,Damaged
T20260041888,P0178,2025-04-23,Customer Changed Mind
T20260036863,P0227,2026-11-26,Damaged
T20260020763,P0365,2025-05-28,Wrong Item
T20260042366,P0345,2025-10-16,Customer Changed Mind
T20250008629,P0407,2025-11-10,Wrong Item
T20250097542,P0243,2026-11-06,Wrong Item
T20250149319,P0148,2026-10-20,Customer Changed Mind
T20250069026,P0289,2026-11-04,Damaged
T20250061227,P0131,2026-05-30,Customer Changed Mind
T20250057628,P0073,2026-08-31,Wrong Item
T20250054033,P0207,2025-12-06,Damaged
T20250012668,P0411,2025-05-16,Customer Changed Mind
T20250064900,P0374,2026-03-03,Damaged
T20250128036,P0143,2026-05-22,Customer Changed Mind
T20250019487,P0223,2025-11-24,Customer Changed Mind
T20260004915,P0221,2026-02-09,Customer Changed Mind
T20260120891,P0319,2025-11-01,Damaged
T20250059677,P0156,2025-10-11,Customer Changed Mind
T20260051051,P0352,2025-07-05,Damaged
T20260123502,P0024,2026-03-28,Damaged
T20250140543,P0187,2025-07-07,Customer Changed Mind
T20250011943,P0157,2025-05-14,Customer Changed Mind
T20260092120,P0045,2025-07-26,Wrong Item
T20260146833,P0012,2025-01-04,Wrong Item
T20250063373,P0497,2026-04-25,Customer Changed Mind
T20260019419,P0308,2025-01-12,Wrong Item
T20260130977,P0240,2026-12-23,Wrong Item
T20260115263,P0054,2026-11-24,Wrong Item
T20250113383,P0123,2026-05-31,Customer Changed Mind
T20250108823,P0318,2026-06-11,Damaged
T20260146116,P0063,2026-01-24,Damaged
T20260148423,P0029,2025-01-09,Customer Changed Mind
T20250056750,P0359,2025-09-28,Damaged
T20260067962,P0235,2025-06-07,Customer Changed Mind
T20250096020,P0187,2025-05-22,Customer Changed Mind
T20260052706,P0450,2026-02-17,Wrong Item
T20260077847,P0018,2025-11-24,Damaged
T20250149243,P0445,2026-11-10,Customer Changed Mind
T20250114903,P0310,2026-09-23,Damaged
T20260109226,P0403,2026-05-29,Damaged
T20260116237,P0077,2026-11-04,Customer Changed Mind
T20260131964,P0447,2025-11-25,Customer Changed Mind
T20260102805,P0310,2026-07-07,Wrong Item
T20250055418,P0038,2026-04-22,Damaged
T20250143664,P0371,2026-11-21,Wrong Item
T20250081513,P0059,2025-01-16,Damaged
T20260038881,P0275,2025-09-15,Damaged
T20250119576,P0203,2025-05-25,Damaged
T20250115839,P0001,2026-06-25,Wrong Item
T20250124576,P0442,2026-01-10,Wrong Item
T20260104067,P0253,2026-02-27,Damaged
T20250053455,P0158,2026-02-13,Wrong Item
T20250118629,P0026,2026-01-12,Damaged
T20250095749,P0181,2026-09-29,Customer Changed Mind
T20250006753,P0296,2026-03-21,Wrong Item
T20250119857,P0245,2026-01-11,Damaged
T20260078531,P0375,2025-07-28,Wrong Item
T20260073558,P0170,2026-07-13,Customer Changed Mind
T20260122991,P0390,2026-08-13,Customer Changed Mind
T20250079172,P0214,2026-08-30,Customer Changed Mind
T20250095451,P0049,2025-10-13,Customer Changed Mind
T20260144475,P0082,2025-06-08,Damaged
T20250018795,P0041,2025-03-28,Damaged
T20250023288,P0393,2026-03-02,Damaged
T20260065004,P0013,2025-05-25,Customer Changed Mind
T20260117654,P0420,2025-11-10,Damaged
T20260019388,P0380,2026-05-31,Damaged
T20250090359,P0074,2025-03-22,Customer Changed Mind
T20260031351,P0022,2026-07-20,Damaged
T20250033467,P0119,2025-09-03,Damaged
T20260065434,P0114,2025-06-01,Damaged
T20250081287,P0450,2025-11-03,Wrong Item
T20260102837,P0348,2026-07-20,Wrong Item
T20260099198,P0018,2025-08-06,Damaged
T20260016489,P0243,2026-08-31,Damaged
T20260113795,P0123,2026-03-30,Customer Changed Mind
T20250147553,P0433,2025-11-24,Wrong Item
T20250010971,P0035,2026-09-22,Damaged
T20250102672,P0354,2025-11-18,Wrong Item
T20260066503,P0425,2026-01-17,Customer Changed Mind
T20250104885,P0414,2025-02-09,Damaged
T20260000885,P0101,2026-01-06,Damaged
T20260061315,P0397,2026-12-10,Wrong Item
T20250098798,P0013,2026-03-03,Damaged
T20260077656,P0231,2026-10-13,Customer Changed Mind
T20260097498,P0263,2025-12-10,Wrong Item
T20260104968,P0424,2025-10-26,Wrong Item
T20250007138,P0226,2026-04-20,Damaged
T20260012368,P0475,2026-05-11,Damaged
T20250047852,P0490,2026-01-25,Customer Changed Mind
T20250006711,P0146,2025-03-28,Damaged
T20250035173,P0368,2025-11-01,Customer Changed Mind
T20250049846,P0132,2025-09-03,Damaged
T20250000000,P0110,2026-07-15,Damaged
T20250065961,P0360,2025-03-19,Customer Changed Mind
T20260146646,P0422,2025-09-22,Damaged
T20260006124,P0494,2025-07-08,Wrong Item
T20260065666,P0353,2026-06-07,Customer Changed Mind
T20260091659,P0178,2025-11-22,Wrong Item
T20260016047,P0351,2026-06-08,Customer Changed Mind
T20250084324,P0287,2026-01-18,Wrong Item
T20250010932,P0394,2026-12-04,Wrong Item
T20250027287,P0318,2025-11-11,Damaged
T20260005468,P0263,2026-11-05,Wrong Item
T20260045308,P0285,2026-03-03,Customer Changed Mind
T20260028731,P0153,2025-03-01,Damaged
T20260145356,P0499,2026-06-10,Wrong Item
T20260112024,P0409,2026-12-27,Damaged
T20250074887,P0497,2025-01-11,Customer Changed Mind
T20250102310,P0433,2026-03-16,Customer Changed Mind
T20260136619,P0121,2025-10-24,Customer Changed Mind
T20260100021,P0401,2025-12-23,Customer Changed Mind
T20250037518,P0359,2026-02-27,Damaged
T20260120921,P0320,2025-02-25,Customer Changed Mind
T20250077283,P0426,2026-05-14,Damaged
T20250121022,P0099,2026-01-28,Customer Changed Mind
T20250065706,P0307,2026-12-19,Customer Changed Mind
T20260028840,P0437,2025-01-12,Wrong Item
T20260088982,P0258,2026-07-17,Damaged
T20250042458,P0228,2025-09-13,Customer Changed Mind
T20250137944,P0252,2025-04-10,Damaged
T20260084749,P0015,2026-01-25,Damaged
T20260075331,P0170,2026-01-20,Customer Changed Mind
T20260015747,P0469,2025-12-20,Customer Changed Mind
T20260093685,P0131,2026-06-14,Damaged
T20260113228,P0483,2025-04-21,Damaged
T20260120681,P0177,2025-12-28,Damaged
T20250120316,P0444,2025-02-18,Customer Changed Mind
T20260115057,P0280,2025-09-01,Wrong Item
T20260098451,P0495,2026-08-23,Customer Changed Mind
T20250140519,P0262,2026-04-03,Wrong Item
T20260031006,P0466,2025-09-01,Customer Changed Mind
T20250075375,P0207,2025-11-04,Customer Changed Mind
T20250082270,P0137,2026-11-29,Customer Changed Mind
T20260117432,P0453,2026-03-18,Damaged
T20260098261,P0200,2025-08-01,Customer Changed Mind
T20250089705,P0339,2025-05-28,Damaged
T20260102648,P0500,2025-04-18,Customer Changed Mind
T20260048833,P0024,2025-07-31,Damaged
T20260038648,P0278,2026-08-26,Customer Changed Mind
T20250013009,P0212,2026-01-19,Customer Changed Mind
T20250048518,P0281,2025-12-25,Wrong Item
T20250018998,P0288,2026-07-18,Customer Changed Mind
T20250091185,P0258,2026-05-28,Damaged
T20260086909,P0381,2026-03-23,Wrong Item
T20250057637,P0368,2026-09-14,Wrong Item
T20260145094,P0500,2025-12-14,Damaged
T20260006457,P0291,2025-03-05,Damaged
T20250057518,P0124,2025-12-19,Customer Changed Mind
T20260100205,P0430,2026-04-30,Customer Changed Mind
T20260090206,P0230,2025-06-03,Customer Changed Mind
T20250145515,P0476,2026-11-13,Customer Changed Mind
T20250078194,P0453,2025-06-12,Damaged
T20250054267,P0412,2025-02-02,Wrong Item
T20260052170,P0484,2026-02-27,Wrong Item
T20250123868,P0191,2026-06-27,Wrong Item
T20260095388,P0073,2026-12-14,Wrong Item
T20250020491,P0327,2025-07-03,Wrong Item
T20250102634,P0002,2026-08-05,Wrong Item
T20260102193,P0250,2025-08-28,Customer Changed Mind
T20260052225,P0132,2025-01-24,Customer Changed Mind
T20250006138,P0211,2025-02-10,Customer Changed Mind
T20260017215,P0485,2025-11-27,Damaged
T20250020660,P0315,2025-07-15,Customer Changed Mind
T20260058184,P0242,2026-07-31,Damaged
T20260111809,P0270,2026-01-20,Wrong Item
T20250038048,P0376,2026-04-10,Customer Changed Mind
T20260069722,P0288,2025-09-10,Damaged
T20260027282,P0382,2026-01-05,Wrong Item
T20260060308,P0257,2026-09-27,Customer Changed Mind
T20250128632,P0284,2026-07-26,Damaged
T20260027653,P0472,2026-04-21,Wrong Item
T20260045648,P0019,2025-10-08,Customer Changed Mind
T20250139034,P0228,2026-05-23,Damaged
T20260078489,P0007,2025-10-31,Wrong Item
T20260037501,P0006,2025-06-15,Customer Changed Mind
T20260099052,P0380,2026-03-04,Damaged
T20250140161,P0125,2025-02-06,Customer Changed Mind
T20250078805,P0347,2025-07-16,Customer Changed Mind
T20260054553,P0277,2026-09-19,Damaged
T20260119550,P0346,2025-04-16,Customer Changed Mind
T20250068327,P0183,2026-02-18,Damaged
T20260028271,P0494,2025-08-06,Wrong Item
T20250096035,P0036,2025-05-01,Customer Changed Mind
T20250140093,P0221,2026-11-18,Customer Changed Mind
T20250073487,P0423,2025-06-25,Wrong Item
T20260046345,P0280,2025-10-12,Damaged
T20260137337,P0490,2026-07-31,Damaged
T20260067345,P0335,2025-10-07,Damaged
T20260044707,P0180,2026-06-12,Wrong Item
T20260082848,P0259,2025-03-11,Customer Changed Mind
T20250000445,P0259,2026-08-05,Damaged
T20250092121,P0234,2025-06-05,Customer Changed Mind
T20250126899,P0149,2025-08-11,Customer Changed Mind
T20260149392,P0335,2026-09-12,Customer Changed Mind
T20260053137,P0273,2025-11-16,Customer Changed Mind
T20250066517,P0223,2026-12-08,Damaged
T20260036958,P0386,2025-05-23,Customer Changed Mind
T20250087422,P0276,2025-09-27,Customer Changed Mind
T20260068491,P0029,2026-04-29,Damaged
T20250102440,P0280,2025-05-19,Wrong Item
T20260039425,P0259,2026-07-07,Wrong Item
T20260068429,P0398,2026-10-16,Customer Changed Mind
T20260108814,P0270,2026-09-27,Wrong Item
T20250138099,P0365,2026-06-03,Damaged
T20260011471,P0289,2026-01-16,Damaged
T20250009259,P0190,2025-01-26,Customer Changed Mind
T20260107078,P0153,2025-12-27,Customer Changed Mind
T20260090578,P0432,2026-12-30,Customer Changed Mind
T20250031388,P0039,2026-12-04,Damaged
T20250022800,P0161,2025-05-10,Customer Changed Mind
T20260046445,P0119,2025-11-23,Customer Changed Mind
T20260111648,P0222,2026-03-18,Wrong Item
T20260087278,P0491,2025-06-30,Wrong Item
T20250048323,P0064,2026-08-01,Damaged
T20260087703,P0454,2026-09-14,Wrong Item
T20250011533,P0244,2026-05-11,Customer Changed Mind
T20250039941,P0193,2025-08-13,Damaged
T20260068890,P0149,2026-01-15,Wrong Item
T20250029722,P0409,2026-09-07,Wrong Item
T20260054754,P0355,2025-07-12,Customer Changed Mind
T20260125155,P0211,2026-12-16,Damaged
T20260035118,P0373,2026-10-23,Customer Changed Mind
T20250085465,P0114,2025-12-19,Wrong Item
T20250017747,P0315,2025-02-25,Damaged
T20260059026,P0166,2026-07-05,Customer Changed Mind
T20260072425,P0106,2025-11-16,Wrong Item
T20250099113,P0265,2026-04-20,Customer Changed Mind
T20260140012,P0199,2026-06-24,Wrong Item
T20250103198,P0114,2026-06-12,Wrong Item
T20260077518,P0317,2025-11-23,Customer Changed Mind
T20260071038,P0324,2026-04-01,Damaged
T20250124107,P0116,2025-06-23,Damaged
T20260083699,P0200,2025-04-12,Damaged
T20250055727,P0101,2026-02-02,Wrong Item
T20260006446,P0035,2025-05-16,Damaged
T20260025070,P0386,2026-02-07,Customer Changed Mind
T20250032631,P0047,2026-09-15,Customer Changed Mind
T20250047188,P0039,2025-09-19,Customer Changed Mind
T20250053874,P0088,2025-02-06,Damaged
T20260065893,P0371,2026-12-10,Customer Changed Mind
T20260100748,P0115,2025-07-29,Damaged
T20260149783,P0291,2025-04-15,Damaged
T20260102849,P0292,2026-02-11,Damaged
T20260094895,P0452,2026-03-30,Damaged
T20250081364,P0037,2025-10-13,Damaged
T20250142044,P0274,2026-12-07,Customer Changed Mind
T20260141399,P0361,2025-02-06,Customer Changed Mind
T20250057092,P0016,2025-09-25,Wrong Item
T20260077472,P0323,2025-05-08,Wrong Item
T20260065347,P0017,2025-03-05,Customer Changed Mind
T20250113848,P0137,2026-06-20,Wrong Item
T20260053498,P0462,2026-08-30,Wrong Item
T20250017091,P0494,2026-11-02,Customer Changed Mind
T20260080981,P0012,2026-04-23,Damaged
T20260043294,P0075,2025-01-04,Wrong Item
T20250088565,P0123,2026-04-10,Damaged
T20250078357,P0462,2026-12-23,Customer Changed Mind
T20250020322,P0263,2026-05-13,Wrong Item
T20260056590,P0174,2025-06-08,Damaged
T20250038220,P0121,2026-09-15,Customer Changed Mind
T20250002485,P0282,2025-12-19,Damaged
T20260024307,P0243,2025-04-19,Customer Changed Mind
T20260034022,P0446,2025-03-18,Wrong Item
T20250122220,P0236,2026-11-18,Damaged
T20250039667,P0125,2025-09-03,Damaged
T20250140015,P0260,2026-03-08,Wrong Item
T20250016098,P0216,2025-12-28,Customer Changed Mind
T20260033771,P0267,2026-04-03,Damaged
T20260089836,P0047,2025-06-11,Damaged
T20250031300,P0128,2026-03-30,Customer Changed Mind
T20250025696,P0387,2026-07-23,Wrong Item
T20260090431,P0467,2025-03-04,Wrong Item
T20260042211,P0179,2026-03-29,Damaged
T20260006973,P0265,2026-01-24,Customer Changed Mind
T20250012944,P0395,2025-10-22,Customer Changed Mind
T20260149169,P0135,2025-07-09,Wrong Item
T20260120073,P0340,2025-04-05,Customer Changed Mind
T20260146403,P0208,2026-08-08,Customer Changed Mind
T20260105243,P0305,2026-11-21,Customer Changed Mind
T20260072057,P0458,2025-01-01,Customer Changed Mind
T20250040652,P0100,2025-03-20,Wrong Item
T20250145730,P0209,2026-01-30,Customer Changed Mind
T20260060672,P0405,2025-01-28,Customer Changed Mind
T20260037610,P0086,2025-07-13,Customer Changed Mind
T20250127154,P0258,2025-05-29,Customer Changed Mind
T20260099115,P0275,2026-10-08,Wrong Item
T20260046570,P0327,2026-11-26,Damaged
T20250097478,P0264,2025-06-18,Customer Changed Mind
T20260104646,P0191,2025-02-08,Damaged
T20260079806,P0390,2025-01-10,Customer Changed Mind
T20260120654,P0102,2026-07-22,Damaged
T20250057612,P0217,2025-09-16,Customer Changed Mind
T20260149571,P0163,2025-06-09,Wrong Item
T20250127320,P0169,2026-10-31,Wrong Item
T20250048298,P0461,2026-02-24,Wrong Item
T20260014119,P0196,2026-08-30,Wrong Item
T20260044927,P0280,2025-11-05,Damaged
T20250048319,P0463,2025-09-15,Wrong Item
T20260124520,P0404,2026-12-26,Wrong Item
T20260082104,P0027,2026-01-30,Customer Changed Mind
T20250080673,P0321,2025-03-05,Customer Changed Mind
T20260147752,P0474,2026-04-28,Damaged
T20250018258,P0005,2026-12-20,Damaged
T20260121332,P0172,2026-02-04,Customer Changed Mind
T20260059413,P0237,2026-06-27,Damaged
T20260004656,P0360,2025-07-20,Damaged
T20260126053,P0164,2025-12-23,Customer Changed Mind
T20260028234,P0055,2025-08-12,Customer Changed Mind
T20260069877,P0095,2026-09-11,Customer Changed Mind
T20250039687,P0143,2026-02-13,Customer Changed Mind
T20260081775,P0398,2025-10-27,Customer Changed Mind
T20260122980,P0117,2026-04-15,Damaged
T20260012265,P0191,2025-08-03,Customer Changed Mind
T20250064647,P0152,2025-05-10,Customer Changed Mind
T20250120663,P0324,2026-05-02,Customer Changed Mind
T20250064331,P0428,2026-08-02,Damaged
T20260072776,P0334,2025-06-26,Wrong Item
T20260108055,P0400,2026-09-06,Wrong Item
T20260097742,P0438,2025-09-06,Damaged
T20260029093,P0431,2025-11-26,Damaged
T20260090859,P0490,2025-10-29,Wrong Item
T20250077742,P0384,2026-01-20,Damaged
T20250034250,P0431,2025-02-14,Customer Changed Mind
T20260149610,P0171,2026-10-25,Wrong Item
T20260136023,P0089,2026-02-03,Damaged
T20260026956,P0156,2025-02-12,Wrong Item
T20260012333,P0243,2025-09-09,Damaged
T20260078610,P0205,2025-06-13,Wrong Item
T20260090675,P0024,2026-03-04,Customer Changed Mind
T20250120116,P0117,2026-10-26,Damaged
T20260019983,P0260,2025-02-02,Wrong Item
T20260043810,P0164,2025-08-18,Customer Changed Mind
T20260037552,P0186,2026-08-12,Damaged
T20260086724,P0115,2025-10-06,Damaged
T20250095818,P0404,2025-02-06,Customer Changed Mind
T20250061156,P0053,2026-11-21,Wrong Item
T20250048174,P0144,2025-11-04,Customer Changed Mind
T20260073330,P0101,2025-11-05,Customer Changed Mind
T20260000628,P0331,2026-12-25,Wrong Item
T20260088273,P0233,2025-06-22,Customer Changed Mind
T20260047288,P0401,2026-09-11,Wrong Item
T20260119217,P0404,2025-04-24,Customer Changed Mind
T20250087854,P0474,2026-12-07,Wrong Item
T20250131165,P0063,2025-02-23,Wrong Item
T20260004010,P0039,2025-07-06,Customer Changed Mind
T20250024018,P0269,2025-04-10,Customer Changed Mind
T20250002231,P0198,2026-03-19,Wrong Item
T20260073706,P0312,2026-11-21,Damaged
T20250096807,P0292,2026-01-09,Wrong Item
T20250081351,P0298,2025-04-18,Damaged
T20260136872,P0170,2026-10-08,Customer Changed Mind
T20250027879,P0074,2026-08-29,Wrong Item
T20250001995,P0146,2025-02-03,Wrong Item
T20260145085,P0080,2026-12-23,Customer Changed Mind
T20250085371,P0409,2026-11-25,Wrong Item
T20250124079,P0324,2025-06-14,Customer Changed Mind
T20250128659,P0194,2026-02-24,Customer Changed Mind
T20260149718,P0049,2025-02-07,Customer Changed Mind
T20260148132,P0261,2025-07-22,Customer Changed Mind
T20260077124,P0367,2025-01-23,Damaged
T20260054708,P0301,2025-02-03,Damaged
T20260042999,P0060,2025-02-21,Customer Changed Mind
T20250117850,P0145,2026-05-29,Damaged
T20260120743,P0022,2025-11-22,Wrong Item
T20250023530,P0494,2026-03-20,Wrong Item
T20260100515,P0067,2025-02-02,Damaged
T20260021845,P0300,2026-10-17,Customer Changed Mind
T20260144909,P0128,2026-03-01,Wrong Item
T20260027799,P0121,2026-05-08,Damaged
T20250126906,P0078,2025-08-14,Wrong Item
T20260025991,P0094,2025-12-29,Customer Changed Mind
T20260148941,P0074,2025-08-16,Customer Changed Mind
T20250060466,P0396,2025-08-12,Damaged
T20250106727,P0161,2026-09-26,Damaged
T20260064588,P0333,2025-06-05,Wrong Item
T20260091782,P0429,2025-12-13,Damaged
T20250114170,P0233,2026-01-28,Wrong Item
T20250006959,P0094,2026-09-18,Damaged
T20250037191,P0008,2026-12-24,Customer Changed Mind
T20260130283,P0143,2025-04-15,Customer Changed Mind
T20250085965,P0476,2025-11-27,Customer Changed Mind
T20250108594,P0370,2025-02-25,Damaged
T20260113528,P0147,2026-11-01,Damaged
T20260127951,P0429,2025-10-09,Customer Changed Mind
T20260137587,P0060,2025-10-30,Customer Changed Mind
T20250082507,P0073,2026-01-11,Customer Changed Mind
T20260126980,P0061,2026-10-31,Customer Changed Mind
T20250050639,P0001,2025-11-30,Damaged
T20260029928,P0080,2026-06-25,Wrong Item
T20250125249,P0126,2025-02-26,Damaged
T20260031302,P0407,2025-07-03,Damaged
T20250104593,P0291,2025-10-15,Customer Changed Mind
T20250054564,P0461,2025-08-20,Wrong Item
T20260016553,P0401,2025-09-30,Wrong Item
T20260011154,P0029,2026-09-05,Wrong Item
T20250110501,P0395,2026-09-06,Damaged
T20260136636,P0046,2026-01-31,Wrong Item
T20260083850,P0234,2025-12-10,Damaged
T20260085582,P0273,2026-06-05,Wrong Item
T20250068498,P0457,2025-06-07,Customer Changed Mind
T20250118572,P0352,2026-09-18,Customer Changed Mind
T20250124406,P0199,2026-08-28,Damaged
T20260061030,P0226,2025-01-31,Wrong Item
T20260101730,P0248,2026-09-14,Customer Changed Mind
T20250042857,P0185,2026-03-08,Customer Changed Mind
T20250020746,P0315,2025-07-22,Damaged
T20250115834,P0181,2025-11-22,Wrong Item
T20250132295,P0076,2025-06-11,Damaged
T20250125600,P0415,2025-05-05,Damaged
T20250144120,P0254,2026-01-12,Customer Changed Mind
T20260063227,P0249,2025-07-06,Wrong Item
T20250096625,P0057,2025-12-24,Damaged
T20250016131,P0382,2026-03-20,Customer Changed Mind
T20260129331,P0205,2026-04-20,Wrong Item
T20250009200,P0189,2025-09-24,Customer Changed Mind
T20260074528,P0495,2026-10-11,Customer Changed Mind
T20260104688,P0221,2026-02-08,Damaged
T20260086730,P0400,2025-05-21,Damaged
T20250009709,P0329,2026-02-16,Wrong Item
T20250065451,P0268,2025-05-20,Damaged
T20260005884,P0199,2025-03-17,Wrong Item
T20260043511,P0444,2025-06-10,Customer Changed Mind
T20260013524,P0344,2025-04-16,Wrong Item
T20250060604,P0220,2025-07-16,Customer Changed Mind
T20260038123,P0262,2025-09-05,Wrong Item
T20250058298,P0018,2026-02-01,Damaged
T20260129984,P0119,2025-01-18,Damaged
T20250012916,P0190,2025-01-14,Damaged
T20260144978,P0327,2025-03-31,Damaged
T20250044723,P0057,2025-05-28,Damaged
T20260052607,P0239,2026-02-16,Damaged
T20250142877,P0400,2025-09-09,Customer Changed Mind
T20250029556,P0207,2026-03-30,Damaged
T20260034315,P0085,2026-05-13,Damaged
T20250062464,P0494,2026-03-14,Wrong Item
T20250050334,P0412,2025-01-28,Customer Changed Mind
T20260075601,P0299,2026-09-09,Wrong Item
T20260145325,P0213,2026-12-19,Wrong Item
T20260046101,P0007,2026-01-15,Customer Changed Mind
T20250114983,P0062,2025-12-06,Customer Changed Mind
T20250107238,P0474,2026-04-25,Damaged
T20260053855,P0324,2025-11-05,Damaged
T20250037083,P0091,2026-06-30,Damaged
T20250035844,P0187,2025-08-24,Wrong Item
T20260110992,P0007,2026-12-26,Damaged
T20260115113,P0073,2026-03-13,Wrong Item
T20260088587,P0106,2026-11-26,Damaged
T20250015579,P0313,2026-01-07,Customer Changed Mind
T20250089918,P0146,2025-02-08,Customer Changed Mind
T20260042855,P0352,2025-10-05,Customer Changed Mind
T20250014960,P0230,2026-09-17,Damaged
T20250019249,P0115,2026-10-13,Wrong Item
T20260093921,P0479,2025-09-21,Damaged
T20260106136,P0422,2026-02-20,Damaged
T20250131328,P0018,2026-04-14,Customer Changed Mind
T20260087132,P0364,2026-03-02,Wrong Item
T20250025478,P0210,2025-06-29,Customer Changed Mind
T20260105134,P0268,2025-12-05,Customer Changed Mind
T20260006687,P0261,2025-08-05,Customer Changed Mind
T20250111230,P0037,2026-11-23,Customer Changed Mind
T20250039092,P0270,2025-07-06,Customer Changed Mind
T20250087541,P0301,2026-07-30,Wrong Item
T20260097259,P0478,2026-01-21,Damaged
T20260115982,P0426,2026-01-11,Damaged
T20250105163,P0349,2026-05-08,Damaged
T20260012684,P0467,2025-03-06,Customer Changed Mind
T20260101885,P0152,2026-03-11,Customer Changed Mind
T20260111335,P0100,2025-08-14,Customer Changed Mind
T20250108201,P0367,2026-07-22,Wrong Item
T20250097576,P0403,2025-11-22,Customer Changed Mind
T20260022235,P0311,2025-12-17,Wrong Item
T20250138209,P0235,2026-04-11,Customer Changed Mind
T20260004786,P0335,2026-08-29,Damaged
T20260063462,P0358,2026-08-14,Wrong Item
T20250050268,P0427,2025-02-21,Customer Changed Mind
T20260076929,P0128,2025-08-22,Customer Changed Mind
T20250114603,P0296,2025-07-08,Wrong Item
T20250118855,P0222,2025-10-01,Wrong Item
T20250064315,P0180,2025-03-02,Customer Changed Mind
T20250006274,P0260,2025-02-21,Customer Changed Mind
T20260101358,P0363,2025-11-09,Customer Changed Mind
T20250136995,P0142,2026-10-05,Wrong Item
T20260075006,P0107,2026-04-15,Damaged
T20250071073,P0385,2025-09-04,Customer Changed Mind
T20260112535,P0472,2026-07-22,Customer Changed Mind
T20260006011,P0422,2025-11-23,Damaged
T20250148093,P0306,2025-12-06,Customer Changed Mind
T20250007862,P0475,2025-02-19,Damaged
T20260090827,P0308,2025-09-23,Wrong Item
T20260029538,P0235,2026-12-25,Wrong Item
T20260001617,P0147,2026-09-22,Wrong Item
T20260077141,P0058,2025-04-25,Wrong Item
T20250120762,P0094,2025-09-12,Customer Changed Mind
T20250138109,P0182,2025-05-02,Damaged
T20260081454,P0096,2026-06-26,Damaged
T20260029934,P0305,2026-10-25,Damaged
T20260040268,P0151,2026-10-11,Wrong Item
T20260143431,P0110,2026-10-20,Customer Changed Mind
T20250026367,P0313,2025-03-23,Damaged
T20250141344,P0179,2026-10-12,Damaged
T20250144291,P0002,2025-02-07,Customer Changed Mind
T20250024359,P0419,2026-07-24,Customer Changed Mind
T20260052939,P0435,2025-08-26,Wrong Item
T20250074203,P0085,2026-01-08,Damaged
T20250139860,P0455,2026-04-29,Customer Changed Mind
T20250030023,P0253,2025-02-15,Wrong Item
T20260124860,P0262,2025-06-12,Wrong Item
T20260130186,P0307,2026-12-13,Damaged
T20250061992,P0390,2026-06-23,Damaged
T20250061431,P0414,2025-03-04,Damaged
T20250075215,P0483,2026-07-09,Damaged
T20260104826,P0475,2026-01-11,Customer Changed Mind
T20260134605,P0067,2026-01-24,Damaged
T20250074238,P0185,2025-11-04,Damaged
T20250019495,P0082,2025-08-18,Wrong Item
T20260074286,P0311,2025-04-18,Customer Changed Mind
T20250037866,P0070,2025-12-14,Damaged
T20260037183,P0126,2025-07-21,Wrong Item
T20260059654,P0252,2025-07-13,Wrong Item
T20260137891,P0181,2025-07-27,Damaged
T20260063068,P0381,2026-10-25,Damaged
T20250011610,P0039,2026-07-14,Damaged
T20260100682,P0423,2026-06-29,Damaged
T20250051331,P0217,2026-01-19,Damaged
T20250037055,P0091,2025-01-28,Customer Changed Mind
T20260013069,P0149,2025-06-28,Customer Changed Mind
T20260131926,P0355,2026-08-07,Wrong Item
T20250048745,P0438,2026-06-11,Customer Changed Mind
T20260113407,P0382,2026-06-08,Damaged
T20260105030,P0051,2025-08-12,Wrong Item
T20250058065,P0068,2025-10-10,Damaged
T20250067502,P0258,2026-06-08,Customer Changed Mind
T20260013473,P0206,2026-06-22,Customer Changed Mind
T20260020312,P0113,2026-06-10,Customer Changed Mind
T20260053766,P0271,2025-08-26,Customer Changed Mind
T20250031707,P0241,2025-05-16,Wrong Item
T20250123186,P0354,2025-06-30,Wrong Item
T20260082269,P0143,2026-04-25,Customer Changed Mind
T20250077650,P0076,2026-09-28,Customer Changed Mind
T20260080447,P0431,2026-12-08,Damaged
T20250056512,P0181,2025-08-10,Customer Changed Mind
T20260105047,P0056,2025-06-29,Customer Changed Mind
T20250010912,P0149,2026-03-26,Customer Changed Mind
T20260112009,P0352,2025-06-25,Damaged
T20260044179,P0133,2025-12-03,Damaged
T20260071266,P0013,2026-03-31,Wrong Item
T20260073759,P0291,2026-11-01,Damaged
T20250090582,P0139,2025-08-03,Wrong Item
T20260064866,P0234,2026-04-19,Wrong Item
T20250133474,P0312,2026-11-14,Customer Changed Mind
T20260116659,P0307,2026-06-25,Wrong Item
T20260148430,P0204,2026-03-18,Customer Changed Mind
T20250091122,P0151,2025-07-02,Damaged
T20260003797,P0050,2026-08-17,Damaged
T20250060408,P0415,2026-04-25,Customer Changed Mind
T20250040778,P0251,2026-08-10,Customer Changed Mind
T20250001870,P0341,2026-05-21,Wrong Item
T20250006114,P0038,2025-02-25,Damaged
T20260058937,P0426,2025-12-31,Customer Changed Mind
T20260077580,P0393,2025-12-08,Customer Changed Mind
T20260020869,P0444,2026-02-22,Damaged
T20250000847,P0148,2025-05-26,Customer Changed Mind
T20250001688,P0213,2025-01-07,Damaged
T20250018957,P0130,2025-08-18,Wrong Item
T20260003418,P0146,2025-09-13,Wrong Item
T20260040895,P0055,2026-08-08,Wrong Item
T20260116828,P0102,2025-11-01,Damaged
T20260050197,P0069,2025-03-29,Customer Changed Mind
T20250078933,P0339,2026-09-30,Damaged
T20250079182,P0498,2025-11-21,Damaged
T20260122149,P0268,2026-07-18,Wrong Item
T20260053929,P0367,2025-05-27,Wrong Item
T20260096852,P0270,2025-07-28,Damaged
T20260116640,P0031,2025-11-13,Damaged
T20260037811,P0045,2026-11-06,Wrong Item
T20260084159,P0056,2025-04-17,Customer Changed Mind
T20250049859,P0151,2026-04-28,Wrong Item
T20260025213,P0014,2025-12-29,Damaged
T20260146673,P0477,2026-08-06,Customer Changed Mind
T20250071414,P0077,2026-03-25,Wrong Item
T20260110031,P0420,2025-10-12,Customer Changed Mind
T20260113497,P0253,2025-04-17,Wrong Item
T20250009160,P0381,2025-04-24,Wrong Item
T20250073164,P0031,2026-07-28,Damaged
T20260042461,P0126,2025-12-23,Wrong Item
T20260008190,P0393,2025-10-11,Damaged
T20250030502,P0456,2026-01-30,Wrong Item
T20260004859,P0087,2026-05-31,Damaged
T20260094949,P0469,2025-10-05,Damaged
T20260059561,P0210,2025-04-30,Damaged
T20250128586,P0120,2025-11-27,Damaged
T20260021154,P0147,2026-03-10,Damaged
T20250055938,P0127,2025-09-04,Damaged
T20260021060,P0121,2026-11-08,Customer Changed Mind
T20260048474,P0463,2025-12-20,Damaged
T20260126094,P0298,2026-11-29,Customer Changed Mind
T20250067424,P0037,2026-02-10,Customer Changed Mind
T20260110790,P0461,2025-10-11,Customer Changed Mind
T20250097698,P0309,2026-05-11,Damaged
T20250000286,P0283,2026-10-28,Customer Changed Mind
T20260119397,P0414,2025-11-12,Wrong Item
T20260125876,P0160,2026-03-11,Damaged
T20260112907,P0031,2026-04-09,Damaged
T20260092071,P0107,2026-04-01,Wrong Item
T20250115844,P0040,2026-11-10,Damaged
T20260100382,P0427,2026-06-14,Damaged
T20260039467,P0374,2026-03-08,Customer Changed Mind
T20260134414,P0267,2025-12-15,Damaged
T20250133796,P0020,2026-12-03,Customer Changed Mind
T20250010030,P0310,2026-06-26,Customer Changed Mind
T20250058241,P0032,2026-05-07,Customer Changed Mind
T20250001643,P0228,2026-01-27,Wrong Item
T20250100686,P0268,2025-01-06,Wrong Item
T20250024571,P0306,2025-08-07,Customer Changed Mind
T20250016732,P0123,2025-03-03,Wrong Item
T20250031083,P0139,2025-05-13,Damaged
T20250097451,P0043,2026-03-25,Customer Changed Mind
T20250095686,P0166,2025-05-02,Damaged
T20260132357,P0055,2026-01-24,Wrong Item
T20250031070,P0122,2026-08-31,Wrong Item
T20250019697,P0142,2026-11-07,Customer Changed Mind
T20250124651,P0304,2026-05-10,Damaged
T20250075552,P0294,2026-03-17,Wrong Item
T20260022733,P0271,2025-04-04,Customer Changed Mind
T20250116762,P0174,2026-06-12,Damaged
T20260014463,P0420,2025-05-30,Damaged
T20250045020,P0251,2026-03-07,Damaged
T20260022676,P0479,2026-05-15,Damaged
T20250007982,P0177,2026-05-08,Customer Changed Mind
T20260061927,P0241,2025-06-05,Customer Changed Mind
T20250007117,P0414,2026-10-03,Damaged
T20260129901,P0406,2025-12-24,Damaged
T20260143505,P0021,2025-02-06,Customer Changed Mind
T20250075914,P0250,2025-04-12,Customer Changed Mind
T20260085738,P0408,2026-01-09,Damaged
T20260143101,P0357,2026-06-20,Damaged
T20250034080,P0302,2025-02-23,Wrong Item
T20250066183,P0480,2025-10-03,Damaged
T20260017395,P0311,2025-03-18,Customer Changed Mind
T20250047516,P0426,2025-06-28,Damaged
T20260023245,P0004,2025-07-05,Wrong Item
T20250003001,P0041,2025-05-24,Customer Changed Mind
T20250120001,P0210,2026-12-01,Wrong Item
T20250009303,P0369,2025-02-03,Wrong Item
T20250086505,P0324,2025-12-23,Wrong Item
T20260102770,P0124,2025-11-03,Damaged
T20260053825,P0129,2026-07-06,Wrong Item
T20260057269,P0042,2026-02-18,Damaged
T20260134299,P0401,2025-03-15,Customer Changed Mind
T20250079743,P0194,2026-11-18,Wrong Item
T20250135245,P0085,2025-06-30,Damaged
T20250037078,P0495,2026-10-18,Damaged
T20260080075,P0030,2026-06-25,Customer Changed Mind
T20250096223,P0392,2026-02-04,Customer Changed Mind
T20260134115,P0133,2025-10-10,Wrong Item
T20250074043,P0056,2026-04-20,Wrong Item
T20260136101,P0419,2025-06-28,Damaged
T20260093487,P0211,2026-12-11,Customer Changed Mind
T20250026829,P0274,2026-10-02,Damaged
T20260120240,P0173,2026-07-13,Damaged
T20260106955,P0257,2025-01-10,Customer Changed Mind
T20250086282,P0349,2026-01-19,Wrong Item
T20250048140,P0128,2025-10-08,Damaged
T20260097992,P0395,2026-02-06,Wrong Item
T20250036872,P0001,2025-04-29,Customer Changed Mind
T20250061566,P0481,2026-05-31,Customer Changed Mind
T20260104010,P0310,2026-09-19,Customer Changed Mind
T20250001491,P0215,2026-07-25,Customer Changed Mind
T20250055567,P0290,2026-01-02,Customer Changed Mind
T20260128509,P0451,2026-01-09,Damaged
T20250107842,P0228,2026-06-09,Customer Changed Mind
T20260059326,P0240,2026-01-12,Wrong Item
T20260082370,P0358,2025-12-29,Customer Changed Mind
T20250142747,P0125,2025-01-08,Damaged
T20260022941,P0186,2025-09-13,Damaged
T20250021214,P0398,2026-01-10,Customer Changed Mind
T20250100375,P0311,2026-08-25,Wrong Item
T20260078473,P0287,2025-07-11,Customer Changed Mind
T20260080898,P0251,2026-07-01,Wrong Item
T20260005564,P0360,2026-03-27,Damaged
T20250095251,P0299,2025-01-24,Customer Changed Mind
T20250062530,P0416,2026-03-11,Wrong Item
T20250107583,P0222,2025-09-12,Customer Changed Mind
T20250058159,P0319,2026-04-27,Damaged
T20250147831,P0454,2026-12-11,Damaged
T20250026995,P0494,2025-12-02,Customer Changed Mind
T20250005812,P0386,2025-07-31,Damaged
T20260010575,P0478,2025-01-12,Wrong Item
T20260103481,P0492,2025-06-11,Customer Changed Mind
T20250081091,P0248,2026-04-11,Wrong Item
T20250097510,P0122,2026-09-15,Damaged
T20260056578,P0104,2025-10-10,Wrong Item
T20250096222,P0009,2025-12-24,Wrong Item
T20260026834,P0329,2026-12-20,Customer Changed Mind
T20260104859,P0340,2025-08-01,Wrong Item
T20250078314,P0067,2025-01-02,Damaged
T20250083520,P0139,2025-02-16,Customer Changed Mind
T20250085135,P0199,2025-12-29,Customer Changed Mind
T20250086354,P0038,2025-01-06,Wrong Item
T20250144050,P0358,2025-10-17,Customer Changed Mind
T20260137121,P0461,2026-12-17,Wrong Item
T20260073541,P0047,2026-11-14,Damaged
T20260063310,P0257,2026-07-20,Customer Changed Mind
T20260102912,P0249,2025-08-14,Wrong Item
T20250065061,P0482,2025-07-10,Damaged
T20260033124,P0280,2026-12-21,Damaged
T20250092293,P0103,2026-12-30,Damaged
T20260126293,P0133,2025-07-26,Damaged
T20250049081,P0447,2026-06-20,Wrong Item
T20260130248,P0317,2026-05-04,Customer Changed Mind
T20250069173,P0286,2025-04-24,Damaged
T20250026944,P0341,2026-09-08,Damaged
T20260097868,P0258,2025-01-09,Damaged
T20250132945,P0322,2026-05-13,Customer Changed Mind
T20260068672,P0244,2026-06-18,Wrong Item
T20250061615,P0324,2026-05-24,Damaged
T20260134544,P0476,2026-06-14,Wrong Item
T20250088498,P0449,2026-01-16,Wrong Item
T20260105159,P0175,2025-06-23,Damaged
T20260066800,P0342,2026-07-03,Customer Changed Mind
T20250045988,P0270,2026-10-27,Wrong Item
T20260084527,P0292,2026-09-24,Customer Changed Mind
T20260140003,P0359,2026-05-01,Wrong Item
T20250091557,P0305,2025-12-16,Wrong Item
T20260102904,P0223,2025-11-30,Wrong Item
T20250061176,P0080,2025-09-27,Wrong Item
T20250040311,P0005,2025-02-24,Customer Changed Mind
T20250105478,P0364,2026-01-24,Damaged
T20250094325,P0379,2026-11-25,Damaged
T20250036099,P0369,2026-04-13,Damaged
T20260006553,P0069,2025-09-01,Customer Changed Mind
T20250005881,P0180,2025-02-22,Customer Changed Mind
T20260078526,P0240,2025-08-19,Wrong Item
T20260042900,P0466,2026-08-12,Wrong Item
T20260109626,P0129,2026-10-02,Damaged
T20250020316,P0046,2026-10-12,Customer Changed Mind
T20250045673,P0218,2025-10-07,Damaged
T20260033650,P0315,2025-08-19,Damaged
T20260147335,P0323,2026-08-11,Wrong Item
T20250077043,P0281,2026-11-15,Customer Changed Mind
T20260046323,P0349,2025-07-02,Customer Changed Mind
T20250111706,P0457,2025-11-09,Damaged
T20250031035,P0071,2025-12-20,Customer Changed Mind
T20260119895,P0277,2025-03-03,Wrong Item
T20260087417,P0334,2025-02-13,Customer Changed Mind
T20260091990,P0482,2026-11-01,Damaged
T20250148350,P0015,2026-11-21,Wrong Item
T20260008035,P0432,2026-04-11,Wrong Item
T20250021147,P0282,2026-10-07,Wrong Item
T20250074189,P0256,2025-11-02,Damaged
T20260102108,P0263,2025-07-01,Wrong Item
T20260144603,P0454,2025-09-18,Customer Changed Mind
T20250057431,P0495,2026-02-08,Customer Changed Mind
T20260090829,P0027,2025-08-18,Wrong Item
T20250061876,P0397,2026-07-06,Customer Changed Mind
T20260143945,P0186,2026-04-27,Wrong Item
T20260148121,P0391,2025-01-11,Damaged
T20250138794,P0423,2025-11-14,Wrong Item
T20250069660,P0297,2026-06-10,Customer Changed Mind
T20260126719,P0208,2025-12-14,Wrong Item
T20260006298,P0222,2025-02-09,Damaged
T20260010773,P0114,2026-04-12,Wrong Item
T20260063204,P0382,2026-03-13,Damaged
T20260003756,P0372,2025-08-09,Wrong Item
T20260099587,P0267,2025-08-09,Customer Changed Mind
T20260091270,P0382,2026-10-22,Damaged
T20260071394,P0439,2025-11-23,Wrong Item
T20260114941,P0345,2026-06-28,Customer Changed Mind
T20260088975,P0132,2026-02-25,Wrong Item
T20250127156,P0074,2026-04-22,Customer Changed Mind
T20260146092,P0470,2025-06-12,Damaged
T20260054302,P0465,2026-07-05,Damaged
T20260005310,P0455,2026-11-06,Damaged
T20250109773,P0124,2026-07-02,Customer Changed Mind
T20250057777,P0365,2026-05-18,Customer Changed Mind
T20250053608,P0113,2026-05-22,Wrong Item
T20250071532,P0214,2025-02-18,Damaged
T20250102803,P0260,2025-10-30,Customer Changed Mind
T20250016929,P0485,2026-01-14,Customer Changed Mind
T20260137227,P0365,2026-01-26,Wrong Item
T20260098124,P0004,2025-05-04,Wrong Item
T20250023208,P0376,2025-12-18,Customer Changed Mind
T20250076154,P0257,2025-10-10,Customer Changed Mind
T20250049398,P0275,2026-12-05,Customer Changed Mind
T20260103778,P0097,2026-12-30,Customer Changed Mind
T20260006968,P0076,2026-11-19,Damaged
T20250115141,P0254,2026-02-17,Wrong Item
T20260106978,P0387,2025-05-23,Customer Changed Mind
T20260073643,P0069,2026-12-01,Wrong Item
T20250073398,P0320,2026-10-09,Wrong Item
T20260126942,P0057,2025-01-05,Wrong Item
T20260035235,P0381,2026-05-11,Damaged
T20260145170,P0003,2025-05-01,Wrong Item
T20260124945,P0079,2025-03-29,Customer Changed Mind
T20260093869,P0314,2025-03-30,Damaged
T20250009042,P0185,2026-06-30,Damaged
T20250117530,P0374,2026-11-08,Damaged
T20250120641,P0024,2026-07-23,Wrong Item
T20250117630,P0198,2026-06-29,Damaged
T20260106549,P0262,2025-03-27,Damaged
T20260116672,P0021,2026-03-17,Damaged
T20260014054,P0295,2025-07-21,Damaged
T20250043945,P0046,2026-09-23,Customer Changed Mind
T20250000024,P0237,2026-08-21,Customer Changed Mind
T20260009225,P0431,2025-04-03,Damaged
T20250056491,P0351,2025-04-27,Damaged
T20260085252,P0220,2026-04-12,Customer Changed Mind
T20260138215,P0245,2025-05-31,Wrong Item
T20260011044,P0249,2026-01-26,Customer Changed Mind
T20260109086,P0096,2025-06-14,Wrong Item
T20260085548,P0381,2026-08-09,Damaged
T20250060602,P0252,2025-01-31,Damaged
T20250086312,P0314,2026-10-26,Damaged
T20250041297,P0319,2025-09-23,Damaged
T20260066279,P0117,2025-07-28,Damaged
T20250102616,P0194,2026-03-12,Customer Changed Mind
T20250090850,P0246,2025-08-28,Damaged
T20250075709,P0406,2025-05-31,Customer Changed Mind
T20260036247,P0148,2026-01-25,Wrong Item
T20250149348,P0255,2026-08-08,Customer Changed Mind
T20260023604,P0045,2026-03-17,Damaged
T20250087403,P0105,2025-02-17,Wrong Item
T20260080523,P0336,2025-09-30,Damaged
T20260147100,P0362,2026-06-12,Damaged
T20250035123,P0169,2025-10-01,Damaged
T20260128158,P0488,2025-07-04,Wrong Item
T20260127115,P0243,2026-09-17,Customer Changed Mind
T20250095751,P0016,2025-07-15,Damaged
T20260025627,P0013,2025-10-13,Damaged
T20260123051,P0101,2026-09-16,Wrong Item
T20260084713,P0395,2026-08-21,Wrong Item
T20260147547,P0058,2026-09-03,Damaged
T20250017314,P0036,2026-05-11,Wrong Item
T20260066219,P0450,2025-02-01,Customer Changed Mind
T20250045495,P0333,2025-02-14,Customer Changed Mind
T20250020974,P0420,2026-04-14,Wrong Item
T20260079525,P0216,2025-03-05,Wrong Item
T20260080441,P0443,2026-05-26,Damaged
T20260000899,P0137,2025-01-12,Customer Changed Mind
T20260091160,P0339,2026-01-27,Wrong Item
T20260128962,P0493,2025-05-26,Damaged
T20250051460,P0234,2025-08-06,Wrong Item
T20250087598,P0222,2025-08-09,Wrong Item
T20250003445,P0132,2026-08-10,Wrong Item
T20260014615,P0307,2026-01-17,Wrong Item
T20260091161,P0366,2026-12-31,Customer Changed Mind
T20260013898,P0294,2025-01-09,Wrong Item
T20250111796,P0006,2025-04-11,Customer Changed Mind
T20260084649,P0079,2025-01-06,Customer Changed Mind
T20260074240,P0394,2026-08-26,Wrong Item
T20250135260,P0408,2025-12-10,Damaged
T20250044839,P0339,2025-08-12,Damaged
T20250052509,P0217,2025-07-26,Damaged
T20250048045,P0279,2025-09-14,Damaged
T20260107216,P0342,2026-11-09,Wrong Item
T20250143625,P0135,2026-06-23,Wrong Item
T20250111674,P0339,2025-11-10,Damaged
T20260046567,P0243,2025-11-24,Customer Changed Mind
T20260083686,P0099,2026-11-10,Wrong Item
T20260114953,P0079,2026-12-10,Wrong Item
T20250119092,P0440,2025-01-29,Customer Changed Mind
T20250063258,P0113,2026-10-03,Wrong Item
T20260123176,P0499,2026-05-06,Wrong Item
T20250072859,P0194,2025-10-05,Wrong Item
T20250014267,P0330,2025-02-24,Customer Changed Mind
T20260121320,P0088,2025-05-17,Customer Changed Mind
T20260112226,P0056,2025-05-13,Customer Changed Mind
T20250099045,P0267,2025-08-30,Damaged
T20260102983,P0306,2026-01-26,Customer Changed Mind
T20260019217,P0072,2025-11-14,Customer Changed Mind
T20260076873,P0189,2025-10-01,Damaged
T20260072937,P0187,2025-06-27,Damaged
T20250042173,P0283,2026-02-11,Customer Changed Mind
T20260135534,P0036,2025-07-04,Customer Changed Mind
T20250121741,P0110,2026-10-13,Wrong Item
T20250064550,P0362,2026-12-14,Customer Changed Mind
T20250034472,P0344,2026-10-19,Customer Changed Mind
T20260142487,P0043,2025-11-27,Wrong Item
T20250037636,P0314,2026-05-11,Customer Changed Mind
T20250079192,P0005,2025-09-27,Damaged
T20250074788,P0176,2026-05-28,Customer Changed Mind
T20250113138,P0024,2025-02-05,Customer Changed Mind
T20260147328,P0245,2026-09-30,Customer Changed Mind
T20260140555,P0050,2025-07-30,Wrong Item
T20260071448,P0386,2025-03-12,Customer Changed Mind
T20260135484,P0006,2026-09-14,Wrong Item
T20250018459,P0014,2026-10-21,Damaged
T20250011869,P0384,2025-03-12,Damaged
T20260007950,P0141,2025-01-15,Damaged
T20250098712,P0305,2026-07-08,Wrong Item
T20250076626,P0018,2025-01-10,Customer Changed Mind
T20260029252,P0376,2025-03-17,Damaged
T20260109131,P0382,2026-08-22,Damaged
T20260092675,P0469,2025-07-24,Damaged
T20250015205,P0499,2026-10-17,Customer Changed Mind
T20250017899,P0445,2025-05-05,Customer Changed Mind
T20260127206,P0301,2026-12-29,Wrong Item
T20250006292,P0333,2025-02-15,Customer Changed Mind
T20260034760,P0496,2026-06-10,Damaged
T20260079842,P0205,2025-05-06,Damaged
T20260108743,P0059,2025-08-23,Customer Changed Mind
T20250005960,P0079,2026-03-03,Wrong Item
T20260124260,P0188,2025-08-07,Customer Changed Mind
T20260025838,P0013,2026-07-20,Customer Changed Mind
T20260143490,P0250,2026-06-24,Wrong Item
T20250112910,P0084,2026-07-19,Wrong Item
T20250103502,P0003,2026-10-06,Customer Changed Mind
T20250083782,P0136,2025-06-30,Damaged
T20250145351,P0277,2026-03-29,Customer Changed Mind
T20250066793,P0414,2025-02-05,Customer Changed Mind
T20260102956,P0103,2026-07-01,Damaged
T20250044634,P0282,2026-03-18,Damaged
T20250077466,P0446,2025-06-17,Damaged
T20250031726,P0432,2026-08-12,Customer Changed Mind
T20250143230,P0375,2025-09-05,Wrong Item
T20250084856,P0256,2026-05-24,Customer Changed Mind
T20250070307,P0480,2025-03-23,Wrong Item
T20260109319,P0280,2025-04-24,Wrong Item
T20250036269,P0293,2025-10-20,Damaged
T20250021295,P0389,2025-07-06,Customer Changed Mind
T20250032682,P0310,2026-06-10,Customer Changed Mind
T20260010927,P0138,2025-08-17,Wrong Item
T20250065323,P0226,2026-12-15,Damaged
T20250050929,P0216,2025-09-06,Customer Changed Mind
T20250100390,P0298,2026-09-01,Damaged
T20250070616,P0231,2025-07-23,Damaged
T20260133829,P0143,2025-01-14,Wrong Item
T20250138488,P0358,2026-01-06,Damaged
T20250060316,P0012,2025-12-29,Damaged
T20260025221,P0195,2025-10-28,Damaged
T20250146488,P0024,2026-06-28,Wrong Item
T20260002289,P0025,2026-07-03,Customer Changed Mind
T20250059183,P0476,2025-10-10,Damaged
T20250118486,P0281,2025-03-25,Wrong Item
T20260100372,P0333,2026-04-16,Wrong Item
T20260047574,P0199,2026-06-24,Damaged
T20260104029,P0101,2026-02-16,Customer Changed Mind
T20260088638,P0142,2025-10-24,Customer Changed Mind
T20250046984,P0490,2025-03-05,Damaged
T20260147952,P0181,2025-06-25,Customer Changed Mind
T20250133402,P0393,2026-03-09,Wrong Item
T20260143741,P0135,2025-01-29,Damaged
T20250007842,P0153,2025-01-21,Wrong Item
T20260039452,P0401,2026-04-03,Damaged
T20250139791,P0381,2026-02-09,Damaged
T20260028485,P0307,2025-11-18,Customer Changed Mind
T20250051907,P0436,2025-09-05,Wrong Item
T20260048817,P0385,2026-11-26,Wrong Item
T20260130410,P0035,2026-06-28,Customer Changed Mind
T20260024837,P0193,2026-06-02,Wrong Item
T20250020524,P0340,2026-02-08,Wrong Item
T20260002218,P0398,2026-04-19,Customer Changed Mind
T20260012810,P0248,2026-11-06,Damaged
T20250018635,P0469,2026-03-08,Customer Changed Mind
T20260004162,P0369,2025-06-06,Customer Changed Mind
T20250073045,P0470,2025-03-01,Damaged
T20250014819,P0111,2026-06-25,Damaged
T20250037396,P0234,2026-11-07,Wrong Item
T20250002432,P0032,2026-10-22,Customer Changed Mind
T20260013958,P0161,2025-03-08,Damaged
T20260068472,P0324,2025-05-11,Damaged
T20260129557,P0167,2026-07-19,Customer Changed Mind
T20250127236,P0023,2025-05-18,Wrong Item
T20260022753,P0096,2025-05-12,Wrong Item
T20260126216,P0246,2026-10-03,Customer Changed Mind
T20260115141,P0365,2026-11-23,Customer Changed Mind
T20250127755,P0403,2026-02-01,Customer Changed Mind
T20250032708,P0448,2025-01-24,Damaged
T20250141071,P0015,2025-08-24,Damaged
T20260073530,P0057,2025-10-21,Wrong Item
T20250117835,P0161,2026-01-12,Damaged
T20250033015,P0096,2025-07-14,Wrong Item
T20260000411,P0342,2025-03-21,Wrong Item
T20250074690,P0434,2026-06-25,Wrong Item
T20260025139,P0082,2026-02-03,Damaged
T20260096547,P0251,2025-07-10,Wrong Item
T20260102302,P0240,2026-05-12,Wrong Item
T20250113009,P0264,2026-10-22,Customer Changed Mind
T20250000201,P0098,2026-01-21,Wrong Item
T20250118895,P0196,2025-09-22,Wrong Item
T20260142030,P0042,2025-01-15,Wrong Item
T20260147779,P0158,2026-04-14,Customer Changed Mind
T20260145310,P0212,2025-04-05,Customer Changed Mind
T20260032246,P0061,2025-03-22,Wrong Item
T20250038883,P0495,2026-02-09,Damaged
T20260008094,P0035,2025-02-07,Wrong Item
T20260096568,P0052,2026-06-02,Wrong Item
T20260057186,P0138,2026-11-12,Wrong Item
T20260118880,P0459,2025-09-04,Wrong Item
T20260131961,P0215,2026-12-31,Customer Changed Mind
T20260074993,P0305,2025-12-16,Damaged
T20260031497,P0388,2025-05-02,Wrong Item
T20250061694,P0035,2025-07-15,Damaged
T20250066006,P0217,2025-04-19,Customer Changed Mind
T20250141455,P0011,2026-01-26,Damaged
T20250049582,P0422,2025-03-10,Customer Changed Mind
T20260051718,P0277,2026-02-08,Customer Changed Mind
T20260100716,P0034,2026-04-16,Customer Changed Mind
T20260092044,P0223,2025-11-22,Customer Changed Mind
T20250143256,P0086,2026-02-03,Customer Changed Mind
T20260083848,P0386,2026-10-21,Wrong Item
T20250105109,P0268,2025-09-16,Damaged
T20250072324,P0129,2025-11-19,Wrong Item
T20250055123,P0182,2026-06-17,Customer Changed Mind
T20260088964,P0097,2026-09-16,Customer Changed Mind
T20250122498,P0470,2025-04-08,Damaged
T20260028968,P0042,2026-01-05,Customer Changed Mind
T20250140050,P0455,2026-04-06,Wrong Item
T20250139232,P0270,2026-01-20,Wrong Item
T20260082423,P0197,2025-12-09,Customer Changed Mind
T20250144694,P0014,2026-04-26,Damaged
T20260052618,P0315,2025-08-17,Damaged
T20260022231,P0422,2025-01-06,Wrong Item
T20250023677,P0489,2026-08-12,Customer Changed Mind
T20260129480,P0129,2026-11-26,Customer Changed Mind
T20250037366,P0298,2025-11-19,Damaged
T20250064869,P0019,2025-02-16,Damaged
T20260057053,P0293,2026-02-10,Customer Changed Mind
T20250056646,P0131,2026-08-27,Wrong Item
T20260111184,P0039,2025-01-13,Customer Changed Mind
T20250038847,P0319,2025-04-06,Damaged
T20250148231,P0131,2026-12-07,Damaged
T20260090347,P0016,2025-11-09,Damaged
T20260088751,P0396,2026-10-25,Wrong Item
T20250077783,P0415,2026-05-30,Damaged
T20250073692,P0303,2025-04-17,Damaged
T20250002424,P0284,2026-07-26,Customer Changed Mind
T20250140133,P0461,2025-11-14,Wrong Item
T20250041479,P0293,2026-08-21,Damaged
T20250086660,P0299,2025-09-01,Customer Changed Mind
T20250124167,P0182,2026-11-14,Wrong Item
T20250033992,P0348,2026-08-07,Customer Changed Mind
T20250135786,P0391,2026-09-03,Damaged
T20260100591,P0306,2026-12-15,Wrong Item
T20260014862,P0102,2025-04-25,Wrong Item
T20250078750,P0301,2025-03-16,Wrong Item
T20260003038,P0500,2025-12-16,Damaged
T20260108696,P0294,2025-12-20,Customer Changed Mind
T20260044465,P0001,2025-08-27,Customer Changed Mind
T20250030276,P0158,2025-01-07,Customer Changed Mind
T20260080550,P0030,2025-10-28,Wrong Item
T20260057909,P0491,2026-03-27,Customer Changed Mind
T20260003533,P0468,2025-01-17,Wrong Item
T20260011644,P0116,2026-05-31,Damaged
T20260149348,P0010,2026-11-12,Damaged
T20250141315,P0091,2026-11-28,Customer Changed Mind
T20250052441,P0399,2026-08-31,Damaged
T20260110279,P0220,2025-10-07,Customer Changed Mind
T20250043601,P0383,2025-09-16,Damaged
T20260027256,P0087,2026-04-29,Wrong Item
T20260141968,P0102,2025-05-14,Customer Changed Mind
T20250090682,P0150,2025-07-04,Wrong Item
T20250014804,P0050,2025-07-04,Damaged
T20250125273,P0082,2026-11-10,Damaged
T20250026847,P0041,2025-10-31,Wrong Item
T20250020849,P0229,2026-07-31,Damaged
T20260031955,P0196,2025-10-11,Customer Changed Mind
T20250019821,P0188,2026-08-31,Customer Changed Mind
T20260002016,P0308,2026-07-17,Damaged
T20260021118,P0280,2025-05-09,Damaged
T20260112022,P0146,2026-03-29,Customer Changed Mind
T20260016032,P0163,2026-10-25,Damaged
T20250082952,P0147,2025-06-13,Damaged
T20260039011,P0168,2026-08-31,Customer Changed Mind
T20250061505,P0145,2025-07-04,Customer Changed Mind
T20250136783,P0450,2026-01-31,Damaged
T20260132991,P0302,2025-01-12,Customer Changed Mind
T20250122187,P0179,2026-02-11,Wrong Item
T20260018685,P0399,2026-12-07,Customer Changed Mind
T20250057305,P0207,2026-03-04,Damaged
T20250142936,P0392,2026-06-28,Wrong Item
T20260071428,P0139,2025-05-26,Customer Changed Mind
T20260106867,P0489,2026-09-14,Customer Changed Mind
T20250025830,P0361,2025-02-16,Damaged
T20260063907,P0152,2025-08-13,Damaged
T20260003386,P0343,2025-05-04,Damaged
T20260055650,P0469,2025-03-18,Damaged
T20260119236,P0277,2026-06-29,Damaged
T20250078132,P0373,2025-11-13,Wrong Item
T20250062608,P0213,2025-11-15,Damaged
T20260106339,P0210,2026-03-29,Wrong Item
T20260135294,P0338,2026-08-15,Wrong Item
T20250109871,P0368,2025-09-04,Damaged
T20250124217,P0325,2026-04-18,Damaged
T20260083469,P0031,2026-11-30,Damaged
T20260130565,P0259,2025-07-27,Customer Changed Mind
T20260128954,P0159,2026-12-25,Damaged
T20250039751,P0065,2025-04-25,Customer Changed Mind
T20260145384,P0064,2026-01-07,Wrong Item
T20250127252,P0235,2025-12-11,Customer Changed Mind
T20250149643,P0174,2026-04-07,Damaged
T20260040890,P0229,2026-04-17,Wrong Item
T20250020244,P0307,2025-01-20,Wrong Item
T20260134638,P0170,2026-08-31,Wrong Item
T20250104572,P0289,2026-07-21,Customer Changed Mind
T20260102131,P0135,2025-02-07,Customer Changed Mind
T20250029448,P0122,2026-06-23,Wrong Item
T20260110674,P0033,2026-06-14,Customer Changed Mind
T20250070927,P0068,2026-02-05,Customer Changed Mind
T20260087136,P0062,2025-10-04,Damaged
T20250055397,P0065,2025-10-11,Damaged
T20260056763,P0231,2026-12-30,Customer Changed Mind
T20260073682,P0044,2025-05-10,Wrong Item
T20260115351,P0019,2026-10-17,Damaged
T20250098877,P0120,2026-03-21,Wrong Item
T20260103849,P0162,2026-03-19,Customer Changed Mind
T20250021914,P0017,2025-12-12,Wrong Item
T20260069255,P0353,2025-09-19,Wrong Item
T20260020280,P0203,2026-07-09,Wrong Item
T20250136351,P0249,2026-08-06,Customer Changed Mind
T20250049289,P0195,2025-11-17,Customer Changed Mind
T20260093648,P0055,2026-10-21,Damaged
T20250098451,P0418,2025-11-18,Customer Changed Mind
T20260015770,P0314,2025-12-12,Wrong Item
T20250108481,P0089,2025-04-23,Customer Changed Mind
T20250078158,P0383,2026-07-12,Wrong Item
T20250142118,P0247,2025-11-08,Customer Changed Mind
T20250002238,P0047,2025-07-21,Damaged
T20260119530,P0239,2026-01-15,Customer Changed Mind
T20260004677,P0025,2025-03-16,Wrong Item
T20250026007,P0363,2025-08-21,Damaged
T20250107094,P0255,2026-11-23,Wrong Item
T20250081679,P0007,2025-03-25,Wrong Item
T20260122026,P0042,2025-10-22,Wrong Item
T20250075521,P0033,2025-11-28,Wrong Item
T20250034856,P0373,2026-04-08,Wrong Item
T20250021634,P0487,2026-03-19,Damaged
T20260050684,P0210,2025-07-05,Wrong Item
T20250044302,P0229,2026-06-02,Damaged
T20250108132,P0097,2026-12-12,Customer Changed Mind
T20250083151,P0162,2026-11-27,Customer Changed Mind
T20260066703,P0297,2025-05-19,Wrong Item
T20250077975,P0185,2025-07-01,Damaged
T20250122707,P0301,2025-03-05,Customer Changed Mind
T20250126397,P0222,2025-05-19,Wrong Item
T20260053890,P0434,2026-10-08,Damaged
T20260140937,P0187,2026-07-30,Wrong Item
T20260005404,P0444,2026-07-02,Customer Changed Mind
T20260093630,P0432,2026-07-26,Customer Changed Mind
T20260128897,P0382,2026-03-16,Damaged
T20260089522,P0308,2026-03-21,Wrong Item
T20260012603,P0056,2026-04-26,Damaged
T20250125415,P0083,2025-12-06,Wrong Item
T20250137412,P0481,2026-08-19,Wrong Item
T20260073271,P0078,2026-01-18,Wrong Item
T20260098494,P0461,2026-12-02,Wrong Item
T20260021136,P0287,2025-01-16,Wrong Item
T20250003886,P0212,2025-09-25,Wrong Item
T20260105326,P0344,2026-09-05,Wrong Item
T20260140052,P0064,2025-02-18,Damaged
T20250018630,P0095,2025-12-30,Customer Changed Mind
T20260028909,P0473,2025-05-16,Customer Changed Mind
T20260024211,P0244,2025-06-14,Customer Changed Mind
T20250053510,P0238,2026-08-03,Customer Changed Mind
T20250034058,P0347,2025-02-19,Damaged
T20260028239,P0207,2025-01-27,Customer Changed Mind
T20260029750,P0024,2026-09-16,Customer Changed Mind
T20250035449,P0175,2026-03-23,Damaged
T20250124205,P0084,2025-04-15,Damaged
T20250042839,P0124,2025-04-20,Customer Changed Mind
T20250055044,P0172,2025-08-12,Damaged
T20250085446,P0411,2026-02-07,Damaged
T20250088228,P0195,2025-08-07,Wrong Item
T20260005139,P0343,2025-07-11,Damaged
T20250136228,P0142,2025-02-14,Damaged
T20260125017,P0385,2025-10-14,Customer Changed Mind
T20250143656,P0077,2025-01-12,Customer Changed Mind
T20250144028,P0098,2025-07-20,Wrong Item
T20250055374,P0261,2026-02-22,Damaged
T20260041193,P0297,2026-03-06,Customer Changed Mind
T20250142229,P0068,2025-12-08,Wrong Item
T20260134204,P0475,2025-12-03,Wrong Item
T20250089123,P0087,2026-11-17,Customer Changed Mind
T20260001250,P0094,2025-02-14,Damaged
T20250090804,P0221,2025-08-22,Wrong Item
T20260108501,P0001,2026-12-21,Wrong Item
T20250001728,P0004,2026-02-03,Wrong Item
T20260120701,P0256,2025-11-03,Customer Changed Mind
T20260049567,P0101,2026-04-20,Damaged
T20260087358,P0313,2026-10-14,Wrong Item
T20260011693,P0202,2026-11-30,Customer Changed Mind
T20260094725,P0439,2026-11-26,Damaged
T20260127499,P0380,2025-09-15,Wrong Item
T20260092817,P0285,2026-02-20,Damaged
T20260145014,P0395,2026-06-06,Customer Changed Mind
T20250021237,P0190,2025-06-04,Wrong Item
T20250094321,P0003,2026-07-15,Customer Changed Mind
T20250081359,P0006,2025-12-24,Wrong Item
T20250043045,P0150,2026-04-11,Customer Changed Mind
T20260066738,P0170,2025-05-30,Wrong Item
T20250134812,P0300,2026-12-06,Damaged
T20260065057,P0406,2025-05-21,Damaged
T20260056125,P0345,2025-08-08,Damaged
T20260101527,P0010,2025-01-22,Wrong Item
T20250141289,P0260,2025-06-03,Wrong Item
T20250069446,P0139,2025-08-12,Damaged
T20260109311,P0077,2026-11-08,Wrong Item
T20250016906,P0236,2025-05-26,Customer Changed Mind
T20260107353,P0263,2025-10-28,Wrong Item
T20250084531,P0375,2025-09-10,Customer Changed Mind
T20260122364,P0350,2026-08-29,Wrong Item
T20250011530,P0208,2026-06-01,Damaged
T20260103319,P0099,2026-10-28,Damaged
T20250063243,P0170,2026-06-06,Damaged
T20260015442,P0103,2025-06-19,Damaged
T20250098228,P0379,2025-10-07,Wrong Item
T20250073488,P0012,2025-02-12,Damaged
T20260019762,P0256,2026-08-20,Customer Changed Mind
T20250104103,P0184,2025-04-19,Damaged
T20260130639,P0233,2025-09-08,Damaged
T20260135249,P0227,2025-12-06,Wrong Item
T20250120793,P0201,2025-03-12,Customer Changed Mind
T20250098502,P0419,2026-09-11,Damaged
T20250072997,P0133,2026-06-06,Wrong Item
T20250100266,P0239,2026-08-24,Wrong Item
T20260131077,P0127,2025-10-13,Wrong Item
T20260086877,P0335,2026-07-16,Damaged
T20250012218,P0481,2025-03-19,Damaged
T20260103396,P0203,2025-05-13,Customer Changed Mind
T20250040787,P0273,2025-12-12,Customer Changed Mind
T20260144402,P0200,2025-04-13,Damaged
T20250057182,P0059,2026-07-23,Customer Changed Mind
T20250017074,P0297,2025-02-05,Damaged
T20260038795,P0335,2025-03-30,Customer Changed Mind
T20260093678,P0237,2026-04-26,Damaged
T20260051210,P0445,2025-08-12,Wrong Item
T20260096389,P0356,2025-08-03,Wrong Item
T20260128883,P0409,2025-07-15,Damaged
T20260038478,P0195,2025-11-19,Damaged
T20260015260,P0263,2026-06-29,Wrong Item
T20260112332,P0251,2025-02-16,Customer Changed Mind
T20260069558,P0396,2025-03-12,Wrong Item
T20250108252,P0311,2026-08-10,Wrong Item
T20260086236,P0308,2025-08-14,Customer Changed Mind
T20250066805,P0493,2026-11-18,Customer Changed Mind
T20250121365,P0173,2025-10-05,Damaged
T20260022174,P0352,2026-12-10,Damaged
T20250060058,P0099,2025-12-08,Customer Changed Mind
T20260022937,P0012,2026-03-10,Customer Changed Mind
T20250106638,P0132,2026-07-08,Damaged
T20260057366,P0079,2026-01-02,Wrong Item
T20260019962,P0230,2026-03-22,Customer Changed Mind
T20260067960,P0184,2026-02-13,Customer Changed Mind
T20250015751,P0478,2025-07-22,Wrong Item
T20250070297,P0095,2026-03-21,Damaged
T20250023636,P0082,2026-08-30,Damaged
T20250080527,P0061,2025-01-17,Wrong Item
T20250064867,P0053,2025-04-17,Damaged
T20260047668,P0260,2026-12-24,Customer Changed Mind
T20260004767,P0293,2026-09-10,Damaged
T20250049937,P0089,2026-03-17,Wrong Item
T20250132835,P0200,2025-02-19,Damaged
T20260068485,P0241,2025-07-24,Wrong Item
T20250127346,P0249,2026-02-07,Customer Changed Mind
T20260059951,P0058,2026-11-01,Customer Changed Mind
T20260128806,P0284,2025-08-15,Wrong Item
T20250066636,P0303,2025-06-22,Customer Changed Mind
T20260137134,P0458,2026-10-24,Wrong Item
T20250003324,P0132,2025-10-22,Customer Changed Mind
T20250088182,P0266,2026-11-01,Customer Changed Mind
T20250062972,P0343,2025-07-06,Wrong Item
T20260002132,P0338,2025-03-07,Customer Changed Mind
T20250024040,P0040,2025-12-23,Customer Changed Mind
T20260033725,P0098,2025-12-14,Customer Changed Mind
T20260009280,P0016,2026-02-22,Customer Changed Mind
T20260018173,P0325,2026-06-12,Customer Changed Mind
T20260094087,P0218,2025-11-25,Wrong Item
T20250037285,P0478,2025-12-21,Wrong Item
T20250109966,P0048,2026-08-19,Customer Changed Mind
T20250030097,P0280,2025-04-07,Wrong Item
T20250052248,P0122,2026-08-20,Wrong Item
T20250076534,P0369,2025-09-29,Wrong Item
T20260078274,P0395,2025-09-30,Customer Changed Mind
T20260041814,P0160,2025-11-24,Damaged
T20260140193,P0407,2026-09-30,Wrong Item
T20260117615,P0449,2026-04-28,Wrong Item
T20250038216,P0109,2026-02-15,Customer Changed Mind
T20250140992,P0487,2025-06-02,Customer Changed Mind
T20260030629,P0402,2026-06-22,Damaged
T20250035991,P0279,2025-03-31,Wrong Item
T20250096851,P0299,2026-02-17,Wrong Item
T20260132007,P0371,2026-05-05,Customer Changed Mind
T20250070083,P0210,2026-08-24,Customer Changed Mind
T20250012445,P0368,2025-02-15,Wrong Item
T20250115415,P0337,2025-10-09,Damaged
T20260112914,P0341,2026-05-06,Damaged
T20260095670,P0089,2025-03-03,Customer Changed Mind
T20260023338,P0246,2026-08-05,Customer Changed Mind
T20250129627,P0194,2025-02-04,Customer Changed Mind
T20250053344,P0149,2025-09-13,Customer Changed Mind
T20260107546,P0396,2025-12-05,Wrong Item
T20260061565,P0246,2025-02-01,Wrong Item
T20250140571,P0283,2025-03-22,Customer Changed Mind
T20260015931,P0089,2026-04-27,Wrong Item
T20260019639,P0394,2025-04-04,Customer Changed Mind
T20260108738,P0265,2025-10-30,Damaged
T20250028863,P0122,2025-01-23,Damaged
T20250092171,P0463,2026-01-03,Customer Changed Mind
T20260116399,P0133,2026-03-25,Customer Changed Mind
T20250028580,P0216,2025-03-21,Damaged
T20250086771,P0031,2026-10-27,Damaged
T20250102993,P0289,2025-10-15,Wrong Item
T20250108372,P0389,2025-11-01,Customer Changed Mind
T20250034426,P0331,2025-06-26,Damaged
T20250107579,P0152,2025-01-23,Wrong Item
T20260090944,P0250,2026-09-10,Damaged
T20250071787,P0267,2025-08-01,Wrong Item
T20260033142,P0095,2025-07-11,Customer Changed Mind
T20260036919,P0291,2025-07-10,Customer Changed Mind
T20250076903,P0402,2025-09-19,Damaged
T20250123665,P0014,2026-07-05,Damaged
T20260089619,P0077,2026-06-17,Customer Changed Mind
T20260071537,P0290,2026-07-29,Customer Changed Mind
T20250140421,P0160,2025-03-22,Wrong Item
T20260009095,P0322,2025-07-30,Customer Changed Mind
T20260032531,P0020,2026-07-26,Wrong Item
T20250045273,P0485,2025-05-31,Wrong Item
T20250001352,P0465,2026-05-27,Damaged
T20250101942,P0068,2026-10-21,Damaged
T20260030819,P0427,2025-06-08,Customer Changed Mind
T20250033664,P0407,2025-03-07,Damaged
T20250075716,P0316,2026-05-29,Customer Changed Mind
T20260031784,P0027,2025-01-04,Damaged
T20260072879,P0082,2025-05-31,Wrong Item
T20250030675,P0141,2025-06-25,Customer Changed Mind
T20260103993,P0228,2026-08-15,Damaged
T20260027099,P0394,2025-04-18,Customer Changed Mind
T20250082390,P0108,2025-01-29,Wrong Item
T20250006883,P0021,2025-03-11,Customer Changed Mind
T20260145545,P0316,2025-09-27,Customer Changed Mind
T20250130917,P0398,2025-04-19,Wrong Item
T20260104725,P0421,2026-01-24,Wrong Item
T20250120141,P0482,2026-10-14,Wrong Item
T20250075518,P0390,2026-01-04,Wrong Item
T20260110143,P0195,2026-08-02,Wrong Item
T20250049087,P0410,2026-10-30,Damaged
T20250113661,P0309,2025-05-06,Wrong Item
T20260133773,P0339,2025-01-31,Customer Changed Mind
T20260124276,P0173,2026-03-09,Customer Changed Mind
T20260081526,P0499,2026-01-04,Wrong Item
T20250127959,P0397,2025-08-30,Customer Changed Mind
T20250105902,P0284,2026-07-15,Damaged
T20260143956,P0352,2026-01-15,Customer Changed Mind
T20250028167,P0033,2025-11-04,Damaged
T20250072807,P0200,2026-12-20,Damaged
T20250037354,P0383,2026-12-15,Customer Changed Mind
T20250041702,P0136,2026-09-25,Wrong Item
T20250065727,P0263,2026-09-21,Wrong Item
T20260089340,P0292,2026-11-12,Wrong Item
T20260141155,P0303,2026-11-17,Customer Changed Mind
T20260005928,P0252,2026-01-04,Wrong Item
T20260140184,P0427,2026-11-19,Customer Changed Mind
T20250038901,P0139,2026-03-31,Wrong Item
T20260027196,P0018,2026-06-06,Wrong Item
T20250145092,P0308,2025-02-25,Wrong Item
T20260057966,P0010,2026-02-04,Wrong Item
T20250043900,P0450,2025-03-24,Damaged
T20250003959,P0285,2026-11-12,Wrong Item
T20250053538,P0465,2025-03-11,Wrong Item
T20260031936,P0124,2026-11-13,Customer Changed Mind
T20260072418,P0076,2026-08-12,Damaged
T20250087791,P0454,2025-08-31,Wrong Item
T20260074630,P0326,2026-02-22,Damaged
T20250100326,P0204,2025-11-28,Wrong Item
T20260070042,P0494,2026-03-17,Wrong Item
T20250109610,P0324,2025-03-13,Customer Changed Mind
T20250144455,P0204,2025-08-26,Customer Changed Mind
T20250075439,P0291,2025-06-20,Damaged
T20260043047,P0323,2026-08-19,Customer Changed Mind
T20260095021,P0463,2025-10-26,Wrong Item
T20260077842,P0414,2025-06-11,Customer Changed Mind
T20260030354,P0006,2025-07-24,Wrong Item
T20260045981,P0278,2026-10-15,Customer Changed Mind
T20250140154,P0226,2025-06-25,Wrong Item
T20260089286,P0178,2026-01-24,Wrong Item
T20260070998,P0018,2025-05-19,Wrong Item
T20250107121,P0211,2026-09-14,Customer Changed Mind
T20260032583,P0117,2025-10-14,Customer Changed Mind
T20250023817,P0497,2025-04-30,Wrong Item
T20260024725,P0346,2025-12-12,Damaged
T20250103377,P0010,2026-07-24,Customer Changed Mind
T20260113558,P0321,2026-10-15,Damaged
T20250119896,P0414,2026-07-25,Customer Changed Mind
T20250062153,P0490,2026-02-13,Wrong Item
T20250009558,P0456,2026-03-29,Wrong Item
T20250048869,P0414,2025-09-13,Damaged
T20250112477,P0495,2025-02-28,Wrong Item
T20260103674,P0108,2025-12-14,Damaged
T20260073752,P0457,2026-12-18,Customer Changed Mind
T20250071631,P0048,2026-10-08,Damaged
T20260135438,P0391,2025-07-05,Customer Changed Mind
T20260082867,P0366,2026-05-18,Damaged
T20250115089,P0313,2026-11-15,Wrong Item
T20250045276,P0249,2025-11-28,Damaged
T20260144082,P0288,2025-01-22,Damaged
T20260094887,P0090,2026-04-04,Customer Changed Mind
T20250147379,P0196,2026-12-24,Damaged
T20260047483,P0403,2025-03-04,Customer Changed Mind
T20260007321,P0070,2026-09-20,Wrong Item
T20260016087,P0379,2025-03-15,Customer Changed Mind
T20260057776,P0273,2026-10-08,Customer Changed Mind
T20250096405,P0456,2025-10-01,Damaged
T20260096717,P0460,2025-02-16,Damaged
T20260148216,P0331,2025-07-15,Customer Changed Mind
T20250111760,P0008,2025-12-17,Customer Changed Mind
T20250113462,P0334,2026-04-14,Damaged
T20260025086,P0205,2025-05-14,Damaged
T20260114013,P0142,2026-04-25,Wrong Item
T20260135420,P0061,2026-06-14,Customer Changed Mind
T20250043528,P0156,2026-07-12,Customer Changed Mind
T20250002974,P0446,2025-03-31,Wrong Item
T20260101701,P0041,2026-11-30,Customer Changed Mind
T20260059324,P0040,2025-05-02,Wrong Item
T20250091848,P0037,2025-08-18,Damaged
T20260128825,P0042,2025-09-13,Damaged
T20250114829,P0356,2025-12-26,Wrong Item
T20250009853,P0374,2026-04-06,Wrong Item
T20250038350,P0248,2026-04-20,Wrong Item
T20260140941,P0292,2025-10-26,Wrong Item
T20250110651,P0110,2026-10-21,Wrong Item
T20260020702,P0350,2026-07-18,Damaged
T20250038399,P0136,2026-03-23,Customer Changed Mind
T20260091849,P0012,2026-06-01,Wrong Item
T20250048181,P0499,2025-01-24,Customer Changed Mind
T20260116207,P0409,2025-01-13,Damaged
T20260080017,P0145,2026-12-30,Wrong Item
T20260024158,P0450,2025-08-30,Wrong Item
T20260087472,P0090,2025-12-01,Customer Changed Mind
T20250096078,P0298,2025-06-28,Customer Changed Mind
T20250133750,P0067,2025-05-04,Customer Changed Mind
T20260114299,P0463,2026-05-23,Damaged
T20250128748,P0210,2026-01-26,Damaged
T20250101949,P0272,2025-08-21,Wrong Item
T20260094215,P0004,2025-11-03,Customer Changed Mind
T20260078620,P0425,2025-08-16,Wrong Item
T20260118154,P0166,2026-12-31,Customer Changed Mind
T20250096862,P0384,2025-05-11,Damaged
T20260016312,P0386,2026-11-12,Customer Changed Mind
T20260137825,P0376,2025-09-15,Wrong Item
T20260046820,P0299,2026-02-23,Damaged
T20260108781,P0176,2026-04-25,Damaged
T20250144104,P0435,2025-06-08,Customer Changed Mind
T20260067992,P0489,2025-08-05,Damaged
T20260069140,P0372,2026-12-31,Wrong Item
T20260030929,P0204,2025-06-16,Wrong Item
T20250019708,P0018,2025-05-02,Damaged
T20250000809,P0075,2026-06-16,Damaged
T20260143963,P0288,2026-04-20,Customer Changed Mind
T20250063168,P0455,2026-02-06,Damaged
T20250076671,P0263,2026-12-15,Damaged
T20250072900,P0032,2025-05-28,Customer Changed Mind
T20260129957,P0326,2026-09-18,Wrong Item
T20250028540,P0008,2026-08-05,Customer Changed Mind
T20250009684,P0367,2026-11-17,Damaged
T20260117098,P0085,2026-08-05,Damaged
T20260003663,P0180,2025-01-21,Wrong Item
T20260075737,P0416,2026-11-21,Customer Changed Mind
T20260099952,P0173,2026-12-04,Customer Changed Mind
T20250069909,P0366,2025-04-10,Customer Changed Mind
T20250141629,P0217,2026-11-20,Wrong Item
T20260070287,P0427,2025-02-25,Damaged
T20250016649,P0139,2026-03-31,Damaged
T20250143176,P0101,2026-01-16,Customer Changed Mind
T20250026320,P0198,2025-06-07,Wrong Item
T20250113420,P0222,2025-04-04,Customer Changed Mind
T20250073270,P0219,2025-09-02,Wrong Item
T20260020960,P0181,2025-10-19,Customer Changed Mind
T20260049868,P0056,2026-07-25,Wrong Item
T20250008088,P0044,2025-06-16,Wrong Item
T20260017737,P0201,2026-12-22,Customer Changed Mind
T20260040236,P0252,2025-11-16,Wrong Item
T20260118102,P0017,2025-10-15,Wrong Item
T20250043112,P0132,2026-12-15,Wrong Item
T20260146605,P0397,2025-08-30,Damaged
T20250061469,P0073,2025-04-21,Customer Changed Mind
T20250118435,P0328,2026-06-05,Wrong Item
T20260086753,P0130,2026-09-08,Damaged
T20260067520,P0289,2025-04-14,Damaged
T20250100272,P0318,2025-08-16,Customer Changed Mind
T20260039309,P0429,2026-08-20,Damaged
T20250143377,P0262,2026-11-02,Customer Changed Mind
T20250031287,P0240,2026-01-11,Damaged
T20250096374,P0259,2026-10-10,Damaged
T20250075381,P0170,2025-10-31,Wrong Item
T20250119535,P0398,2026-02-27,Customer Changed Mind
T20250099834,P0024,2025-10-23,Wrong Item
T20260101597,P0460,2025-01-01,Customer Changed Mind
T20260006770,P0469,2026-07-18,Wrong Item
T20250037715,P0395,2026-04-20,Damaged
T20250053132,P0137,2026-01-20,Wrong Item
T20260091610,P0286,2025-03-17,Wrong Item
T20250048402,P0110,2026-02-02,Wrong Item
T20260013995,P0216,2025-09-23,Damaged
T20260084063,P0060,2026-09-06,Damaged
T20260067751,P0226,2025-05-06,Customer Changed Mind
T20260119543,P0101,2025-11-22,Damaged
T20260128855,P0357,2026-08-01,Customer Changed Mind
T20260127033,P0416,2025-01-23,Customer Changed Mind
T20260022300,P0200,2025-12-30,Customer Changed Mind
T20250078609,P0094,2025-08-12,Customer Changed Mind
T20260072259,P0238,2026-08-20,Wrong Item
T20250028382,P0492,2025-08-14,Damaged
T20260126939,P0190,2026-09-08,Customer Changed Mind
T20250040332,P0404,2025-02-24,Customer Changed Mind
T20260061434,P0082,2026-04-04,Customer Changed Mind
T20250052648,P0345,2026-01-24,Wrong Item
T20260148244,P0441,2026-05-22,Wrong Item
T20260089243,P0043,2025-04-14,Customer Changed Mind
T20250056661,P0432,2025-07-16,Damaged
T20250103852,P0014,2025-01-19,Wrong Item
T20260005124,P0027,2025-02-09,Wrong Item
T20250051987,P0087,2025-04-23,Damaged
T20260015928,P0128,2025-02-20,Customer Changed Mind
T20250094463,P0413,2025-10-19,Wrong Item
T20260047585,P0146,2026-12-29,Damaged
T20260027469,P0284,2026-05-23,Wrong Item
T20260046331,P0075,2025-08-07,Damaged
T20250039931,P0122,2025-05-02,Customer Changed Mind
T20260039264,P0281,2025-04-23,Damaged
T20260132631,P0316,2026-09-07,Customer Changed Mind
T20250020065,P0009,2025-06-16,Wrong Item
T20260128656,P0050,2025-08-02,Customer Changed Mind
T20250127700,P0273,2025-08-02,Damaged
T20260016830,P0448,2026-12-30,Wrong Item
T20250005201,P0254,2026-01-20,Damaged
T20250003397,P0142,2026-09-01,Damaged
T20250098497,P0039,2025-03-07,Customer Changed Mind
T20260031233,P0080,2025-12-02,Damaged
T20260144696,P0183,2025-07-01,Customer Changed Mind
T20250106058,P0016,2025-01-08,Customer Changed Mind
T20250087755,P0066,2026-04-03,Damaged
T20260041811,P0073,2026-11-16,Damaged
T20260078806,P0143,2026-01-11,Damaged
T20260142465,P0324,2026-06-07,Customer Changed Mind
T20250001999,P0362,2026-08-31,Damaged
T20260131650,P0006,2026-02-26,Damaged
T20260127360,P0209,2026-07-31,Damaged
T20260123742,P0049,2025-01-16,Customer Changed Mind
T20250122963,P0087,2025-05-16,Damaged
T20250028921,P0187,2025-02-18,Wrong Item
T20260040242,P0021,2025-04-30,Customer Changed Mind
T20250118412,P0328,2025-03-14,Damaged
T20260118643,P0490,2025-02-02,Wrong Item
T20260006690,P0451,2026-05-22,Customer Changed Mind
T20250022301,P0443,2026-09-20,Wrong Item
T20260000048,P0304,2025-08-01,Damaged
T20250084894,P0485,2025-04-24,Customer Changed Mind
T20260080891,P0173,2026-07-28,Damaged
T20260066073,P0288,2025-12-12,Damaged
T20250116291,P0114,2025-10-09,Customer Changed Mind
T20260131699,P0054,2025-04-22,Customer Changed Mind
T20250066209,P0052,2025-06-26,Damaged
T20260125447,P0230,2026-12-11,Customer Changed Mind
T20250091427,P0456,2026-04-05,Wrong Item
T20250028959,P0292,2026-01-28,Damaged
T20260040278,P0299,2025-05-10,Damaged
T20260146805,P0017,2025-04-30,Wrong Item
T20250113421,P0371,2025-01-28,Damaged
T20250054688,P0101,2026-04-07,Wrong Item
T20250133129,P0367,2025-12-12,Wrong Item
T20260018800,P0330,2026-05-26,Customer Changed Mind
T20260045353,P0457,2026-11-24,Customer Changed Mind
T20260136128,P0082,2025-05-21,Wrong Item
T20250009318,P0378,2025-11-10,Wrong Item
T20250134731,P0412,2025-10-26,Customer Changed Mind
T20250077717,P0027,2026-01-07,Customer Changed Mind
T20250028113,P0207,2025-01-31,Customer Changed Mind
T20250063100,P0040,2026-05-17,Damaged
T20250020173,P0112,2026-03-23,Damaged
T20260076761,P0043,2025-10-12,Damaged
T20260073329,P0487,2025-12-03,Damaged
T20260130575,P0361,2025-02-05,Wrong Item
T20260019838,P0108,2026-08-27,Customer Changed Mind
T20260083987,P0005,2026-05-31,Wrong Item
T20250063731,P0173,2026-08-19,Damaged
T20250146564,P0266,2026-09-06,Customer Changed Mind
T20260061049,P0336,2026-05-03,Wrong Item
T20250001277,P0344,2025-04-19,Wrong Item
T20250020049,P0386,2026-04-09,Customer Changed Mind
T20250075485,P0448,2025-11-30,Wrong Item
T20260122550,P0035,2025-03-15,Wrong Item
T20250035148,P0029,2026-02-24,Wrong Item
T20260133234,P0136,2026-04-11,Customer Changed Mind
T20260077689,P0001,2025-06-22,Damaged
T20260027863,P0453,2025-03-16,Damaged
T20260039090,P0395,2025-09-02,Damaged
T20250126282,P0491,2025-10-09,Wrong Item
T20250077231,P0143,2026-04-11,Customer Changed Mind
T20260096596,P0026,2025-03-04,Damaged
T20260128679,P0439,2026-08-27,Wrong Item
T20250027013,P0025,2026-07-10,Wrong Item
T20250146754,P0225,2026-06-07,Damaged
T20250121125,P0236,2025-12-25,Customer Changed Mind
T20250082590,P0151,2026-01-15,Damaged
T20260002066,P0341,2026-05-25,Customer Changed Mind
T20250040144,P0196,2025-07-19,Wrong Item
T20260011007,P0058,2025-02-17,Wrong Item
T20260119434,P0107,2025-02-21,Damaged
T20250000852,P0139,2026-10-02,Damaged
T20260013560,P0392,2026-07-19,Customer Changed Mind
T20260036948,P0471,2026-02-26,Damaged
T20250139037,P0096,2026-03-31,Damaged
T20250003258,P0149,2025-05-18,Wrong Item
T20260040713,P0400,2025-11-02,Damaged
T20260076611,P0498,2026-12-12,Damaged
T20250080590,P0114,2025-03-14,Damaged
T20260140717,P0086,2026-11-22,Customer Changed Mind
T20260013115,P0278,2025-01-02,Customer Changed Mind
T20260094694,P0412,2026-10-26,Damaged
T20260143307,P0241,2025-12-01,Customer Changed Mind
T20250122970,P0115,2025-11-02,Customer Changed Mind
T20250119266,P0284,2026-04-04,Damaged
T20250072268,P0200,2026-01-17,Customer Changed Mind
T20250084287,P0331,2025-01-19,Wrong Item
T20250052122,P0447,2025-10-27,Wrong Item
T20260087483,P0047,2026-02-22,Damaged
T20250064935,P0348,2026-09-06,Wrong Item
T20250079854,P0131,2026-06-23,Damaged
T20260067568,P0254,2026-02-18,Customer Changed Mind
T20260037181,P0085,2025-11-09,Wrong Item
T20260017718,P0064,2026-04-29,Customer Changed Mind
T20260118544,P0123,2026-11-02,Customer Changed Mind
T20250148235,P0459,2025-10-06,Damaged
T20260017484,P0255,2026-01-17,Customer Changed Mind
T20260038655,P0007,2026-11-06,Damaged
T20260126049,P0326,2025-01-13,Wrong Item
T20260135189,P0414,2025-12-19,Damaged
T20260077860,P0059,2025-05-01,Customer Changed Mind
T20250061903,P0008,2026-01-14,Wrong Item
T20260107832,P0130,2026-02-02,Customer Changed Mind
T20250108591,P0045,2026-03-12,Damaged
T20250078639,P0336,2025-04-08,Customer Changed Mind
T20250112748,P0008,2025-05-01,Customer Changed Mind
T20260143764,P0344,2025-06-15,Customer Changed Mind
T20250120394,P0061,2025-02-18,Damaged
T20250024868,P0064,2026-01-11,Wrong Item
T20250085754,P0289,2025-05-21,Wrong Item
T20250023394,P0185,2025-12-29,Wrong Item
T20260107223,P0105,2026-09-11,Wrong Item
T20260148986,P0272,2026-09-07,Damaged
T20260113576,P0028,2025-11-20,Wrong Item
T20260121064,P0485,2025-01-10,Damaged
T20260097901,P0076,2026-03-08,Wrong Item
T20250141126,P0312,2025-06-25,Wrong Item
T20260087653,P0397,2025-04-07,Customer Changed Mind
T20250105564,P0368,2026-02-18,Wrong Item
T20260112280,P0247,2026-12-31,Wrong Item
T20260143700,P0157,2026-05-31,Customer Changed Mind
T20260082100,P0183,2025-03-30,Damaged
T20260064276,P0059,2026-10-17,Customer Changed Mind
T20260022023,P0092,2026-09-20,Damaged
T20260061852,P0302,2025-07-01,Customer Changed Mind
T20250037050,P0421,2025-12-03,Wrong Item
T20250106083,P0008,2025-12-11,Damaged
T20260024693,P0424,2025-03-18,Wrong Item
T20260112105,P0465,2026-04-07,Customer Changed Mind
T20260082480,P0194,2025-12-24,Wrong Item
T20260007844,P0291,2025-08-04,Wrong Item
T20260069687,P0178,2025-06-08,Customer Changed Mind
T20260127650,P0323,2025-01-28,Damaged
T20250118694,P0169,2026-04-11,Customer Changed Mind
T20250021679,P0388,2026-03-16,Wrong Item
T20250092983,P0122,2025-07-26,Wrong Item
T20260066251,P0098,2026-07-05,Customer Changed Mind
T20250140584,P0117,2025-01-31,Damaged
T20260008093,P0025,2025-02-03,Damaged
T20260087208,P0223,2026-02-08,Damaged
T20250039057,P0466,2025-09-21,Wrong Item
T20250094065,P0424,2025-10-14,Customer Changed Mind
T20260071667,P0059,2026-01-12,Damaged
T20250069342,P0056,2026-05-06,Wrong Item
T20260034921,P0139,2025-08-04,Wrong Item
T20250032528,P0017,2026-03-01,Damaged
T20250029675,P0048,2025-08-26,Customer Changed Mind
T20250065517,P0084,2026-02-22,Customer Changed Mind
T20250020613,P0175,2025-01-05,Customer Changed Mind
T20260134422,P0067,2026-04-27,Customer Changed Mind
T20260101013,P0264,2026-05-12,Damaged
T20260056394,P0094,2026-07-02,Damaged
T20260087052,P0098,2025-04-07,Wrong Item
T20250113635,P0098,2026-01-31,Customer Changed Mind
T20260127446,P0166,2026-04-25,Damaged
T20260077895,P0231,2025-10-19,Damaged
T20260042612,P0075,2026-09-27,Customer Changed Mind
T20260135872,P0371,2025-05-22,Customer Changed Mind
T20260075499,P0186,2026-03-07,Damaged
T20250050638,P0303,2025-05-07,Damaged
T20260078253,P0409,2025-07-12,Damaged
T20250110303,P0352,2026-03-13,Wrong Item
T20250120168,P0278,2026-03-01,Damaged
T20260096028,P0299,2026-04-06,Wrong Item
T20260001330,P0015,2025-03-31,Customer Changed Mind
T20260087460,P0142,2025-08-31,Customer Changed Mind
T20260100413,P0250,2026-07-01,Damaged
T20260092906,P0012,2026-10-23,Wrong Item
T20250146660,P0441,2026-12-26,Customer Changed Mind
T20250072424,P0247,2025-08-17,Wrong Item
T20250037854,P0171,2026-08-10,Wrong Item
T20250005942,P0448,2026-08-11,Damaged
T20250010874,P0178,2025-04-15,Wrong Item
T20250098329,P0438,2026-02-09,Damaged
T20260083926,P0063,2025-05-21,Customer Changed Mind
T20250090181,P0195,2025-01-31,Wrong Item
T20250092427,P0489,2025-01-21,Damaged
T20260145868,P0169,2025-11-29,Wrong Item
T20260033938,P0423,2026-06-09,Damaged
T20250054522,P0477,2025-02-02,Damaged
T20260131661,P0025,2025-10-01,Damaged
T20260028134,P0277,2026-08-23,Customer Changed Mind
T20250015547,P0257,2026-03-24,Damaged
T20260148513,P0009,2025-06-11,Customer Changed Mind
T20260028806,P0178,2025-06-30,Customer Changed Mind
T20250109936,P0110,2025-08-04,Damaged
T20250080270,P0203,2025-04-27,Wrong Item
T20260095079,P0039,2025-05-28,Wrong Item
T20250018365,P0101,2026-04-20,Damaged
T20250099652,P0024,2025-01-29,Customer Changed Mind
T20250001443,P0181,2026-11-03,Customer Changed Mind
T20260145973,P0317,2025-12-23,Customer Changed Mind
T20250096316,P0234,2025-04-01,Damaged
T20260140695,P0066,2025-01-21,Damaged
T20250020386,P0119,2025-05-03,Wrong Item
T20250074025,P0001,2025-01-11,Damaged
T20250131589,P0140,2026-03-02,Customer Changed Mind
T20260074668,P0189,2026-02-09,Wrong Item
T20250072628,P0081,2025-04-20,Damaged
T20260008573,P0380,2025-09-04,Wrong Item
T20260081624,P0372,2026-02-11,Customer Changed Mind
T20250098830,P0242,2026-07-08,Damaged
T20250078553,P0040,2026-10-04,Customer Changed Mind
T20250018110,P0100,2026-04-22,Customer Changed Mind
T20260080868,P0047,2026-04-03,Customer Changed Mind
T20260132311,P0313,2025-10-20,Damaged
T20250031889,P0032,2026-04-07,Damaged
T20260068036,P0384,2025-09-20,Wrong Item
T20250080546,P0114,2026-01-04,Damaged
T20250090891,P0095,2026-05-16,Damaged
T20260124792,P0171,2026-03-24,Wrong Item
T20250118089,P0123,2026-03-03,Customer Changed Mind
T20250132390,P0404,2026-12-16,Customer Changed Mind
T20250127288,P0417,2025-07-10,Wrong Item
T20260034041,P0077,2026-04-27,Wrong Item
T20250048855,P0431,2025-08-31,Damaged
T20250008968,P0481,2026-12-28,Wrong Item
T20250062737,P0244,2026-10-19,Customer Changed Mind
T20250076175,P0383,2026-10-12,Wrong Item
T20250038084,P0032,2026-11-16,Customer Changed Mind
T20260131316,P0200,2025-11-28,Wrong Item
T20250124958,P0305,2026-09-05,Customer Changed Mind
T20250097681,P0196,2026-02-20,Customer Changed Mind
T20260103142,P0361,2025-07-15,Damaged
T20260078927,P0272,2025-07-28,Damaged
T20260139459,P0260,2025-06-27,Damaged
T20260075033,P0426,2025-10-27,Customer Changed Mind
T20260101361,P0490,2026-03-04,Wrong Item
T20250141408,P0304,2026-09-25,Customer Changed Mind
T20260122321,P0463,2026-08-19,Damaged
T20260020009,P0036,2026-10-04,Wrong Item
T20250073544,P0045,2026-03-08,Customer Changed Mind
T20260061298,P0386,2026-05-17,Wrong Item
T20260140866,P0447,2026-07-15,Customer Changed Mind
T20260117407,P0170,2026-03-25,Damaged
T20260104452,P0361,2026-09-07,Wrong Item
T20250030641,P0333,2025-04-29,Damaged
T20260059284,P0301,2026-10-07,Customer Changed Mind
T20250099093,P0117,2026-01-15,Wrong Item
T20260055552,P0063,2025-09-16,Wrong Item
T20260128180,P0329,2025-10-26,Customer Changed Mind
T20260137424,P0014,2026-05-28,Damaged
T20260008021,P0126,2025-01-02,Damaged
T20250037796,P0279,2026-03-29,Customer Changed Mind
T20260078754,P0050,2026-09-10,Wrong Item
T20250132759,P0026,2025-05-10,Wrong Item
T20260062581,P0231,2026-09-17,Customer Changed Mind
T20260121685,P0230,2026-10-02,Customer Changed Mind
T20250033887,P0043,2025-12-16,Wrong Item
T20260036945,P0040,2025-08-24,Wrong Item
T20260062739,P0424,2025-01-31,Damaged
T20260110995,P0470,2025-11-09,Damaged
T20260115942,P0229,2026-10-11,Customer Changed Mind
T20250044027,P0083,2026-08-09,Wrong Item
T20250121095,P0277,2025-05-10,Wrong Item
T20250028177,P0006,2026-07-26,Damaged
T20260005462,P0307,2025-09-12,Customer Changed Mind
T20250033163,P0499,2026-12-03,Damaged
T20250033947,P0349,2025-07-08,Customer Changed Mind
T20250130675,P0415,2026-02-03,Wrong Item
T20250058139,P0354,2025-03-24,Damaged
T20260065017,P0280,2026-06-11,Customer Changed Mind
T20250010021,P0097,2025-03-14,Customer Changed Mind
T20250033456,P0112,2025-11-06,Customer Changed Mind
T20250076257,P0015,2025-06-12,Damaged
T20250049073,P0115,2025-08-14,Wrong Item
T20260116900,P0397,2026-08-08,Customer Changed Mind
T20250018744,P0230,2026-07-24,Customer Changed Mind
T20260091228,P0124,2025-09-06,Damaged
T20250058184,P0352,2026-04-20,Damaged
T20250047795,P0179,2025-12-18,Damaged
T20250015444,P0188,2025-02-02,Wrong Item
T20250041605,P0156,2025-02-23,Wrong Item
T20260070532,P0351,2025-12-13,Damaged
T20260099335,P0070,2026-01-07,Customer Changed Mind
T20250078932,P0346,2026-04-09,Customer Changed Mind
T20250041341,P0015,2026-12-05,Customer Changed Mind
T20260122829,P0336,2025-10-22,Damaged
T20260004283,P0331,2026-07-17,Wrong Item
T20260077214,P0022,2025-08-17,Damaged
T20250001682,P0321,2026-12-08,Damaged
T20260123727,P0339,2025-07-27,Damaged
T20260055332,P0156,2025-05-31,Wrong Item
T20260095914,P0490,2026-05-09,Wrong Item
T20260106282,P0257,2026-11-05,Wrong Item
T20250065268,P0287,2026-02-20,Wrong Item
T20250012144,P0347,2026-11-23,Customer Changed Mind
T20250090675,P0305,2026-12-08,Damaged
T20250038579,P0274,2025-06-29,Customer Changed Mind
T20250101289,P0165,2025-04-20,Customer Changed Mind
T20250103057,P0286,2025-02-19,Damaged
T20260018993,P0445,2025-11-12,Customer Changed Mind
T20250123022,P0422,2026-08-13,Damaged
T20260067278,P0335,2026-08-11,Customer Changed Mind
T20260050768,P0375,2025-11-10,Customer Changed Mind
T20260075534,P0314,2026-03-02,Wrong Item
T20250015967,P0307,2026-07-02,Wrong Item
T20260127642,P0434,2026-09-03,Damaged
T20250095219,P0169,2026-03-24,Wrong Item
T20260063093,P0050,2025-10-06,Wrong Item
T20250015845,P0022,2026-06-15,Customer Changed Mind
T20260112344,P0342,2026-02-11,Customer Changed Mind
T20260121373,P0215,2025-08-19,Wrong Item
T20250111314,P0117,2025-02-19,Wrong Item
T20260059762,P0471,2026-10-22,Damaged
T20260143723,P0153,2026-12-12,Customer Changed Mind
T20260116362,P0255,2025-06-16,Damaged
T20250121920,P0254,2025-06-03,Customer Changed Mind
T20250026724,P0243,2026-03-11,Damaged
T20260078516,P0204,2026-12-08,Customer Changed Mind
T20250023002,P0193,2025-07-20,Damaged
T20260079795,P0266,2026-09-19,Wrong Item
T20250129989,P0151,2026-05-24,Customer Changed Mind
T20260023890,P0030,2025-07-09,Wrong Item
T20250044612,P0330,2025-03-01,Wrong Item
T20260099604,P0362,2026-11-30,Damaged
T20260046091,P0185,2026-05-17,Wrong Item
T20260061758,P0230,2025-06-15,Wrong Item
T20260134694,P0378,2026-07-20,Damaged
T20250038558,P0235,2025-03-26,Wrong Item
T20250021836,P0368,2026-05-06,Customer Changed Mind
T20250102151,P0456,2025-11-01,Damaged
T20260025192,P0474,2026-06-13,Wrong Item
T20250090822,P0117,2026-09-07,Customer Changed Mind
T20260136257,P0021,2025-11-21,Wrong Item
T20250002374,P0031,2025-05-24,Customer Changed Mind
T20250126062,P0323,2026-01-21,Wrong Item
T20250000307,P0456,2026-09-07,Customer Changed Mind
T20260052402,P0192,2025-05-14,Wrong Item
T20260144273,P0143,2025-08-26,Wrong Item
T20250117745,P0316,2026-12-12,Wrong Item
T20250098778,P0345,2025-12-07,Damaged
T20250110445,P0374,2025-02-16,Wrong Item
T20260011030,P0230,2025-09-23,Customer Changed Mind
T20250097091,P0117,2026-07-06,Wrong Item
T20260031299,P0160,2026-01-02,Customer Changed Mind
T20250000117,P0445,2025-12-03,Customer Changed Mind
T20250090996,P0467,2025-10-25,Customer Changed Mind
T20260055564,P0154,2025-05-17,Customer Changed Mind
T20260126090,P0445,2026-12-30,Damaged
T20260005177,P0259,2026-01-03,Wrong Item
T20250061199,P0261,2026-09-23,Wrong Item
T20260137951,P0098,2026-07-01,Damaged
T20260066652,P0322,2025-02-18,Wrong Item
T20260134831,P0275,2025-08-14,Wrong Item
T20250138705,P0380,2026-12-02,Customer Changed Mind
T20250091347,P0446,2026-02-15,Wrong Item
T20250140188,P0247,2026-02-05,Damaged
T20250049392,P0266,2026-07-18,Damaged
T20260053875,P0046,2025-02-05,Customer Changed Mind
T20250139726,P0457,2025-08-18,Customer Changed Mind
T20260040370,P0123,2025-12-06,Damaged
T20260116522,P0195,2025-05-07,Damaged
T20260018331,P0162,2025-04-12,Wrong Item
T20260102604,P0112,2026-08-11,Damaged
T20260041106,P0494,2025-06-26,Damaged
T20250019809,P0054,2026-06-08,Wrong Item
T20250142274,P0045,2026-03-30,Wrong Item
T20260047259,P0391,2025-08-02,Damaged
T20250007520,P0461,2026-02-27,Wrong Item
T20260098832,P0003,2025-03-13,Wrong Item
T20250009720,P0235,2026-04-25,Damaged
T20260022459,P0034,2026-04-29,Damaged
T20260132375,P0383,2026-12-23,Wrong Item
T20260086737,P0398,2025-03-20,Customer Changed Mind
T20260058956,P0203,2025-11-13,Customer Changed Mind
T20250056671,P0075,2026-07-14,Customer Changed Mind
T20260094922,P0325,2026-08-21,Customer Changed Mind
T20250062791,P0006,2026-10-31,Damaged
T20250148334,P0053,2026-01-22,Customer Changed Mind
T20250068072,P0497,2026-12-21,Damaged
T20250107274,P0325,2025-12-24,Customer Changed Mind
T20250096206,P0158,2026-11-24,Damaged
T20260106344,P0157,2025-11-22,Wrong Item
T20260021879,P0175,2025-06-08,Wrong Item
T20260019538,P0398,2026-10-01,Customer Changed Mind
T20260117034,P0492,2025-10-07,Wrong Item
T20250073026,P0387,2026-12-06,Wrong Item
T20250076435,P0478,2026-08-01,Wrong Item
T20250047970,P0240,2025-06-25,Damaged
T20250103593,P0284,2025-05-09,Customer Changed Mind
T20260100801,P0193,2025-02-03,Customer Changed Mind
T20250143623,P0156,2026-10-22,Damaged
T20250143683,P0365,2026-05-23,Damaged
T20250099362,P0240,2025-12-21,Customer Changed Mind
T20260067268,P0231,2026-08-18,Wrong Item
T20250080463,P0328,2026-09-27,Customer Changed Mind
T20260070162,P0194,2025-01-26,Customer Changed Mind
T20250012760,P0289,2025-04-22,Damaged
T20260055218,P0225,2025-01-02,Damaged
T20250003310,P0332,2026-01-11,Damaged
T20260007838,P0075,2025-12-15,Damaged
T20260074297,P0102,2026-11-08,Wrong Item
T20260098762,P0434,2025-04-28,Wrong Item
T20260002359,P0082,2025-10-29,Customer Changed Mind
T20250048766,P0171,2025-08-15,Damaged
T20250016610,P0363,2025-09-04,Damaged
T20260004052,P0339,2025-07-22,Customer Changed Mind
T20260055964,P0250,2026-08-21,Damaged
T20260083666,P0100,2026-05-21,Customer Changed Mind
T20250073724,P0445,2025-11-30,Wrong Item
T20260120242,P0404,2026-11-28,Damaged
T20250131422,P0280,2025-06-02,Damaged
T20250099125,P0462,2026-11-15,Damaged
T20260037384,P0240,2025-06-18,Damaged
T20250145425,P0042,2026-02-20,Wrong Item
T20250081051,P0081,2025-02-05,Wrong Item
T20260027428,P0142,2025-04-20,Customer Changed Mind
T20260059459,P0387,2025-09-02,Customer Changed Mind
T20260049256,P0070,2025-08-05,Wrong Item
T20260085448,P0290,2026-10-30,Damaged
T20260045526,P0315,2025-10-30,Customer Changed Mind
T20260000300,P0450,2025-08-07,Damaged
T20250083245,P0299,2025-04-27,Wrong Item
T20250026657,P0271,2025-10-30,Wrong Item
T20250011558,P0003,2025-03-23,Damaged
T20250033694,P0244,2025-04-10,Damaged
T20250024027,P0318,2026-01-11,Wrong Item
T20250135553,P0114,2026-03-10,Wrong Item
T20260024503,P0017,2026-01-08,Wrong Item
T20260026959,P0097,2025-12-20,Damaged
T20260145299,P0413,2025-03-13,Damaged
T20260032145,P0023,2025-08-16,Customer Changed Mind
T20250068265,P0190,2026-07-27,Wrong Item
T20260101384,P0067,2026-09-06,Customer Changed Mind
T20260147873,P0458,2026-04-20,Customer Changed Mind
T20250108858,P0316,2025-05-02,Customer Changed Mind
T20260105098,P0242,2026-05-04,Wrong Item
T20250121839,P0183,2025-03-28,Damaged
T20260030801,P0163,2025-04-23,Damaged
T20260095475,P0333,2025-12-15,Customer Changed Mind
T20260100200,P0110,2025-12-13,Wrong Item
T20260075641,P0302,2025-07-07,Wrong Item
T20260051191,P0180,2025-11-16,Damaged
T20250109041,P0011,2025-05-28,Wrong Item
T20260118357,P0246,2025-05-22,Damaged
T20260014008,P0166,2025-10-22,Customer Changed Mind
T20260061602,P0281,2026-06-30,Customer Changed Mind
T20250002283,P0007,2025-10-14,Customer Changed Mind
T20260130148,P0211,2025-02-16,Damaged
T20260032229,P0130,2025-03-07,Customer Changed Mind
T20250066034,P0081,2026-05-09,Damaged
T20260030406,P0320,2026-10-20,Customer Changed Mind
T20250048973,P0382,2026-07-25,Damaged
T20260029299,P0233,2026-04-11,Wrong Item
T20250105616,P0134,2025-08-27,Customer Changed Mind
T20250067111,P0204,2025-06-12,Wrong Item
T20260023212,P0197,2026-07-12,Customer Changed Mind
T20250045964,P0444,2025-01-20,Wrong Item
T20260004875,P0242,2025-01-04,Wrong Item
T20260057859,P0336,2026-07-11,Customer Changed Mind
T20260010832,P0308,2026-01-03,Damaged
T20260059181,P0249,2025-12-24,Customer Changed Mind
T20250077778,P0160,2026-06-18,Customer Changed Mind
T20260105466,P0371,2025-08-05,Wrong Item
T20260032904,P0037,2026-05-17,Damaged
T20260011408,P0409,2025-07-10,Damaged
T20260011900,P0451,2026-07-04,Customer Changed Mind
T20260144048,P0483,2026-10-31,Damaged
T20260132562,P0020,2025-03-25,Customer Changed Mind
T20250115504,P0324,2026-03-06,Wrong Item
T20260037419,P0334,2025-07-21,Wrong Item
T20260083905,P0383,2026-04-04,Wrong Item
T20260109062,P0468,2025-04-02,Damaged
T20260090665,P0353,2025-11-21,Customer Changed Mind
T20260101939,P0068,2025-07-06,Wrong Item
T20260064715,P0233,2026-11-07,Customer Changed Mind
T20250146742,P0352,2026-09-29,Customer Changed Mind
T20260134235,P0160,2025-06-11,Wrong Item
T20250111885,P0197,2025-09-07,Wrong Item
T20250137884,P0331,2026-07-17,Customer Changed Mind
T20250074399,P0280,2026-07-29,Customer Changed Mind
T20250065426,P0297,2026-02-09,Damaged
T20250123893,P0146,2026-05-05,Damaged
T20250129318,P0184,2025-10-02,Customer Changed Mind
T20250118987,P0453,2025-10-30,Damaged
T20250072896,P0172,2025-01-15,Customer Changed Mind
T20260035890,P0393,2026-09-17,Wrong Item
T20260065593,P0077,2025-12-31,Damaged
T20250068035,P0303,2025-02-06,Customer Changed Mind
T20250065869,P0376,2025-12-26,Damaged
T20250143447,P0043,2025-09-04,Damaged
T20260025792,P0292,2026-08-28,Wrong Item
T20260034016,P0106,2026-11-22,Damaged
T20260068305,P0128,2025-08-22,Customer Changed Mind
T20260141038,P0383,2026-09-26,Customer Changed Mind
T20260084919,P0065,2026-07-26,Wrong Item
T20250031290,P0339,2025-03-30,Customer Changed Mind
T20250112611,P0391,2025-01-14,Damaged
T20260056654,P0117,2026-07-24,Damaged
T20250085769,P0159,2026-03-09,Customer Changed Mind
T20250147392,P0254,2025-08-23,Wrong Item
T20250024057,P0013,2025-10-29,Customer Changed Mind
T20250124295,P0479,2026-06-16,Customer Changed Mind
T20250074223,P0446,2026-10-25,Customer Changed Mind
T20260096993,P0417,2025-06-01,Customer Changed Mind
T20250008574,P0208,2025-02-13,Damaged
T20260077310,P0177,2026-07-04,Customer Changed Mind
T20260038076,P0203,2025-09-24,Wrong Item
T20250120025,P0278,2025-07-18,Wrong Item
T20260140926,P0249,2026-03-02,Wrong Item
T20260076344,P0491,2026-10-28,Customer Changed Mind
T20250058368,P0224,2025-04-23,Damaged
T20250018845,P0439,2026-03-22,Damaged
T20250010780,P0255,2026-01-30,Wrong Item
T20260097189,P0082,2026-12-15,Wrong Item
T20260000515,P0154,2026-11-06,Customer Changed Mind
T20260005883,P0333,2026-09-18,Customer Changed Mind
T20250095691,P0167,2025-11-14,Damaged
T20250068318,P0394,2025-07-09,Customer Changed Mind
T20260056156,P0217,2025-12-30,Wrong Item
T20260095393,P0477,2026-08-19,Damaged
T20260116176,P0215,2025-07-15,Customer Changed Mind
T20250137716,P0426,2025-08-16,Damaged
T20250057463,P0148,2026-02-05,Customer Changed Mind
T20260043898,P0019,2025-05-14,Damaged
T20250057555,P0386,2026-01-03,Customer Changed Mind
T20250135409,P0435,2026-04-02,Damaged
T20250131879,P0270,2026-04-05,Wrong Item
T20260018262,P0327,2026-11-11,Damaged
T20250099707,P0138,2026-09-09,Customer Changed Mind
T20260056991,P0350,2025-04-02,Damaged
T20250029337,P0175,2026-02-07,Wrong Item
T20250048557,P0444,2026-06-05,Damaged
T20260105796,P0216,2026-11-03,Damaged
T20260135519,P0324,2026-07-27,Customer Changed Mind
T20260134777,P0153,2025-09-09,Damaged
T20260080383,P0231,2025-10-09,Customer Changed Mind
T20250099733,P0462,2026-06-11,Customer Changed Mind
T20250082571,P0443,2025-06-10,Customer Changed Mind
T20250065089,P0323,2026-10-29,Customer Changed Mind
T20250104630,P0417,2026-02-24,Customer Changed Mind
T20250141910,P0123,2025-02-23,Damaged
T20260101919,P0251,2025-09-15,Damaged
T20260120703,P0489,2026-10-12,Customer Changed Mind
T20260076893,P0136,2026-08-28,Damaged
T20260128359,P0287,2025-05-04,Damaged
T20260047368,P0262,2025-01-28,Wrong Item
T20250145487,P0352,2025-12-13,Damaged
T20250006290,P0448,2026-04-16,Wrong Item
T20260129239,P0284,2025-05-12,Damaged
T20260028719,P0147,2026-04-10,Damaged
T20250130933,P0153,2025-07-03,Damaged
T20250039649,P0117,2025-06-10,Customer Changed Mind
T20250049397,P0165,2026-11-17,Damaged
T20250015025,P0477,2026-08-17,Wrong Item
T20260028523,P0187,2025-08-25,Wrong Item
T20260010784,P0072,2026-09-19,Wrong Item
T20250019653,P0485,2026-06-15,Damaged
T20260071834,P0278,2026-12-23,Damaged
T20260144912,P0352,2025-01-07,Customer Changed Mind
T20250040370,P0023,2026-10-13,Customer Changed Mind
T20260132299,P0476,2025-04-18,Customer Changed Mind
T20250045294,P0357,2026-06-14,Customer Changed Mind
T20260010751,P0445,2025-04-05,Wrong Item
T20260134096,P0058,2026-05-05,Customer Changed Mind
T20250071212,P0247,2026-01-29,Customer Changed Mind
T20250078832,P0308,2025-05-27,Customer Changed Mind
T20260139169,P0324,2026-08-19,Customer Changed Mind
T20260003473,P0391,2026-11-17,Damaged
T20260081660,P0292,2025-07-14,Wrong Item
T20260081286,P0009,2025-06-20,Damaged
T20260101610,P0259,2026-03-02,Customer Changed Mind
T20260028013,P0108,2026-05-16,Wrong Item
T20250129990,P0489,2025-06-07,Wrong Item
T20260041255,P0305,2025-09-27,Wrong Item
T20260002428,P0404,2025-09-03,Customer Changed Mind
T20250120520,P0290,2025-01-11,Wrong Item
T20250076300,P0196,2025-12-01,Wrong Item
T20260057418,P0192,2025-09-18,Customer Changed Mind
T20250051917,P0350,2026-12-15,Damaged
T20260126138,P0062,2026-09-21,Wrong Item
T20250085484,P0318,2025-10-23,Wrong Item
T20260068214,P0091,2025-04-06,Customer Changed Mind
T20250125694,P0448,2025-07-29,Wrong Item
T20260022828,P0441,2026-04-30,Customer Changed Mind
T20260065153,P0299,2025-05-25,Damaged
T20250106896,P0095,2026-12-08,Customer Changed Mind
T20260004543,P0107,2025-02-04,Damaged
T20260070085,P0431,2026-06-30,Customer Changed Mind
T20260011695,P0313,2025-05-18,Customer Changed Mind
T20250066501,P0089,2026-01-05,Customer Changed Mind
T20250047735,P0124,2026-03-11,Customer Changed Mind
T20250001393,P0268,2025-02-19,Damaged
T20250044137,P0110,2026-10-25,Wrong Item
T20250026327,P0361,2026-05-18,Damaged
T20250102785,P0149,2025-12-12,Customer Changed Mind
T20260097307,P0030,2026-04-25,Damaged
T20260089473,P0370,2025-11-17,Customer Changed Mind
T20250066564,P0230,2025-03-15,Damaged
T20250076078,P0061,2026-02-01,Wrong Item
T20250055956,P0112,2026-09-22,Customer Changed Mind
T20260144656,P0020,2025-03-25,Wrong Item
T20250031427,P0347,2026-12-01,Customer Changed Mind
T20250100270,P0358,2025-07-07,Customer Changed Mind
T20250056669,P0140,2026-10-03,Wrong Item
T20250026034,P0300,2025-05-26,Damaged
T20250126053,P0251,2026-09-12,Customer Changed Mind
T20260146117,P0262,2025-08-08,Damaged
T20260013080,P0112,2025-04-17,Wrong Item
T20250061095,P0040,2025-07-17,Wrong Item
T20250047536,P0346,2026-04-07,Damaged
T20260064136,P0144,2026-07-20,Customer Changed Mind
T20250123150,P0315,2026-09-05,Customer Changed Mind
T20250099966,P0466,2026-01-24,Customer Changed Mind
T20260053408,P0013,2026-06-05,Damaged
T20260088828,P0314,2026-08-11,Damaged
T20260023578,P0240,2025-08-20,Customer Changed Mind
T20260066126,P0476,2025-01-09,Wrong Item
T20260149706,P0330,2026-03-19,Damaged
T20250149470,P0351,2025-01-28,Damaged
T20260139613,P0484,2026-04-26,Damaged
T20260082451,P0141,2025-03-26,Customer Changed Mind
T20250019457,P0428,2026-06-25,Customer Changed Mind
T20250036596,P0330,2026-03-11,Customer Changed Mind
T20260143708,P0070,2026-02-20,Customer Changed Mind
T20260030868,P0215,2026-07-18,Wrong Item
T20260071424,P0436,2026-12-02,Customer Changed Mind
T20250062622,P0462,2026-02-27,Wrong Item
T20260043748,P0451,2026-05-18,Customer Changed Mind
T20250120166,P0471,2025-08-14,Customer Changed Mind
T20250063576,P0121,2025-01-23,Wrong Item
T20260056010,P0003,2025-05-27,Wrong Item
T20260050757,P0492,2026-01-29,Wrong Item
T20250066925,P0327,2025-08-24,Customer Changed Mind
T20260020359,P0237,2026-06-28,Damaged
T20250017203,P0230,2026-06-26,Damaged
T20250127639,P0225,2026-06-29,Customer Changed Mind
T20250048300,P0457,2025-04-29,Customer Changed Mind
T20250035966,P0373,2025-05-25,Customer Changed Mind
T20250062866,P0043,2026-01-21,Wrong Item
T20260052307,P0054,2025-11-13,Damaged
T20250008747,P0175,2026-09-09,Wrong Item
T20260141506,P0015,2026-10-05,Customer Changed Mind
T20260148923,P0233,2025-01-27,Customer Changed Mind
T20250137549,P0168,2025-07-05,Wrong Item
T20250148885,P0422,2025-08-31,Customer Changed Mind
T20250091059,P0327,2026-10-31,Wrong Item
T20260118537,P0046,2026-01-15,Customer Changed Mind
T20260086637,P0484,2026-06-05,Customer Changed Mind
T20260135279,P0175,2026-12-22,Damaged
T20250089495,P0327,2025-11-02,Damaged
T20250079287,P0434,2026-03-31,Customer Changed Mind
T20260082186,P0379,2026-10-15,Wrong Item
T20260129083,P0060,2026-02-24,Wrong Item
T20260140634,P0062,2026-12-31,Wrong Item
T20250125747,P0208,2026-05-05,Customer Changed Mind
T20250008790,P0299,2026-07-16,Damaged
T20250006582,P0309,2025-03-17,Customer Changed Mind
T20250133930,P0159,2026-03-22,Wrong Item
T20260006540,P0143,2025-03-14,Wrong Item
T20250050890,P0330,2026-02-27,Wrong Item
T20250058521,P0011,2025-12-04,Customer Changed Mind
T20250061591,P0417,2026-12-28,Wrong Item
T20260033178,P0320,2025-11-17,Wrong Item
T20260131050,P0019,2025-03-16,Customer Changed Mind
T20250049117,P0230,2025-12-16,Customer Changed Mind
T20260082801,P0136,2026-08-01,Wrong Item
T20260070475,P0217,2026-07-18,Damaged
T20250115182,P0402,2026-06-21,Customer Changed Mind
T20260103325,P0448,2026-08-13,Damaged
T20260118403,P0358,2026-10-21,Customer Changed Mind
T20250005630,P0259,2025-02-19,Damaged
T20260076823,P0043,2026-10-18,Wrong Item
T20260039286,P0409,2025-01-21,Damaged
T20260115262,P0293,2026-05-09,Customer Changed Mind
T20250094032,P0113,2025-10-16,Customer Changed Mind
T20260054872,P0215,2025-06-15,Wrong Item
T20250117084,P0210,2026-10-29,Customer Changed Mind
T20250149963,P0209,2025-07-31,Damaged
T20250124510,P0073,2026-12-19,Customer Changed Mind
T20250018959,P0155,2025-02-28,Wrong Item
T20250051796,P0001,2025-05-26,Customer Changed Mind
T20250094829,P0149,2026-04-11,Wrong Item
T20250010576,P0281,2026-08-02,Customer Changed Mind
T20260023711,P0055,2026-10-19,Wrong Item
T20250095517,P0405,2026-06-19,Wrong Item
T20250032855,P0274,2026-10-08,Wrong Item
T20260010408,P0390,2026-04-02,Wrong Item
T20250024023,P0333,2026-11-19,Damaged
T20250096352,P0073,2025-10-11,Customer Changed Mind
T20250010601,P0046,2026-04-09,Customer Changed Mind
T20260049616,P0112,2026-07-31,Customer Changed Mind
T20260087545,P0287,2025-07-09,Customer Changed Mind
T20260036828,P0030,2025-04-25,Damaged
T20260032134,P0286,2025-03-04,Customer Changed Mind
T20250120070,P0367,2026-01-21,Customer Changed Mind
T20250021900,P0274,2025-09-18,Customer Changed Mind
T20260098606,P0389,2025-10-19,Wrong Item
T20260032624,P0497,2025-06-22,Wrong Item
T20250021269,P0084,2026-10-04,Customer Changed Mind
T20250033883,P0190,2026-08-26,Damaged
T20260022365,P0124,2026-09-11,Wrong Item
T20260039510,P0229,2026-12-05,Customer Changed Mind
T20250132098,P0186,2026-12-15,Customer Changed Mind
T20250023520,P0368,2026-11-23,Customer Changed Mind
T20250094370,P0003,2025-03-06,Damaged
T20260029025,P0186,2026-10-09,Customer Changed Mind
T20260062651,P0110,2025-08-27,Wrong Item
T20260135398,P0148,2025-01-10,Wrong Item
T20260132447,P0278,2026-01-12,Damaged
T20250146774,P0226,2026-09-20,Damaged
T20250080281,P0291,2025-01-28,Damaged
T20260022556,P0218,2026-04-04,Wrong Item
T20260038569,P0369,2025-02-18,Wrong Item
T20250035200,P0030,2025-08-22,Customer Changed Mind
T20260008275,P0481,2025-03-30,Customer Changed Mind
T20260149750,P0091,2026-10-06,Customer Changed Mind
T20250013262,P0097,2026-01-05,Damaged
T20250067122,P0305,2025-05-06,Damaged
T20250084368,P0479,2025-03-06,Damaged
T20260059833,P0118,2026-04-27,Customer Changed Mind
T20250097152,P0392,2026-03-09,Customer Changed Mind
T20250063967,P0344,2026-09-30,Damaged
T20260066665,P0246,2025-09-17,Wrong Item
T20260123228,P0002,2026-07-23,Customer Changed Mind
T20250088086,P0263,2026-09-04,Customer Changed Mind
T20260027244,P0397,2026-03-07,Wrong Item
T20250041227,P0249,2026-02-27,Damaged
T20250073337,P0169,2026-01-25,Wrong Item
T20250136101,P0500,2025-03-30,Damaged
T20250099320,P0365,2026-03-28,Customer Changed Mind
T20250030894,P0227,2026-01-05,Wrong Item
T20250028765,P0317,2026-08-28,Customer Changed Mind
T20260091930,P0272,2025-10-22,Damaged
T20250098997,P0108,2026-08-31,Damaged
T20250149464,P0029,2025-05-02,Wrong Item
T20260022386,P0413,2026-09-15,Damaged
T20260057242,P0161,2026-03-18,Wrong Item
T20250103580,P0164,2026-01-25,Damaged
T20250030990,P0111,2026-09-30,Customer Changed Mind
T20260134488,P0091,2026-09-23,Damaged
T20260110653,P0429,2025-10-07,Damaged
T20250093299,P0067,2025-03-23,Wrong Item
T20250031562,P0176,2026-09-15,Damaged
T20260039808,P0163,2026-09-27,Damaged
T20250109925,P0416,2025-06-02,Damaged
T20250144939,P0403,2026-05-17,Damaged
T20250137793,P0265,2026-03-18,Wrong Item
T20260136439,P0099,2025-07-10,Customer Changed Mind
T20260120028,P0197,2026-07-19,Customer Changed Mind
T20260028382,P0215,2026-01-04,Customer Changed Mind
T20260091978,P0462,2026-07-14,Customer Changed Mind
T20260050483,P0015,2026-07-24,Damaged
T20260019633,P0365,2025-10-23,Damaged
T20260055521,P0009,2025-01-10,Wrong Item
T20260108370,P0123,2025-09-26,Customer Changed Mind
T20260095931,P0355,2026-03-07,Customer Changed Mind
T20250122112,P0431,2026-03-31,Wrong Item
T20250144664,P0010,2025-07-24,Wrong Item
T20250067770,P0478,2025-03-05,Wrong Item
T20250021537,P0228,2026-05-23,Wrong Item
T20260057340,P0373,2025-05-22,Wrong Item
T20260025344,P0403,2026-06-12,Customer Changed Mind
T20250020647,P0170,2026-08-02,Damaged
T20260022491,P0269,2025-05-05,Damaged
T20260025581,P0175,2025-05-22,Customer Changed Mind
T20260045817,P0407,2025-07-09,Customer Changed Mind
T20260080500,P0157,2026-01-16,Damaged
T20260008639,P0140,2025-02-12,Damaged
T20260147954,P0163,2026-10-31,Wrong Item
T20260139929,P0247,2025-11-14,Wrong Item
T20250073411,P0332,2026-06-28,Wrong Item
T20260036748,P0211,2025-08-24,Wrong Item
T20250039393,P0285,2026-12-14,Customer Changed Mind
T20250131791,P0377,2025-05-21,Customer Changed Mind
T20260038964,P0371,2026-06-15,Damaged
T20260076682,P0388,2026-02-14,Wrong Item
T20260019823,P0059,2026-02-28,Customer Changed Mind
T20250037648,P0456,2025-09-01,Customer Changed Mind
T20260036519,P0157,2025-04-24,Damaged
T20250017699,P0162,2026-04-09,Damaged
T20260019165,P0306,2026-06-09,Customer Changed Mind
T20250041199,P0025,2025-02-02,Damaged
T20250041074,P0343,2025-06-28,Damaged
T20260001390,P0217,2025-05-30,Customer Changed Mind
T20260003381,P0204,2026-09-03,Damaged
T20260017145,P0103,2026-12-08,Customer Changed Mind
T20260002661,P0356,2025-02-25,Wrong Item
T20260082047,P0336,2026-04-05,Customer Changed Mind
T20250085967,P0022,2026-04-23,Wrong Item
T20250035253,P0038,2025-10-28,Damaged
T20260080188,P0041,2026-06-13,Customer Changed Mind
T20250118328,P0309,2026-04-21,Damaged
T20260083824,P0211,2025-12-11,Customer Changed Mind
T20250082361,P0218,2026-07-07,Wrong Item
T20250042885,P0342,2026-11-15,Wrong Item
T20260124959,P0145,2026-12-16,Customer Changed Mind
T20260145089,P0384,2026-12-18,Wrong Item
T20250138019,P0294,2026-04-04,Wrong Item
T20260031508,P0165,2026-07-28,Customer Changed Mind
T20260111700,P0136,2025-12-23,Damaged
T20250013398,P0284,2026-08-02,Customer Changed Mind
T20260064733,P0216,2025-12-01,Wrong Item
T20260135382,P0112,2025-06-10,Wrong Item
T20250037217,P0071,2026-01-30,Damaged
T20260025788,P0371,2026-01-27,Damaged
T20260118256,P0195,2026-09-02,Customer Changed Mind
T20260026041,P0227,2026-04-28,Wrong Item
T20260111209,P0418,2025-02-05,Customer Changed Mind
T20250038324,P0038,2026-08-29,Customer Changed Mind
T20250102530,P0343,2025-07-29,Damaged
T20250024540,P0441,2026-11-19,Damaged
T20250132198,P0202,2025-08-14,Damaged
T20260024845,P0345,2025-10-07,Customer Changed Mind
T20250105053,P0104,2025-10-09,Wrong Item
T20260022407,P0020,2026-08-04,Customer Changed Mind
T20250114876,P0408,2025-04-02,Customer Changed Mind
T20260006386,P0311,2025-10-04,Damaged
T20260045859,P0482,2026-08-13,Wrong Item
T20260117146,P0056,2025-04-11,Wrong Item
T20260149228,P0342,2026-02-12,Damaged
T20250149733,P0154,2025-07-22,Wrong Item
T20250102671,P0329,2026-10-13,Damaged
T20250130046,P0213,2025-09-07,Damaged
T20250074702,P0428,2025-10-20,Wrong Item
T20250134197,P0006,2025-12-25,Customer Changed Mind
T20260077003,P0071,2026-02-27,Damaged
T20250129910,P0343,2025-09-22,Wrong Item
T20250034703,P0375,2026-03-15,Damaged
T20260146641,P0157,2025-10-17,Damaged
T20250111621,P0060,2026-06-24,Wrong Item
T20260012916,P0421,2025-08-11,Damaged
T20260124129,P0486,2026-08-11,Damaged
T20250109236,P0331,2025-12-26,Damaged
T20260059089,P0076,2026-10-13,Damaged
T20250071594,P0009,2025-04-22,Customer Changed Mind
T20250144416,P0213,2026-10-09,Wrong Item
T20250092870,P0409,2025-11-09,Damaged
T20260122881,P0483,2026-08-16,Customer Changed Mind
T20250065098,P0348,2026-08-23,Customer Changed Mind
T20260023260,P0163,2026-01-22,Wrong Item
T20250074008,P0287,2026-06-12,Customer Changed Mind
T20260066397,P0461,2025-08-26,Customer Changed Mind
T20260001248,P0238,2026-10-04,Wrong Item
T20250003521,P0115,2025-08-30,Customer Changed Mind
T20260116715,P0283,2026-09-04,Customer Changed Mind
T20260078296,P0362,2026-12-27,Damaged
T20250081006,P0472,2026-10-29,Customer Changed Mind
T20260008584,P0259,2026-07-06,Damaged
T20260119723,P0056,2026-07-04,Customer Changed Mind
T20260040776,P0081,2026-08-07,Damaged
T20250101687,P0243,2026-10-13,Wrong Item
T20260137294,P0419,2026-10-14,Wrong Item
T20250076826,P0011,2026-03-03,Wrong Item
T20250041027,P0464,2026-01-28,Customer Changed Mind
T20250135335,P0188,2025-06-23,Customer Changed Mind
T20250143570,P0378,2026-10-11,Customer Changed Mind
T20250145731,P0236,2026-02-23,Wrong Item
T20260043213,P0463,2025-07-06,Damaged
T20250051379,P0199,2025-11-27,Wrong Item
T20260129592,P0030,2025-09-23,Customer Changed Mind
T20260063500,P0450,2025-07-14,Customer Changed Mind
T20260089749,P0489,2025-01-07,Damaged
T20250077243,P0239,2025-06-24,Customer Changed Mind
T20250125502,P0376,2025-03-06,Damaged
T20260140796,P0418,2025-10-12,Customer Changed Mind
T20260116934,P0119,2025-04-01,Customer Changed Mind
T20250011052,P0014,2025-09-06,Wrong Item
T20250055365,P0099,2026-11-14,Customer Changed Mind
T20260091088,P0180,2025-04-04,Wrong Item
T20260081115,P0450,2026-12-13,Wrong Item
T20250147326,P0370,2025-08-06,Customer Changed Mind
T20250134539,P0296,2026-08-14,Damaged
T20260021440,P0455,2025-07-27,Wrong Item
T20260080554,P0460,2026-09-27,Damaged
T20250116457,P0266,2026-12-12,Damaged
T20260107607,P0411,2026-07-19,Wrong Item
T20260120660,P0112,2025-02-20,Damaged
T20260037101,P0357,2026-07-08,Wrong Item
T20260020412,P0004,2025-07-14,Customer Changed Mind
T20260036972,P0027,2025-12-08,Damaged
T20250113748,P0180,2025-02-19,Damaged
T20260149912,P0285,2025-12-11,Customer Changed Mind
T20250060106,P0177,2025-06-07,Customer Changed Mind
T20250148012,P0115,2026-04-10,Customer Changed Mind
T20260057196,P0419,2026-06-13,Damaged
T20260117321,P0149,2025-06-11,Customer Changed Mind
T20260148359,P0389,2026-01-08,Wrong Item
T20250060779,P0166,2025-02-15,Wrong Item
T20260133459,P0131,2025-03-30,Customer Changed Mind
T20260146475,P0167,2025-12-15,Customer Changed Mind
T20260063436,P0384,2025-09-14,Wrong Item
T20250147137,P0334,2026-01-16,Wrong Item
T20260137035,P0473,2026-11-14,Customer Changed Mind
T20250099632,P0308,2026-01-23,Wrong Item
T20260021893,P0137,2026-03-25,Customer Changed Mind
T20250053872,P0129,2026-04-11,Wrong Item
T20250146536,P0084,2026-05-19,Wrong Item
T20260074139,P0151,2025-10-24,Customer Changed Mind
T20260042870,P0224,2026-02-02,Damaged
T20260041739,P0150,2026-12-02,Damaged
T20260137289,P0251,2025-11-17,Wrong Item
T20250005409,P0110,2025-04-28,Customer Changed Mind
T20260085680,P0333,2025-10-19,Customer Changed Mind
T20250148486,P0388,2025-07-29,Wrong Item
T20250051864,P0170,2026-10-03,Customer Changed Mind
T20250117869,P0169,2026-01-22,Damaged
T20260014469,P0162,2025-03-02,Wrong Item
T20250059900,P0386,2026-11-29,Damaged
T20250029451,P0202,2025-08-24,Wrong Item
T20250079336,P0034,2025-11-24,Damaged
T20260031881,P0201,2025-10-24,Damaged
T20250025671,P0355,2026-04-11,Customer Changed Mind
T20250058757,P0326,2026-10-27,Damaged
T20250122130,P0245,2025-02-08,Customer Changed Mind
T20250029496,P0349,2026-04-24,Wrong Item
T20250103085,P0146,2025-11-03,Customer Changed Mind
T20260032276,P0091,2025-11-25,Customer Changed Mind
T20250114784,P0437,2025-02-21,Wrong Item
T20250023471,P0248,2026-07-28,Wrong Item
T20250082840,P0090,2025-03-07,Wrong Item
T20260103837,P0185,2026-03-05,Damaged
T20250071472,P0451,2026-06-30,Wrong Item
T20250071133,P0474,2026-05-01,Wrong Item
T20250029849,P0278,2025-07-04,Damaged
T20250064972,P0424,2025-09-27,Customer Changed Mind
T20260089513,P0316,2025-02-17,Wrong Item
T20250121580,P0131,2025-10-12,Wrong Item
T20260009190,P0128,2026-12-30,Customer Changed Mind
T20260050821,P0344,2026-07-30,Customer Changed Mind
T20250103091,P0274,2026-04-04,Customer Changed Mind
T20260140552,P0247,2026-09-17,Damaged
T20260076554,P0462,2026-05-02,Customer Changed Mind
T20250033251,P0062,2025-01-05,Wrong Item
T20260011031,P0466,2026-12-01,Wrong Item
T20250052131,P0255,2025-12-01,Damaged
T20260093100,P0244,2026-12-28,Damaged
T20260062654,P0110,2025-04-29,Wrong Item
T20260067300,P0318,2025-10-28,Customer Changed Mind
T20260064927,P0447,2025-10-24,Damaged
T20260005179,P0177,2026-02-16,Customer Changed Mind
T20260050829,P0104,2026-12-17,Customer Changed Mind
T20260089954,P0025,2025-06-14,Damaged
T20260014543,P0180,2026-05-17,Customer Changed Mind
T20250131740,P0445,2026-05-25,Damaged
T20260030944,P0232,2025-09-12,Customer Changed Mind
T20260044049,P0247,2026-08-04,Wrong Item
T20250107460,P0114,2025-09-16,Customer Changed Mind
T20260040955,P0091,2025-05-20,Customer Changed Mind
T20250146063,P0112,2025-08-31,Damaged
T20250089686,P0404,2026-11-21,Customer Changed Mind
T20260012226,P0222,2026-06-16,Wrong Item
T20250064955,P0324,2025-11-29,Customer Changed Mind
T20260088168,P0227,2025-07-15,Damaged
T20250090937,P0406,2025-12-13,Damaged
T20260134461,P0239,2025-12-03,Damaged
T20250005742,P0281,2026-06-08,Customer Changed Mind
T20260089516,P0151,2026-04-03,Customer Changed Mind
T20260008091,P0442,2026-09-17,Customer Changed Mind
T20250009278,P0353,2025-06-30,Damaged
T20250120279,P0325,2025-11-06,Wrong Item
T20250011360,P0461,2026-03-26,Wrong Item
T20260132413,P0428,2025-11-19,Customer Changed Mind
T20260075114,P0236,2025-07-07,Wrong Item
T20260137824,P0212,2026-01-04,Customer Changed Mind
T20260048601,P0166,2026-09-21,Wrong Item
T20260114722,P0139,2025-03-31,Wrong Item
T20260098909,P0001,2026-03-02,Wrong Item
T20250027889,P0188,2025-06-19,Damaged
T20250134112,P0023,2026-11-09,Customer Changed Mind
T20250051229,P0209,2025-07-12,Damaged
T20260131738,P0076,2025-02-14,Damaged
T20260054885,P0461,2025-07-17,Wrong Item
T20260140241,P0028,2026-03-22,Wrong Item
T20260110054,P0499,2026-02-26,Damaged
T20260061646,P0464,2025-05-19,Wrong Item
T20250092693,P0408,2026-12-22,Wrong Item
T20260134234,P0118,2025-08-17,Damaged
T20250049782,P0145,2025-12-12,Damaged
T20250143248,P0213,2026-07-21,Wrong Item
T20250044954,P0024,2025-12-19,Wrong Item
T20250109476,P0162,2025-12-21,Customer Changed Mind
T20260120879,P0288,2026-05-12,Damaged
T20260009731,P0186,2026-04-12,Wrong Item
T20260145475,P0418,2025-03-09,Damaged
T20250005790,P0277,2026-06-15,Wrong Item
T20260014091,P0455,2025-06-04,Wrong Item
T20260090779,P0306,2025-12-25,Damaged
T20260101170,P0454,2025-10-23,Customer Changed Mind
T20260070616,P0104,2025-08-01,Damaged
T20250089477,P0087,2026-05-16,Customer Changed Mind
T20250043738,P0357,2026-04-28,Wrong Item
T20250060646,P0042,2026-07-10,Damaged
T20260133149,P0191,2026-03-06,Customer Changed Mind
T20250076424,P0182,2026-03-28,Customer Changed Mind
T20250024707,P0357,2026-09-14,Damaged
T20260142157,P0470,2025-05-01,Wrong Item
T20260121288,P0084,2025-04-07,Wrong Item
T20260149973,P0448,2025-12-12,Wrong Item
T20260135676,P0025,2026-02-10,Customer Changed Mind
T20250097300,P0425,2025-01-24,Wrong Item
T20260020111,P0262,2026-03-28,Damaged
T20250144383,P0234,2025-03-03,Damaged
T20250127518,P0401,2026-10-02,Wrong Item
T20250141444,P0020,2025-08-06,Customer Changed Mind
T20250049785,P0311,2026-01-04,Damaged
T20260076748,P0154,2026-06-24,Wrong Item
T20250059416,P0206,2026-11-21,Damaged
T20250034263,P0312,2026-12-03,Wrong Item
T20260119102,P0022,2026-11-29,Damaged
T20260117403,P0488,2025-04-27,Wrong Item
T20250001253,P0034,2026-03-26,Wrong Item
T20260085009,P0120,2026-01-16,Damaged
T20260145223,P0270,2026-09-24,Wrong Item
T20260146629,P0291,2026-05-16,Customer Changed Mind
T20260136767,P0418,2026-01-08,Customer Changed Mind
T20250105771,P0238,2025-04-07,Damaged
T20250104430,P0164,2026-05-05,Customer Changed Mind
T20250096612,P0462,2025-04-07,Damaged
T20250125553,P0063,2025-08-11,Wrong Item
T20260043233,P0385,2025-05-28,Wrong Item
T20260002097,P0033,2025-09-19,Damaged
T20250001460,P0200,2025-08-05,Damaged
T20260041723,P0471,2026-01-22,Damaged
T20250120535,P0410,2026-12-31,Damaged
T20260146084,P0399,2025-05-06,Wrong Item
T20250016140,P0010,2026-12-28,Wrong Item
T20250000751,P0366,2025-11-22,Wrong Item
T20260072490,P0224,2026-01-13,Wrong Item
T20260145239,P0451,2025-07-11,Wrong Item
T20250000452,P0371,2026-06-13,Customer Changed Mind
T20260115488,P0022,2026-08-05,Customer Changed Mind
T20250143782,P0347,2025-02-25,Customer Changed Mind
T20250075199,P0339,2026-03-08,Wrong Item
T20250009028,P0242,2026-12-14,Wrong Item
T20260042074,P0101,2025-08-19,Damaged
T20250120752,P0286,2026-01-25,Damaged
T20260072624,P0320,2025-08-12,Wrong Item
T20250034271,P0489,2026-04-13,Customer Changed Mind
T20260139367,P0450,2025-01-14,Customer Changed Mind
T20260094958,P0054,2025-03-20,Damaged
T20260132563,P0136,2026-09-15,Damaged
T20250118280,P0049,2025-05-02,Wrong Item
T20260077272,P0160,2026-11-26,Damaged
T20260130152,P0247,2025-04-11,Wrong Item
T20260102802,P0180,2026-06-01,Customer Changed Mind
T20250107022,P0138,2026-02-24,Customer Changed Mind
T20250018914,P0187,2026-01-13,Damaged
T20250047414,P0287,2026-12-19,Damaged
T20260082449,P0325,2025-08-07,Wrong Item
T20250043118,P0288,2025-01-27,Wrong Item
T20260134184,P0241,2025-04-07,Wrong Item
T20260107460,P0232,2025-05-09,Customer Changed Mind
T20260137988,P0027,2025-02-10,Wrong Item
T20250090171,P0375,2026-03-18,Damaged
T20250009476,P0270,2025-02-19,Customer Changed Mind
T20250137067,P0129,2025-11-30,Customer Changed Mind
T20250071434,P0228,2025-04-18,Damaged
T20250047843,P0178,2025-02-05,Damaged
T20250129555,P0054,2026-09-29,Damaged
T20260146571,P0361,2026-05-21,Damaged
T20250133755,P0009,2025-09-23,Customer Changed Mind
T20250107260,P0074,2025-06-26,Wrong Item
T20260088821,P0375,2025-07-20,Damaged
T20260002471,P0091,2025-12-17,Damaged
T20250066166,P0306,2025-01-11,Damaged
T20260024251,P0427,2025-07-15,Customer Changed Mind
T20250094282,P0269,2025-12-17,Damaged
T20260103957,P0476,2026-07-07,Customer Changed Mind
T20260013587,P0365,2026-10-12,Wrong Item
T20250127495,P0407,2025-06-18,Wrong Item
T20250141785,P0410,2025-09-17,Customer Changed Mind
T20260015508,P0293,2026-05-27,Wrong Item
T20250044951,P0300,2025-06-14,Customer Changed Mind
T20260042239,P0332,2025-01-04,Customer Changed Mind
T20260039076,P0500,2026-06-15,Customer Changed Mind
T20250013213,P0032,2026-01-23,Damaged
T20250066576,P0092,2026-03-29,Customer Changed Mind
T20260041033,P0419,2026-05-24,Customer Changed Mind
T20260078782,P0170,2026-06-09,Wrong Item
T20260011427,P0291,2025-03-29,Damaged
T20250066198,P0014,2026-05-28,Damaged
T20260036630,P0459,2026-11-27,Wrong Item
T20250102457,P0068,2025-02-09,Damaged
T20250045931,P0014,2025-06-09,Customer Changed Mind
T20250129511,P0086,2025-11-04,Customer Changed Mind
T20250088212,P0073,2025-10-23,Wrong Item
T20260030393,P0491,2025-04-19,Wrong Item
T20250025281,P0040,2025-03-09,Customer Changed Mind
T20250025417,P0356,2025-02-12,Damaged
T20260139817,P0253,2026-12-12,Damaged
T20260038228,P0376,2025-07-03,Damaged
T20250036152,P0425,2026-10-27,Damaged
T20260015972,P0108,2026-09-03,Customer Changed Mind
T20260143020,P0271,2026-10-06,Wrong Item
T20260131982,P0356,2026-03-06,Wrong Item
T20250067668,P0106,2025-02-03,Customer Changed Mind
T20250120599,P0098,2026-08-01,Customer Changed Mind
T20250114989,P0321,2025-08-06,Wrong Item
T20250069886,P0334,2026-12-11,Damaged
T20260055549,P0152,2025-06-24,Customer Changed Mind
T20250025505,P0035,2026-04-14,Customer Changed Mind
T20250013702,P0333,2025-05-25,Damaged
T20260018125,P0241,2025-05-18,Damaged
T20250149341,P0304,2026-09-09,Wrong Item
T20250102060,P0165,2025-07-13,Damaged
T20260106755,P0147,2025-05-09,Customer Changed Mind
T20260106178,P0183,2025-02-06,Damaged
T20260085324,P0330,2025-02-22,Wrong Item
T20260045194,P0408,2026-04-06,Damaged
T20260062335,P0383,2026-06-23,Wrong Item
T20260086234,P0013,2025-07-14,Damaged
T20260134183,P0398,2025-10-08,Wrong Item
T20260030274,P0057,2026-03-09,Wrong Item
T20250057875,P0445,2025-05-05,Customer Changed Mind
T20260095443,P0493,2026-03-10,Damaged
T20250140681,P0331,2025-07-12,Wrong Item
T20250105753,P0480,2026-10-29,Customer Changed Mind
T20250147152,P0205,2025-12-19,Wrong Item
T20260016284,P0191,2025-08-19,Customer Changed Mind
T20250083694,P0434,2025-10-26,Customer Changed Mind
T20250142357,P0450,2025-10-03,Wrong Item
T20250100075,P0271,2025-08-29,Wrong Item
T20250037762,P0136,2025-04-07,Damaged
T20250009253,P0039,2025-09-28,Damaged
T20260105236,P0457,2026-08-24,Damaged
T20250066885,P0345,2026-09-13,Customer Changed Mind
T20260117975,P0058,2025-04-25,Wrong Item
T20250049576,P0464,2026-08-30,Damaged
T20250083019,P0180,2025-09-03,Damaged
T20260078047,P0209,2025-09-28,Wrong Item
T20260075021,P0481,2025-01-03,Wrong Item
T20260078588,P0480,2026-12-04,Damaged
T20250114428,P0437,2026-05-30,Customer Changed Mind
T20260020526,P0372,2026-10-04,Damaged
T20260059942,P0147,2025-03-19,Damaged
T20250046886,P0490,2025-08-31,Wrong Item
T20250002764,P0299,2026-06-04,Customer Changed Mind
T20250091573,P0349,2025-12-31,Damaged
T20260057654,P0092,2025-10-20,Damaged
T20250025174,P0415,2025-06-27,Wrong Item
T20250036771,P0250,2026-03-04,Customer Changed Mind
T20250079390,P0092,2026-01-30,Wrong Item
T20250100599,P0006,2026-09-13,Damaged
T20260040567,P0187,2025-08-11,Wrong Item
T20250010667,P0122,2025-02-09,Damaged
T20260027965,P0136,2025-10-04,Wrong Item
T20250004964,P0466,2026-05-07,Customer Changed Mind
T20250027315,P0295,2025-11-01,Damaged
T20260138338,P0338,2026-11-21,Wrong Item
T20250029413,P0278,2026-02-25,Wrong Item
T20260126367,P0393,2026-12-16,Wrong Item
T20250115984,P0297,2026-07-24,Wrong Item
T20250132676,P0224,2026-07-11,Customer Changed Mind
T20260032106,P0229,2026-05-20,Damaged
T20260057873,P0376,2026-06-21,Damaged
T20250135862,P0075,2025-08-02,Wrong Item
T20250031787,P0059,2025-06-13,Damaged
T20250127586,P0315,2026-05-15,Wrong Item
T20260077830,P0336,2026-10-07,Wrong Item
T20250022557,P0139,2025-08-03,Customer Changed Mind
T20250006880,P0444,2025-08-09,Damaged
T20250013623,P0167,2025-09-24,Wrong Item
T20260046533,P0182,2026-12-22,Customer Changed Mind
T20260148227,P0129,2026-09-18,Damaged
T20260094242,P0302,2025-12-19,Damaged
T20250038306,P0475,2025-04-10,Customer Changed Mind
T20260110022,P0285,2025-05-30,Wrong Item
T20250044697,P0491,2025-04-13,Customer Changed Mind
T20260071286,P0088,2026-01-15,Wrong Item
T20250112735,P0132,2025-12-15,Damaged
T20260095260,P0422,2026-01-08,Damaged
T20260134120,P0082,2025-08-27,Damaged
T20260027555,P0413,2025-07-19,Damaged
T20250146969,P0278,2026-08-04,Damaged
T20260098113,P0047,2026-09-04,Damaged
T20260093344,P0038,2026-02-26,Damaged
T20250005213,P0025,2026-07-16,Customer Changed Mind
T20250012033,P0410,2026-09-11,Customer Changed Mind
T20250092073,P0091,2026-08-26,Wrong Item
T20260139650,P0428,2026-06-27,Wrong Item
T20260110207,P0488,2026-04-18,Damaged
T20260038355,P0185,2025-12-22,Damaged
T20260126048,P0353,2026-08-29,Damaged
T20260008549,P0011,2025-12-22,Damaged
T20260054496,P0353,2025-10-15,Customer Changed Mind
T20250051277,P0082,2025-10-28,Customer Changed Mind
T20260112590,P0069,2025-03-18,Damaged
T20250083073,P0019,2025-11-30,Customer Changed Mind
T20250032320,P0265,2025-11-23,Customer Changed Mind
T20260086858,P0036,2025-05-27,Damaged
T20250138983,P0309,2025-07-03,Customer Changed Mind
T20250086607,P0275,2025-02-10,Wrong Item
T20260119836,P0426,2026-01-30,Wrong Item
T20250093169,P0453,2026-08-29,Wrong Item
T20250098536,P0212,2025-04-04,Customer Changed Mind
T20260090818,P0152,2026-11-30,Customer Changed Mind
T20260058420,P0222,2025-09-28,Damaged
T20260137662,P0063,2025-05-19,Wrong Item
T20260120220,P0223,2025-05-19,Customer Changed Mind
T20260137997,P0149,2025-02-13,Damaged
T20250094017,P0400,2025-09-14,Damaged
T20250010508,P0276,2026-09-10,Damaged
T20260068775,P0433,2026-04-04,Customer Changed Mind
T20260018851,P0305,2025-10-19,Customer Changed Mind
T20250108421,P0483,2025-12-27,Customer Changed Mind
T20260021483,P0368,2026-01-13,Customer Changed Mind
T20260139793,P0498,2026-08-01,Wrong Item
T20260097573,P0082,2025-09-16,Customer Changed Mind
T20250027591,P0267,2025-10-28,Damaged
T20260057464,P0362,2026-10-30,Damaged
T20250124840,P0041,2026-09-13,Customer Changed Mind
T20260038808,P0248,2025-01-26,Customer Changed Mind
T20260138104,P0040,2025-11-07,Wrong Item
T20250022275,P0044,2026-11-16,Damaged
T20250121203,P0230,2025-05-20,Damaged
T20250004597,P0248,2026-12-09,Customer Changed Mind
T20260028051,P0488,2026-12-18,Damaged
T20260061433,P0491,2025-02-15,Customer Changed Mind
T20250013753,P0395,2026-07-03,Wrong Item
T20250112235,P0324,2026-08-03,Wrong Item
T20260030550,P0244,2025-07-08,Customer Changed Mind
T20260129357,P0246,2025-10-28,Wrong Item
T20250025572,P0221,2025-10-13,Customer Changed Mind
T20260072181,P0418,2025-04-13,Damaged
T20250124223,P0053,2026-03-27,Wrong Item
T20260093185,P0399,2025-10-19,Wrong Item
T20250121329,P0351,2025-11-28,Damaged
T20250061012,P0043,2026-11-15,Customer Changed Mind
T20260058460,P0217,2025-02-10,Customer Changed Mind
T20250004689,P0442,2026-11-26,Wrong Item
T20250108341,P0412,2025-07-23,Wrong Item
T20250048689,P0090,2025-06-29,Customer Changed Mind
T20260100325,P0140,2025-09-15,Wrong Item
T20260055860,P0113,2025-09-19,Customer Changed Mind
T20250000333,P0191,2026-08-10,Customer Changed Mind
T20250050910,P0329,2025-12-29,Wrong Item
T20250066542,P0467,2025-11-29,Customer Changed Mind
T20250087775,P0421,2026-03-04,Wrong Item
T20260092192,P0443,2025-02-18,Customer Changed Mind
T20260047776,P0023,2026-07-04,Damaged
T20260119157,P0331,2025-02-19,Wrong Item
T20250024051,P0354,2025-12-13,Wrong Item
T20250049568,P0381,2025-12-22,Damaged
T20260056889,P0114,2026-01-09,Damaged
T20250099705,P0019,2025-11-03,Wrong Item
T20250103405,P0064,2026-04-01,Wrong Item
T20250042209,P0437,2025-02-27,Customer Changed Mind
T20250106257,P0424,2026-02-03,Wrong Item
T20260008614,P0250,2025-11-01,Damaged
T20250041491,P0448,2026-02-21,Wrong Item
T20260063847,P0001,2026-10-11,Damaged
T20250060132,P0432,2025-10-08,Wrong Item
T20250039786,P0265,2026-08-01,Customer Changed Mind
T20250085123,P0170,2026-05-03,Wrong Item
T20260043615,P0036,2025-07-27,Wrong Item
T20250132989,P0495,2025-12-06,Damaged
T20260004715,P0167,2026-08-06,Damaged
T20260025191,P0187,2026-08-05,Customer Changed Mind
T20250023837,P0199,2026-05-02,Customer Changed Mind
T20260004726,P0336,2025-04-22,Customer Changed Mind
T20250033140,P0495,2026-03-29,Customer Changed Mind
T20250018552,P0416,2025-06-08,Wrong Item
T20260042703,P0147,2025-05-26,Wrong Item
T20250084789,P0359,2026-05-14,Customer Changed Mind
T20250052594,P0274,2025-05-03,Customer Changed Mind
T20250047607,P0283,2026-10-17,Damaged
T20260013499,P0068,2026-12-28,Damaged
T20260126640,P0102,2026-11-24,Customer Changed Mind
T20250082853,P0313,2025-12-18,Wrong Item
T20260015727,P0324,2025-02-08,Customer Changed Mind
T20250075591,P0472,2026-11-26,Wrong Item
T20260121529,P0159,2026-12-24,Wrong Item
T20250030123,P0095,2025-03-27,Customer Changed Mind
T20250065497,P0327,2025-07-13,Customer Changed Mind
T20260097330,P0463,2026-10-24,Damaged
T20260091119,P0175,2025-09-12,Wrong Item
T20250104737,P0213,2026-01-22,Customer Changed Mind
T20260082119,P0446,2025-08-23,Customer Changed Mind
T20260047870,P0005,2026-08-23,Damaged
T20250093710,P0001,2026-07-12,Wrong Item
T20260118797,P0441,2025-03-02,Damaged
T20260137352,P0147,2026-09-04,Customer Changed Mind
T20250040784,P0370,2026-10-29,Wrong Item
T20250147643,P0388,2025-07-19,Wrong Item
T20260122635,P0003,2025-03-10,Customer Changed Mind
T20260039481,P0102,2025-08-31,Customer Changed Mind
T20250113437,P0471,2026-05-03,Customer Changed Mind
T20250004890,P0307,2026-04-10,Damaged
T20250068528,P0452,2026-08-20,Damaged
T20260065999,P0428,2026-05-10,Wrong Item
T20260126617,P0032,2025-12-04,Customer Changed Mind
T20250045519,P0397,2026-07-02,Damaged
T20260054725,P0425,2026-01-06,Wrong Item
T20250025337,P0415,2026-07-15,Damaged
T20250140957,P0201,2026-08-30,Wrong Item
T20260070274,P0255,2025-02-25,Damaged
T20260106865,P0065,2025-05-25,Damaged
T20250022032,P0421,2025-12-29,Customer Changed Mind
T20250087379,P0013,2025-07-29,Customer Changed Mind
T20250064432,P0290,2025-01-04,Wrong Item
T20260057651,P0485,2026-07-13,Wrong Item
T20250004523,P0108,2026-06-27,Wrong Item
T20250145478,P0034,2025-02-25,Customer Changed Mind
T20250108888,P0293,2026-10-15,Customer Changed Mind
T20250085087,P0049,2026-12-07,Damaged
T20250082374,P0070,2026-09-12,Damaged
T20250106591,P0096,2026-01-19,Wrong Item
T20250055894,P0344,2025-06-24,Damaged
T20260046409,P0100,2026-07-11,Wrong Item
T20250090510,P0446,2025-08-17,Wrong Item
T20260087769,P0303,2025-07-02,Damaged
T20250030566,P0439,2026-03-23,Damaged
T20260102625,P0156,2026-04-05,Wrong Item
T20260110598,P0425,2025-08-04,Customer Changed Mind
T20250063347,P0001,2026-09-23,Damaged
T20250124823,P0362,2025-03-15,Wrong Item
T20260055612,P0048,2026-04-18,Damaged
T20260058318,P0266,2026-04-24,Damaged
T20250079012,P0029,2026-10-24,Damaged
T20250140598,P0411,2026-09-11,Damaged
T20260014634,P0268,2026-06-02,Wrong Item
T20260026716,P0090,2025-11-15,Damaged
T20250044862,P0012,2025-07-03,Customer Changed Mind
T20250035134,P0408,2026-08-28,Wrong Item
T20260017963,P0031,2026-03-22,Wrong Item
T20250104242,P0255,2026-07-06,Damaged
T20250065709,P0227,2025-08-15,Wrong Item
T20250054535,P0290,2025-02-08,Damaged
T20250147275,P0363,2025-06-21,Damaged
T20250076561,P0429,2025-11-12,Customer Changed Mind
T20260025584,P0427,2025-04-04,Customer Changed Mind
T20250118057,P0296,2026-07-01,Customer Changed Mind
T20250095478,P0133,2026-07-16,Wrong Item
T20260133081,P0069,2026-09-11,Damaged
T20260080202,P0421,2026-09-04,Wrong Item
T20260122664,P0078,2026-10-13,Customer Changed Mind
T20260081524,P0099,2025-09-13,Wrong Item
T20260075766,P0274,2025-06-28,Damaged
T20260001710,P0438,2025-06-04,Wrong Item
T20250136389,P0017,2025-03-01,Wrong Item
T20260112837,P0238,2025-09-30,Damaged
T20250081879,P0011,2025-10-18,Customer Changed Mind
T20260018362,P0086,2026-07-10,Wrong Item
T20260091315,P0282,2025-06-12,Customer Changed Mind
T20250025539,P0194,2025-01-12,Customer Changed Mind
T20250005324,P0344,2025-05-19,Damaged
T20250134050,P0339,2025-02-06,Customer Changed Mind
T20250120503,P0433,2025-08-21,Damaged
T20260116736,P0002,2026-11-21,Wrong Item
T20260027334,P0210,2026-10-27,Wrong Item
T20260095425,P0185,2025-08-20,Customer Changed Mind
T20260121938,P0358,2026-01-20,Wrong Item
T20260032338,P0220,2026-01-09,Damaged
T20250036611,P0341,2026-05-11,Customer Changed Mind
T20260071234,P0119,2025-03-26,Damaged
T20260095965,P0325,2025-04-07,Wrong Item
T20260083112,P0435,2025-06-14,Wrong Item
T20250060308,P0379,2026-11-25,Damaged
T20250096526,P0426,2026-06-16,Damaged
T20250053407,P0039,2026-11-28,Customer Changed Mind
T20260024193,P0139,2025-11-19,Customer Changed Mind
T20250115544,P0001,2026-07-30,Customer Changed Mind
T20250137119,P0090,2025-01-16,Wrong Item
T20260054025,P0441,2026-05-26,Customer Changed Mind
T20250126305,P0460,2026-05-04,Customer Changed Mind
T20260084701,P0081,2025-09-20,Wrong Item
T20250012734,P0126,2026-01-07,Wrong Item
T20250145252,P0459,2026-05-09,Wrong Item
T20260126461,P0213,2025-12-02,Damaged
T20260006325,P0398,2025-04-04,Damaged
T20260055324,P0143,2026-09-10,Damaged
T20250017775,P0332,2025-04-02,Customer Changed Mind
T20260089283,P0314,2025-06-20,Damaged
T20260138632,P0376,2025-06-17,Customer Changed Mind
T20260073135,P0483,2025-02-08,Wrong Item
T20260140308,P0119,2026-03-24,Damaged
T20250027259,P0068,2025-01-05,Wrong Item
T20250052244,P0472,2025-12-03,Damaged
T20250078458,P0181,2025-10-04,Wrong Item
T20250037647,P0225,2025-11-28,Customer Changed Mind
T20260083181,P0092,2026-07-25,Damaged
T20250029111,P0133,2025-04-13,Damaged
T20260087799,P0040,2026-12-23,Wrong Item
T20260011584,P0181,2025-04-10,Customer Changed Mind
T20250016884,P0433,2025-10-02,Damaged
T20250065868,P0272,2026-07-19,Damaged
T20250097875,P0020,2026-10-28,Damaged
T20250070003,P0050,2026-09-13,Wrong Item
T20250052069,P0210,2026-04-22,Wrong Item
T20250124849,P0405,2025-11-05,Customer Changed Mind
T20260036785,P0139,2026-04-13,Customer Changed Mind
T20250072342,P0415,2026-07-02,Wrong Item
T20260088556,P0144,2025-03-12,Wrong Item
T20260003511,P0412,2026-11-05,Customer Changed Mind
T20260018139,P0356,2026-01-02,Damaged
T20250110010,P0086,2025-05-10,Wrong Item
T20260125521,P0010,2025-10-26,Damaged
T20250053524,P0094,2026-12-26,Damaged
T20260084692,P0179,2025-05-13,Damaged
T20260021595,P0297,2025-08-12,Customer Changed Mind
T20260148136,P0159,2025-11-29,Damaged
T20260096897,P0156,2025-01-29,Damaged
T20250053066,P0073,2026-03-25,Wrong Item
T20260134365,P0364,2025-09-14,Wrong Item
T20250052117,P0136,2026-04-14,Wrong Item
T20260035954,P0372,2026-08-31,Damaged
T20260029088,P0232,2026-03-10,Damaged
T20250054600,P0213,2025-04-16,Customer Changed Mind
T20260027063,P0476,2025-09-24,Wrong Item
T20250127739,P0081,2025-11-30,Wrong Item
T20250081505,P0196,2026-12-31,Customer Changed Mind
T20250095124,P0373,2026-10-14,Customer Changed Mind
T20260118079,P0168,2026-03-29,Damaged
T20260115769,P0481,2025-02-19,Customer Changed Mind
T20250006784,P0065,2025-02-23,Customer Changed Mind
T20250133988,P0177,2026-12-10,Damaged
T20250042004,P0435,2025-09-09,Customer Changed Mind
T20250006074,P0215,2025-08-28,Damaged
T20250094414,P0464,2025-05-06,Wrong Item
T20260052530,P0064,2025-02-28,Damaged
T20260019047,P0184,2026-08-01,Wrong Item
T20250006684,P0037,2025-02-27,Wrong Item
T20250043443,P0373,2025-09-06,Customer Changed Mind
T20250130412,P0409,2026-06-26,Damaged
T20250140492,P0128,2026-11-18,Customer Changed Mind
T20260107726,P0343,2026-12-15,Customer Changed Mind
T20250142528,P0237,2025-02-20,Customer Changed Mind
T20260098641,P0392,2025-11-06,Customer Changed Mind
T20250067335,P0168,2026-08-11,Damaged
T20250012616,P0058,2026-12-03,Customer Changed Mind
T20250022443,P0274,2025-02-14,Damaged
T20250038573,P0107,2025-12-14,Wrong Item
T20260001884,P0038,2025-06-16,Wrong Item
T20260071828,P0160,2026-10-07,Wrong Item
T20250149036,P0269,2026-07-12,Wrong Item
T20260136311,P0237,2026-01-09,Customer Changed Mind
T20260103348,P0308,2026-12-13,Customer Changed Mind
T20260062944,P0128,2026-01-17,Damaged
T20250015202,P0016,2025-10-01,Wrong Item
T20250063625,P0297,2026-12-30,Customer Changed Mind
T20260143928,P0183,2026-06-15,Damaged
T20260131525,P0187,2025-02-23,Customer Changed Mind
T20250116045,P0132,2025-02-24,Damaged
T20260056116,P0418,2025-03-22,Customer Changed Mind
T20260037166,P0391,2026-06-14,Wrong Item
T20260031314,P0317,2026-05-12,Customer Changed Mind
T20250099460,P0231,2025-07-14,Wrong Item
T20260130907,P0254,2025-03-30,Customer Changed Mind
T20250040839,P0148,2025-08-19,Wrong Item
T20260139505,P0391,2025-04-18,Damaged
T20260073434,P0243,2025-08-12,Customer Changed Mind
T20260066843,P0413,2025-11-03,Wrong Item
T20260107532,P0361,2026-09-12,Damaged
T20260065458,P0096,2026-12-27,Damaged
T20260051256,P0254,2025-12-16,Wrong Item
T20260119671,P0093,2026-01-31,Customer Changed Mind
T20260083800,P0016,2025-12-13,Wrong Item
T20260064261,P0168,2026-05-19,Customer Changed Mind
T20250028385,P0097,2025-06-16,Wrong Item
T20260008226,P0015,2025-03-26,Damaged
T20260087448,P0472,2025-12-21,Damaged
T20260059335,P0466,2026-04-14,Damaged
T20260047700,P0022,2025-04-09,Damaged
T20250086763,P0388,2026-06-27,Damaged
T20250098581,P0136,2026-11-30,Damaged
T20250122539,P0096,2026-02-16,Customer Changed Mind
T20250035144,P0259,2026-03-06,Customer Changed Mind
T20260117425,P0388,2026-06-29,Customer Changed Mind
T20250001411,P0415,2026-06-20,Wrong Item
T20260071526,P0363,2025-06-16,Damaged
T20260080436,P0483,2025-04-03,Wrong Item
T20260120988,P0397,2025-01-27,Damaged
T20260082375,P0173,2025-02-06,Customer Changed Mind
T20260068354,P0089,2026-09-01,Damaged
T20250001040,P0206,2026-05-26,Damaged
T20260002417,P0199,2026-10-08,Wrong Item
T20260084916,P0049,2026-07-31,Wrong Item
T20260048126,P0216,2026-10-13,Customer Changed Mind
T20250096693,P0410,2026-10-06,Customer Changed Mind
T20260124685,P0463,2025-04-29,Wrong Item
T20260035178,P0336,2026-03-13,Damaged
T20260059433,P0410,2025-11-12,Damaged
T20250105974,P0189,2026-01-28,Wrong Item
T20260059868,P0252,2025-01-26,Damaged
T20250094770,P0298,2026-10-20,Customer Changed Mind
T20250114250,P0293,2025-07-18,Wrong Item
T20260111163,P0235,2026-09-15,Wrong Item
T20260053030,P0042,2025-02-20,Damaged
T20250110112,P0239,2026-07-13,Wrong Item
T20260113624,P0196,2025-05-24,Customer Changed Mind
T20250109901,P0259,2025-04-15,Customer Changed Mind
T20250148986,P0134,2026-12-15,Damaged
T20260026439,P0219,2025-05-06,Damaged
T20250006383,P0481,2026-11-20,Customer Changed Mind
T20250036493,P0340,2026-10-07,Wrong Item
T20260059587,P0027,2025-04-24,Wrong Item
T20260004301,P0095,2025-09-23,Customer Changed Mind
T20250110044,P0407,2025-05-17,Damaged
T20250031175,P0360,2026-03-07,Customer Changed Mind
T20250094603,P0117,2026-08-04,Damaged
T20250014973,P0134,2026-03-23,Customer Changed Mind
T20250038120,P0127,2025-12-20,Customer Changed Mind
T20260058367,P0168,2025-11-12,Damaged
T20250004039,P0041,2026-10-18,Damaged
T20250033265,P0408,2025-11-07,Customer Changed Mind
T20250095565,P0370,2026-01-26,Customer Changed Mind
T20250023978,P0097,2026-06-12,Damaged
T20260101105,P0022,2026-05-02,Damaged
T20260146005,P0394,2026-09-03,Wrong Item
T20260077721,P0287,2025-01-05,Wrong Item
T20260147494,P0084,2026-08-08,Wrong Item
T20260133595,P0134,2025-03-14,Customer Changed Mind
T20250109763,P0418,2026-01-06,Damaged
T20250096310,P0483,2025-11-06,Damaged
T20260134402,P0479,2025-08-19,Wrong Item
T20250093529,P0414,2025-12-09,Customer Changed Mind
T20260107878,P0237,2025-12-27,Wrong Item
T20250059594,P0230,2026-11-13,Damaged
T20260099586,P0231,2025-10-13,Wrong Item
T20260138810,P0457,2025-04-30,Customer Changed Mind
T20260021722,P0293,2025-04-22,Customer Changed Mind
T20260091817,P0049,2026-09-13,Damaged
T20250123755,P0097,2025-05-01,Wrong Item
T20250067814,P0320,2026-11-27,Customer Changed Mind
T20250131454,P0244,2025-10-08,Customer Changed Mind
T20260034741,P0190,2025-11-08,Customer Changed Mind
T20260056969,P0172,2025-04-10,Damaged
T20260073742,P0218,2025-12-03,Damaged
T20250031841,P0401,2026-06-28,Wrong Item
T20250069096,P0255,2025-02-27,Wrong Item
T20250031529,P0468,2025-09-05,Customer Changed Mind
T20250073486,P0249,2025-01-05,Customer Changed Mind
T20250139356,P0223,2026-10-27,Wrong Item
T20260012063,P0300,2025-08-14,Damaged
T20260059208,P0278,2026-08-18,Customer Changed Mind
T20250031299,P0335,2026-02-14,Customer Changed Mind
T20260085240,P0042,2026-03-18,Damaged
T20250145589,P0445,2025-01-06,Wrong Item
T20260050641,P0439,2026-02-05,Customer Changed Mind
T20250118752,P0479,2025-01-22,Damaged
T20260070245,P0448,2025-01-10,Wrong Item
T20250085094,P0004,2026-03-10,Customer Changed Mind
T20260053782,P0098,2025-03-22,Damaged
T20260114066,P0021,2026-11-30,Damaged
T20250084729,P0027,2025-08-24,Wrong Item
T20260062496,P0222,2026-05-15,Customer Changed Mind
T20250048858,P0121,2025-08-09,Customer Changed Mind
T20260045861,P0029,2026-01-26,Wrong Item
T20250109051,P0470,2026-02-21,Wrong Item
T20250047412,P0457,2026-09-22,Wrong Item
T20250119628,P0413,2026-09-26,Wrong Item
T20260047138,P0462,2026-07-23,Damaged
T20260040565,P0297,2026-06-03,Customer Changed Mind
T20260000770,P0078,2026-10-05,Customer Changed Mind
T20250005542,P0269,2026-03-12,Damaged
T20250030546,P0232,2026-11-02,Damaged
T20250100518,P0185,2026-04-03,Damaged
T20250033356,P0294,2025-09-28,Customer Changed Mind
T20250075109,P0151,2026-06-19,Wrong Item
T20250068999,P0179,2026-11-24,Customer Changed Mind
T20250046141,P0495,2025-05-29,Damaged
T20250058718,P0293,2025-11-20,Damaged
T20250134617,P0371,2026-10-13,Wrong Item
T20260125025,P0175,2025-08-03,Customer Changed Mind
T20250139250,P0444,2026-12-30,Customer Changed Mind
T20250092369,P0426,2026-05-01,Wrong Item
T20250102117,P0187,2025-06-26,Damaged
T20250028767,P0255,2026-09-10,Wrong Item
T20250113582,P0188,2025-07-25,Customer Changed Mind
T20260043911,P0394,2025-05-20,Wrong Item
T20250098366,P0445,2025-04-01,Wrong Item
T20250122222,P0450,2026-08-02,Wrong Item
T20260118484,P0265,2025-11-09,Damaged
T20250137576,P0307,2025-03-24,Customer Changed Mind
T20250122260,P0220,2025-10-13,Damaged
T20260033764,P0002,2025-04-10,Wrong Item
T20260069307,P0051,2026-12-02,Damaged
T20250104963,P0172,2026-12-05,Wrong Item
T20260068034,P0403,2026-10-14,Wrong Item
T20260011736,P0181,2025-08-07,Wrong Item
T20260029259,P0437,2025-04-26,Damaged
T20260077815,P0435,2026-03-29,Damaged
T20260038705,P0410,2025-05-17,Wrong Item
T20260134804,P0265,2026-08-12,Damaged
T20250068559,P0403,2026-03-30,Damaged
T20250092741,P0131,2026-09-06,Damaged
T20250010598,P0378,2025-09-05,Wrong Item
T20250071272,P0005,2026-01-06,Wrong Item
T20260079291,P0058,2026-05-07,Customer Changed Mind
T20260070588,P0360,2025-01-26,Wrong Item
T20250034125,P0140,2025-03-25,Damaged
T20250025444,P0321,2026-07-06,Damaged
T20260020510,P0399,2026-08-28,Customer Changed Mind
T20250137551,P0379,2026-03-27,Wrong Item
T20260124076,P0002,2026-06-28,Damaged
T20260033798,P0395,2025-11-07,Customer Changed Mind
T20250131829,P0137,2025-04-22,Wrong Item
T20250107315,P0149,2026-08-25,Wrong Item
T20250032213,P0181,2026-06-10,Damaged
T20250088513,P0024,2025-06-09,Damaged
T20260123722,P0135,2025-04-16,Damaged
T20260066478,P0018,2025-05-12,Wrong Item
T20250112685,P0018,2025-04-26,Damaged
T20260079265,P0400,2026-12-02,Wrong Item
T20260106530,P0007,2025-12-11,Customer Changed Mind
T20250146410,P0192,2025-01-11,Customer Changed Mind
T20250055470,P0483,2026-11-10,Damaged
T20250069984,P0367,2025-07-29,Damaged
T20260141873,P0085,2026-04-16,Damaged
T20260016092,P0037,2025-08-11,Customer Changed Mind
T20260073258,P0046,2025-03-21,Damaged
T20250040427,P0031,2025-10-12,Customer Changed Mind
T20250046668,P0178,2025-08-12,Wrong Item
T20250110718,P0155,2026-04-26,Damaged
T20260061933,P0226,2026-08-28,Wrong Item
T20260079595,P0317,2026-02-12,Customer Changed Mind
T20250106902,P0120,2025-07-05,Damaged
T20260019338,P0479,2025-11-18,Wrong Item
T20260054587,P0115,2026-12-02,Damaged
T20260051731,P0259,2025-09-08,Damaged
T20250137274,P0484,2025-05-26,Damaged
T20260026267,P0157,2026-11-02,Damaged
T20260060444,P0267,2025-10-10,Customer Changed Mind
T20260133388,P0405,2025-07-29,Customer Changed Mind
T20260093204,P0205,2025-11-24,Customer Changed Mind
T20260070794,P0092,2025-10-27,Wrong Item
T20260006382,P0118,2026-04-06,Customer Changed Mind
T20260062341,P0482,2025-07-20,Damaged
T20260138041,P0337,2026-08-09,Wrong Item
T20260048235,P0500,2026-10-16,Wrong Item
T20250104474,P0186,2025-10-18,Damaged
T20250053706,P0022,2025-05-11,Wrong Item
T20260036967,P0040,2026-09-12,Damaged
T20250108418,P0463,2025-09-02,Damaged
T20260116856,P0178,2026-01-08,Customer Changed Mind
T20250112045,P0102,2025-12-19,Damaged
T20250129406,P0459,2025-05-30,Damaged
T20260052970,P0257,2025-01-31,Wrong Item
T20260145415,P0431,2026-06-14,Customer Changed Mind
T20250048670,P0324,2025-04-10,Damaged
T20250094682,P0008,2025-11-03,Damaged
T20260144224,P0200,2026-10-01,Customer Changed Mind
T20260106822,P0460,2026-01-27,Wrong Item
T20250093112,P0121,2026-02-25,Customer Changed Mind
T20250128954,P0047,2025-11-27,Customer Changed Mind
T20260095675,P0197,2026-09-12,Customer Changed Mind
T20250136283,P0041,2026-11-16,Damaged
T20260084700,P0276,2025-12-16,Wrong Item
T20250101689,P0118,2026-05-15,Wrong Item
T20260064673,P0085,2025-02-21,Damaged
T20260128926,P0426,2025-11-16,Wrong Item
T20250039275,P0459,2025-05-05,Wrong Item
T20260114965,P0423,2025-03-27,Customer Changed Mind
T20250146469,P0340,2025-02-19,Wrong Item
T20260132208,P0128,2026-12-28,Wrong Item
T20260066756,P0152,2025-08-03,Damaged
T20250017563,P0383,2026-12-13,Damaged
T20260040005,P0427,2026-04-28,Wrong Item
T20260090658,P0323,2026-03-30,Damaged
T20250145615,P0240,2026-01-06,Customer Changed Mind
T20250097358,P0385,2025-01-16,Customer Changed Mind
T20260129752,P0047,2026-06-25,Damaged
T20260145206,P0372,2025-08-12,Damaged
T20260116472,P0244,2026-09-18,Customer Changed Mind
T20260019428,P0423,2026-10-22,Customer Changed Mind
T20260078649,P0287,2026-02-09,Damaged
T20250089260,P0022,2026-05-08,Wrong Item
T20260078791,P0267,2026-05-08,Damaged
T20250121917,P0151,2025-12-15,Wrong Item
T20260118240,P0060,2025-10-06,Customer Changed Mind
T20260116052,P0443,2025-03-28,Damaged
T20260148462,P0213,2025-10-31,Damaged
T20250078167,P0182,2026-06-14,Wrong Item
T20260012158,P0004,2025-12-12,Wrong Item
T20260022426,P0378,2026-12-22,Damaged
T20260064550,P0445,2026-09-13,Customer Changed Mind
T20250096514,P0266,2026-08-14,Wrong Item
T20250106110,P0255,2026-07-08,Damaged
T20260072665,P0469,2026-11-15,Damaged
T20250076428,P0308,2025-01-13,Customer Changed Mind
T20250140588,P0358,2025-10-13,Damaged
T20260053269,P0287,2026-03-07,Customer Changed Mind
T20250144761,P0453,2025-11-07,Damaged
T20250049719,P0470,2025-10-28,Damaged
T20250101269,P0017,2026-04-10,Wrong Item
T20250007958,P0003,2026-01-20,Damaged
T20260095634,P0494,2026-11-02,Customer Changed Mind
T20250113498,P0088,2026-01-29,Customer Changed Mind
T20260050725,P0004,2025-05-22,Customer Changed Mind
T20260011211,P0427,2025-10-19,Wrong Item
T20260111837,P0395,2026-01-16,Customer Changed Mind
T20260149904,P0189,2026-10-11,Customer Changed Mind
T20250016404,P0331,2026-07-28,Wrong Item
T20260108297,P0077,2026-12-16,Damaged
T20250018291,P0246,2025-06-25,Damaged
T20260094673,P0270,2025-06-04,Damaged
T20250136569,P0352,2026-08-21,Wrong Item
T20260012141,P0125,2026-10-23,Customer Changed Mind
T20250091211,P0277,2026-04-15,Customer Changed Mind
T20250104163,P0172,2026-09-01,Customer Changed Mind
T20250142965,P0225,2025-08-19,Damaged
T20250135588,P0477,2026-01-28,Customer Changed Mind
T20250101190,P0475,2025-12-21,Damaged
T20260049834,P0232,2026-12-20,Customer Changed Mind
T20260079770,P0425,2025-04-30,Wrong Item
T20260038793,P0479,2026-01-31,Customer Changed Mind
T20260070249,P0077,2025-02-21,Damaged
T20250123724,P0185,2026-07-22,Wrong Item
T20260038570,P0080,2026-10-02,Customer Changed Mind
T20260034237,P0140,2025-09-07,Wrong Item
T20250141421,P0317,2025-12-09,Wrong Item
T20250115602,P0036,2025-02-11,Wrong Item
T20250072267,P0382,2026-02-19,Damaged
T20250138750,P0377,2026-03-01,Wrong Item
T20260146249,P0174,2025-01-02,Damaged
T20260013260,P0292,2025-05-25,Customer Changed Mind
T20250014096,P0434,2025-09-04,Customer Changed Mind
T20260064771,P0388,2026-11-23,Customer Changed Mind
T20250018040,P0096,2026-10-04,Wrong Item
T20260011985,P0011,2025-09-02,Wrong Item
T20260113872,P0266,2025-10-21,Customer Changed Mind
T20260053964,P0468,2025-11-26,Damaged
T20250040337,P0489,2025-11-20,Wrong Item
T20260140092,P0256,2025-05-24,Wrong Item
T20250137346,P0231,2026-03-04,Customer Changed Mind
T20260012058,P0193,2025-03-01,Customer Changed Mind
T20260089300,P0300,2026-01-02,Customer Changed Mind
T20250031672,P0392,2025-02-14,Customer Changed Mind
T20250079508,P0487,2026-09-01,Wrong Item
T20250136653,P0214,2025-02-13,Damaged
T20250008943,P0485,2026-02-07,Customer Changed Mind
T20250096179,P0337,2026-09-28,Customer Changed Mind
T20250129751,P0498,2026-07-31,Wrong Item
T20250119022,P0363,2025-06-16,Wrong Item
T20250092147,P0079,2025-06-06,Customer Changed Mind
T20250115167,P0380,2026-01-13,Wrong Item
T20260103453,P0220,2025-04-28,Damaged
T20250117371,P0334,2026-04-04,Customer Changed Mind
T20250009264,P0441,2026-09-02,Wrong Item
T20250051509,P0267,2026-06-05,Wrong Item
T20250095043,P0338,2025-05-26,Customer Changed Mind
T20260081763,P0034,2026-07-14,Customer Changed Mind
T20250109818,P0087,2026-05-31,Customer Changed Mind
T20250112088,P0470,2025-03-14,Damaged
T20250064716,P0438,2025-01-24,Damaged
T20260132253,P0318,2026-01-07,Customer Changed Mind
T20250120610,P0231,2025-03-06,Wrong Item
T20250115198,P0476,2025-01-21,Wrong Item
T20250026490,P0394,2026-05-30,Damaged
T20250129206,P0021,2025-06-09,Customer Changed Mind
T20250083192,P0192,2025-01-28,Customer Changed Mind
T20260144872,P0331,2026-06-13,Damaged
T20250101291,P0472,2026-11-09,Damaged
T20250097589,P0406,2026-02-10,Customer Changed Mind
T20260140266,P0058,2026-07-01,Damaged
T20250140911,P0403,2026-07-22,Damaged
T20260124897,P0190,2026-11-06,Wrong Item
T20250028445,P0321,2025-04-26,Damaged
T20250014438,P0470,2026-06-16,Damaged
T20250145317,P0278,2025-12-22,Customer Changed Mind
T20250022983,P0365,2026-08-02,Customer Changed Mind
T20250093986,P0019,2025-04-14,Customer Changed Mind
T20260082786,P0402,2026-06-22,Wrong Item
T20260033339,P0394,2025-04-29,Damaged
T20260038353,P0076,2025-11-20,Customer Changed Mind
T20260060914,P0168,2026-05-31,Wrong Item
T20250079121,P0433,2025-06-04,Customer Changed Mind
T20260134383,P0171,2026-07-01,Customer Changed Mind
T20260010923,P0349,2025-10-30,Damaged
T20250099539,P0189,2026-04-04,Damaged
T20260010654,P0446,2025-01-22,Damaged
T20260103473,P0118,2025-09-05,Customer Changed Mind
T20250073100,P0029,2026-08-06,Damaged
T20260101888,P0432,2026-12-23,Customer Changed Mind
T20260075002,P0220,2026-10-19,Customer Changed Mind
T20260017907,P0124,2026-10-12,Wrong Item
T20250003749,P0401,2026-11-18,Damaged
T20250018615,P0052,2025-02-26,Wrong Item
T20250046479,P0136,2025-11-16,Customer Changed Mind
T20260056024,P0212,2025-02-27,Customer Changed Mind
T20250034098,P0370,2026-04-14,Damaged
T20250058947,P0387,2025-07-05,Wrong Item
T20250062305,P0206,2026-10-21,Wrong Item
T20260006856,P0238,2025-10-02,Damaged
T20260084282,P0464,2025-11-14,Customer Changed Mind
T20260114089,P0244,2026-06-01,Customer Changed Mind
T20260003414,P0379,2025-11-08,Customer Changed Mind
T20250027860,P0348,2026-08-18,Customer Changed Mind
T20250054979,P0274,2026-10-19,Customer Changed Mind
T20260130815,P0146,2026-12-27,Damaged
T20250028374,P0068,2026-06-03,Damaged
T20260079955,P0168,2025-11-27,Damaged
T20260131325,P0336,2026-01-16,Wrong Item
T20260087492,P0021,2026-10-14,Customer Changed Mind
T20260096097,P0194,2025-12-22,Customer Changed Mind
T20260023910,P0402,2025-03-08,Wrong Item
T20260035330,P0212,2026-04-13,Damaged
T20260123469,P0245,2026-08-05,Damaged
T20250135578,P0373,2026-11-09,Damaged
T20260109804,P0209,2025-12-31,Wrong Item
T20250111743,P0015,2025-04-27,Wrong Item
T20250103430,P0312,2025-01-10,Customer Changed Mind
T20260088508,P0164,2026-02-06,Damaged
T20250022619,P0070,2025-01-25,Damaged
T20250014771,P0295,2026-01-30,Customer Changed Mind
T20250009226,P0357,2025-03-24,Damaged
T20260139066,P0363,2025-05-29,Customer Changed Mind
T20260024250,P0302,2025-03-02,Customer Changed Mind
T20260050499,P0310,2025-01-19,Damaged
T20250065707,P0056,2026-08-17,Customer Changed Mind
T20260101179,P0495,2026-11-17,Wrong Item
T20260066976,P0362,2026-01-05,Damaged
T20260065001,P0421,2025-11-09,Wrong Item
T20250143700,P0357,2025-06-03,Customer Changed Mind
T20250068787,P0482,2026-03-23,Wrong Item
T20250120615,P0051,2025-02-10,Customer Changed Mind
T20260088763,P0049,2025-08-26,Wrong Item
T20250111072,P0471,2025-11-02,Damaged
T20250101238,P0320,2026-09-07,Wrong Item
T20260020685,P0079,2025-02-20,Damaged
T20260052130,P0178,2026-09-09,Wrong Item
T20250082575,P0275,2026-09-20,Customer Changed Mind
T20250135281,P0085,2026-02-05,Damaged
T20260086260,P0093,2026-08-12,Wrong Item
T20260045303,P0370,2025-01-24,Customer Changed Mind
T20260029725,P0066,2025-12-11,Customer Changed Mind
T20250056835,P0218,2025-08-23,Customer Changed Mind
T20260124105,P0151,2026-09-08,Wrong Item
T20250087225,P0463,2026-11-10,Damaged
T20260067773,P0018,2026-06-21,Wrong Item
T20260087562,P0097,2025-04-26,Wrong Item
T20260018431,P0257,2025-01-08,Damaged
T20250019447,P0471,2025-06-28,Damaged
T20260118135,P0106,2025-07-17,Wrong Item
T20260113208,P0010,2025-06-05,Wrong Item
T20250139745,P0472,2026-05-29,Wrong Item
T20250085245,P0236,2026-07-23,Damaged
T20250095828,P0205,2025-11-08,Customer Changed Mind
T20250084680,P0172,2025-12-10,Damaged
T20250144801,P0049,2025-02-23,Customer Changed Mind
T20260107272,P0307,2026-09-05,Customer Changed Mind
T20260036614,P0211,2025-12-10,Wrong Item
T20260093265,P0479,2025-02-18,Wrong Item
T20260146315,P0212,2026-12-16,Customer Changed Mind
T20250072994,P0112,2025-03-14,Customer Changed Mind
T20260136232,P0067,2026-01-07,Customer Changed Mind
T20260035444,P0027,2025-02-05,Damaged
T20250119986,P0287,2026-08-09,Damaged
T20260126823,P0396,2025-03-13,Damaged
T20260037459,P0197,2025-11-12,Damaged
T20260078280,P0294,2026-09-07,Damaged
T20260123410,P0212,2025-11-18,Customer Changed Mind
T20250015943,P0428,2026-07-08,Customer Changed Mind
T20260048103,P0016,2025-04-02,Wrong Item
T20250001462,P0196,2026-06-25,Customer Changed Mind
T20260015939,P0300,2026-01-16,Damaged
T20250048949,P0320,2025-11-18,Customer Changed Mind
T20250114596,P0226,2025-01-16,Customer Changed Mind
T20260041850,P0171,2026-10-12,Wrong Item
T20250076466,P0322,2025-10-20,Customer Changed Mind
T20260102379,P0148,2025-04-04,Wrong Item
T20260096742,P0185,2026-06-06,Damaged
T20250075131,P0276,2025-08-30,Damaged
T20250001949,P0240,2026-11-10,Wrong Item
T20260131426,P0378,2026-12-01,Damaged
T20250105105,P0380,2025-02-08,Damaged
T20260067362,P0428,2025-07-14,Damaged
T20260148982,P0413,2025-06-14,Customer Changed Mind
T20250060183,P0034,2025-12-28,Damaged
T20250017209,P0298,2025-11-19,Wrong Item
T20250005785,P0384,2025-05-11,Damaged
T20260120502,P0420,2025-04-11,Customer Changed Mind
T20260057828,P0238,2025-07-04,Customer Changed Mind
T20250005044,P0086,2026-12-26,Wrong Item
T20260018319,P0054,2025-07-24,Wrong Item
T20260082803,P0217,2025-09-20,Customer Changed Mind
T20260135144,P0116,2025-10-04,Customer Changed Mind
T20250021700,P0110,2025-02-13,Customer Changed Mind
T20260052030,P0348,2025-07-04,Wrong Item
T20260045139,P0146,2026-11-13,Customer Changed Mind
T20250059682,P0053,2026-06-26,Damaged
T20260001022,P0103,2025-06-27,Customer Changed Mind
T20260138739,P0033,2025-05-13,Customer Changed Mind
T20250111762,P0028,2025-08-25,Customer Changed Mind
T20260024202,P0283,2026-12-07,Wrong Item
T20250055853,P0327,2026-02-01,Damaged
T20250131340,P0037,2025-01-07,Wrong Item
T20250055738,P0468,2025-10-30,Wrong Item
T20260090311,P0135,2025-05-22,Customer Changed Mind
T20250089901,P0032,2026-01-09,Wrong Item
T20250101571,P0163,2026-01-10,Customer Changed Mind
T20260050989,P0451,2025-11-30,Customer Changed Mind
T20250049405,P0084,2026-05-26,Wrong Item
T20250101521,P0231,2025-10-02,Wrong Item
T20260140956,P0243,2025-05-18,Wrong Item
T20250122892,P0180,2025-08-13,Wrong Item
T20260067602,P0303,2025-08-07,Customer Changed Mind
T20260029183,P0236,2025-02-19,Wrong Item
T20250054483,P0259,2026-09-23,Customer Changed Mind
T20260102880,P0102,2026-06-18,Customer Changed Mind
T20250113345,P0399,2025-11-07,Customer Changed Mind
T20260127807,P0448,2025-10-10,Damaged
T20250022519,P0318,2025-01-20,Customer Changed Mind
T20260001650,P0473,2026-07-05,Damaged
T20250023509,P0064,2025-09-14,Wrong Item
T20250136781,P0002,2025-03-12,Customer Changed Mind
T20250079614,P0180,2025-10-11,Wrong Item
T20250037194,P0191,2025-11-16,Damaged
T20260053589,P0238,2026-04-09,Customer Changed Mind
T20250027801,P0264,2026-12-25,Damaged
T20250077526,P0157,2025-11-04,Wrong Item
T20260058043,P0290,2025-11-20,Customer Changed Mind
T20260039615,P0240,2026-09-05,Customer Changed Mind
T20250104547,P0257,2026-01-30,Customer Changed Mind
T20260114615,P0243,2026-05-12,Wrong Item
T20250037294,P0158,2025-11-07,Wrong Item
T20260091931,P0432,2025-09-19,Wrong Item
T20260024890,P0098,2025-05-09,Wrong Item
T20250127672,P0484,2025-12-31,Customer Changed Mind
T20260064087,P0254,2026-08-15,Customer Changed Mind
T20260069341,P0376,2025-04-01,Damaged
T20250082623,P0012,2026-01-26,Customer Changed Mind
T20260095689,P0026,2025-07-19,Wrong Item
T20250107595,P0316,2026-12-06,Customer Changed Mind
T20260002221,P0366,2025-05-20,Customer Changed Mind
T20260003119,P0427,2026-06-21,Wrong Item
T20250125490,P0327,2025-11-17,Damaged
T20260109581,P0305,2026-06-01,Customer Changed Mind
T20250051634,P0409,2025-06-25,Wrong Item
T20250127496,P0029,2026-05-25,Damaged
T20260097490,P0135,2026-04-29,Wrong Item
T20260061088,P0404,2026-04-01,Customer Changed Mind
T20250119702,P0302,2025-03-26,Damaged
T20260068307,P0321,2026-11-20,Wrong Item
T20260113044,P0217,2025-01-23,Damaged
T20260021368,P0298,2026-09-17,Wrong Item
T20250003727,P0093,2026-01-04,Wrong Item
T20260094165,P0014,2026-07-07,Customer Changed Mind
T20250111100,P0234,2025-07-13,Wrong Item
T20260035583,P0134,2026-08-14,Damaged
T20250062689,P0391,2025-06-26,Wrong Item
T20250007077,P0094,2026-01-18,Damaged
T20250072294,P0178,2026-02-11,Customer Changed Mind
T20250098898,P0239,2026-07-17,Customer Changed Mind
T20250139620,P0336,2026-12-24,Customer Changed Mind
T20260133797,P0285,2026-08-30,Wrong Item
T20260146277,P0078,2026-11-16,Customer Changed Mind
T20250129820,P0370,2025-04-28,Wrong Item
T20250111393,P0173,2025-05-01,Customer Changed Mind
T20250071306,P0180,2025-06-13,Customer Changed Mind
T20250115491,P0393,2026-11-05,Customer Changed Mind
T20250066340,P0058,2025-02-24,Customer Changed Mind
T20260011125,P0433,2026-10-31,Wrong Item
T20250046729,P0045,2025-12-03,Wrong Item
T20250136113,P0125,2026-10-09,Customer Changed Mind
T20250103271,P0263,2025-12-26,Wrong Item
T20250015620,P0286,2025-10-02,Damaged
T20250066932,P0301,2026-07-26,Customer Changed Mind
T20260032907,P0078,2025-05-31,Damaged
T20250011672,P0484,2026-09-23,Damaged
T20250106277,P0211,2025-03-21,Wrong Item
T20250141479,P0318,2026-03-12,Wrong Item
T20250034838,P0442,2025-05-19,Damaged
T20250078989,P0160,2025-04-22,Wrong Item
T20260042563,P0059,2025-09-25,Damaged
T20250100729,P0399,2025-08-07,Damaged
T20260032501,P0474,2026-01-21,Customer Changed Mind
T20250031597,P0214,2026-04-30,Customer Changed Mind
T20250074012,P0123,2025-04-04,Customer Changed Mind
T20260011438,P0338,2025-03-19,Customer Changed Mind
T20250015439,P0421,2025-10-29,Wrong Item
T20260032037,P0201,2025-05-26,Customer Changed Mind
T20250011096,P0340,2026-05-29,Damaged
T20260145798,P0340,2026-11-11,Damaged
T20260076141,P0176,2026-02-13,Wrong Item
T20250112771,P0048,2025-10-19,Customer Changed Mind
T20260037687,P0255,2025-07-13,Wrong Item
T20260000919,P0177,2026-06-27,Wrong Item
T20260014566,P0073,2026-08-24,Wrong Item
T20260075345,P0267,2026-06-29,Customer Changed Mind
T20250037801,P0003,2025-11-13,Wrong Item
T20250134768,P0186,2025-01-28,Damaged
T20260035380,P0235,2025-06-16,Customer Changed Mind
T20260124189,P0232,2026-09-07,Wrong Item
T20250031543,P0245,2025-06-12,Damaged
T20260030891,P0412,2026-08-20,Damaged
T20260146251,P0460,2026-06-20,Customer Changed Mind
T20260142457,P0301,2026-05-06,Damaged
T20250008115,P0259,2026-03-17,Damaged
T20250141300,P0423,2025-09-18,Damaged
T20250090178,P0440,2025-04-06,Damaged
T20260082534,P0287,2026-08-20,Customer Changed Mind
T20250089503,P0060,2025-11-13,Wrong Item
T20250087003,P0429,2025-11-14,Wrong Item
T20250038623,P0392,2025-07-24,Customer Changed Mind
T20260093903,P0039,2025-06-11,Customer Changed Mind
T20250095423,P0290,2025-03-18,Wrong Item
T20250104845,P0063,2025-12-27,Customer Changed Mind
T20250105430,P0071,2025-06-02,Wrong Item
T20250045039,P0271,2026-09-10,Damaged
T20250097499,P0411,2025-04-30,Damaged
T20250132219,P0170,2026-08-26,Wrong Item
T20260102742,P0230,2025-06-23,Wrong Item
T20250056541,P0066,2026-11-26,Damaged
T20250075481,P0151,2025-10-25,Wrong Item
T20250031268,P0003,2026-08-29,Customer Changed Mind
T20250102150,P0437,2025-03-09,Customer Changed Mind
T20250015504,P0416,2025-10-07,Customer Changed Mind
T20250103354,P0437,2026-10-22,Customer Changed Mind
T20250060226,P0349,2025-01-18,Wrong Item
T20250047636,P0438,2026-11-11,Wrong Item
T20260033620,P0076,2025-05-08,Damaged
T20260114032,P0084,2026-03-03,Customer Changed Mind
T20260000681,P0131,2025-03-20,Wrong Item
T20250139713,P0427,2026-05-01,Wrong Item
T20250140020,P0069,2025-05-15,Customer Changed Mind
T20260049724,P0296,2025-05-13,Wrong Item
T20260110077,P0430,2025-02-25,Customer Changed Mind
T20250098646,P0384,2025-01-03,Wrong Item
T20250000118,P0083,2025-07-24,Wrong Item
T20260014001,P0222,2026-09-22,Damaged
T20250145638,P0052,2026-06-02,Damaged
T20250092409,P0434,2026-01-19,Customer Changed Mind
T20260009416,P0416,2026-08-31,Damaged
T20260044958,P0195,2026-02-05,Wrong Item
T20260129153,P0309,2026-01-23,Wrong Item
T20250124712,P0120,2025-01-02,Customer Changed Mind
T20250133774,P0288,2026-03-31,Wrong Item
T20260030757,P0007,2025-08-08,Customer Changed Mind
T20250084567,P0461,2025-09-11,Wrong Item
T20260038407,P0109,2025-07-04,Customer Changed Mind
T20250113281,P0442,2026-10-10,Customer Changed Mind
T20260102748,P0108,2026-09-13,Damaged
T20250021511,P0026,2026-07-08,Customer Changed Mind
T20260110445,P0124,2025-06-13,Damaged
T20260018914,P0214,2026-02-28,Customer Changed Mind
T20260001206,P0372,2026-05-16,Wrong Item
T20250110929,P0346,2026-04-19,Damaged
T20250029279,P0344,2026-07-14,Wrong Item
T20250105360,P0297,2025-06-11,Damaged
T20260113286,P0106,2026-07-03,Customer Changed Mind
T20260099844,P0303,2026-10-15,Damaged
T20250005706,P0498,2026-02-21,Customer Changed Mind
T20260022908,P0001,2025-07-02,Wrong Item
T20250098501,P0300,2026-11-17,Customer Changed Mind
T20260125742,P0354,2025-05-04,Damaged
T20260076701,P0475,2026-11-17,Wrong Item
T20260070127,P0366,2026-06-03,Wrong Item
T20260045731,P0463,2026-09-19,Customer Changed Mind
T20260022190,P0335,2026-05-15,Customer Changed Mind
T20260119529,P0143,2025-11-30,Wrong Item
T20250049298,P0046,2026-08-02,Wrong Item
T20260010753,P0420,2025-09-07,Wrong Item
T20250100724,P0099,2026-10-01,Customer Changed Mind
T20250049237,P0433,2025-01-21,Damaged
T20250127541,P0425,2026-03-05,Customer Changed Mind
T20250119537,P0446,2025-04-03,Customer Changed Mind
T20250027761,P0071,2026-07-17,Damaged
T20260149921,P0216,2026-02-21,Damaged
T20250124625,P0333,2025-04-25,Damaged
T20260005962,P0351,2025-10-30,Customer Changed Mind
T20250118537,P0412,2026-07-26,Customer Changed Mind
T20250097321,P0237,2026-05-20,Wrong Item
T20260034923,P0158,2025-07-29,Customer Changed Mind
T20260058918,P0001,2026-01-22,Damaged
T20260148544,P0399,2025-01-10,Customer Changed Mind
T20260008647,P0033,2026-05-17,Wrong Item
T20260045145,P0173,2025-02-03,Wrong Item
T20250142175,P0063,2025-12-26,Wrong Item
T20250109564,P0310,2025-01-10,Customer Changed Mind
T20250000795,P0175,2025-11-02,Customer Changed Mind
T20260077319,P0134,2025-10-20,Damaged
T20260073775,P0023,2025-09-14,Damaged
T20260071758,P0169,2026-08-25,Wrong Item
T20250012678,P0415,2026-02-04,Customer Changed Mind
T20260067325,P0193,2025-04-19,Damaged
T20260119809,P0377,2026-03-14,Wrong Item
T20250052599,P0060,2026-11-15,Customer Changed Mind
T20260020256,P0102,2026-10-12,Damaged
T20260017387,P0132,2025-10-05,Wrong Item
T20260064614,P0279,2026-12-14,Wrong Item
T20260100141,P0201,2026-07-02,Damaged
T20260141200,P0379,2026-06-18,Damaged
T20260135685,P0062,2025-05-26,Damaged
T20260072367,P0218,2025-04-15,Damaged
T20250009350,P0371,2025-07-19,Customer Changed Mind
T20250014577,P0163,2026-01-26,Wrong Item
T20250121810,P0460,2026-07-19,Wrong Item
T20250025083,P0074,2025-11-24,Damaged
T20260077413,P0144,2026-09-28,Customer Changed Mind
T20260026073,P0192,2026-02-11,Customer Changed Mind
T20250053776,P0469,2026-01-21,Wrong Item
T20250051395,P0019,2025-05-29,Customer Changed Mind
T20250141253,P0309,2025-04-15,Customer Changed Mind
T20260087602,P0077,2025-04-23,Damaged
T20250018497,P0428,2026-07-14,Damaged
T20250028970,P0191,2026-05-01,Wrong Item
T20250059943,P0402,2025-01-09,Customer Changed Mind
T20260054826,P0311,2026-11-29,Customer Changed Mind
T20260147950,P0405,2026-05-20,Customer Changed Mind
T20260040756,P0466,2025-07-20,Wrong Item
T20250033932,P0483,2025-01-03,Damaged
T20250144888,P0271,2026-03-22,Wrong Item
T20260047851,P0096,2025-01-29,Customer Changed Mind
T20260147230,P0361,2026-04-24,Wrong Item
T20260027659,P0255,2025-11-03,Wrong Item
T20260031548,P0477,2026-09-21,Damaged
T20250097525,P0223,2026-05-30,Wrong Item
T20250049546,P0181,2026-05-31,Wrong Item
T20260053297,P0378,2026-04-04,Customer Changed Mind
T20250125716,P0241,2026-09-19,Damaged
T20260093270,P0134,2026-10-17,Customer Changed Mind
T20260001075,P0439,2025-02-21,Customer Changed Mind
T20260001373,P0017,2025-05-27,Customer Changed Mind
T20250023368,P0484,2025-02-19,Wrong Item
T20250052289,P0386,2025-01-14,Wrong Item
T20260050842,P0080,2025-12-21,Customer Changed Mind
T20260113535,P0164,2026-08-08,Wrong Item
T20260148442,P0494,2025-08-20,Customer Changed Mind
T20260122901,P0082,2025-03-22,Customer Changed Mind
T20250063656,P0135,2025-08-12,Wrong Item
T20260091953,P0171,2025-01-10,Wrong Item
T20250118751,P0311,2026-05-07,Wrong Item
T20260023042,P0290,2025-12-13,Damaged
T20260148389,P0213,2026-06-04,Customer Changed Mind
T20250124846,P0048,2026-06-05,Customer Changed Mind
T20250051163,P0048,2026-06-10,Customer Changed Mind
T20250092559,P0103,2025-04-16,Damaged
T20260066024,P0382,2025-05-25,Wrong Item
T20250063746,P0020,2025-06-11,Wrong Item
T20260038985,P0007,2026-05-14,Customer Changed Mind
T20260045376,P0321,2026-01-05,Customer Changed Mind
T20250061698,P0044,2025-12-18,Customer Changed Mind
T20250078256,P0352,2026-03-03,Damaged
T20260047914,P0289,2026-09-27,Damaged
T20260141054,P0238,2026-01-01,Wrong Item
T20250131856,P0139,2026-04-10,Damaged
T20260051393,P0198,2025-06-27,Wrong Item
T20260037276,P0206,2026-12-13,Wrong Item
T20250004190,P0413,2025-01-25,Customer Changed Mind
T20260008697,P0057,2025-09-22,Customer Changed Mind
T20260115690,P0150,2026-07-28,Damaged
T20260000458,P0215,2025-06-20,Damaged
T20250064312,P0359,2025-03-16,Damaged
T20260108621,P0366,2026-09-22,Damaged
T20260023486,P0012,2026-10-04,Wrong Item
T20250010102,P0028,2026-07-18,Damaged
T20250065066,P0316,2025-06-12,Damaged
T20250117940,P0395,2025-07-04,Wrong Item
T20250003288,P0240,2025-08-03,Wrong Item
T20250136157,P0426,2026-06-19,Wrong Item
T20250104651,P0425,2025-03-19,Wrong Item
T20260036705,P0354,2025-12-25,Damaged
T20260145354,P0406,2026-09-19,Customer Changed Mind
T20260014808,P0239,2026-08-09,Damaged
T20260135234,P0432,2026-08-22,Damaged
T20260024520,P0341,2025-11-25,Customer Changed Mind
T20260046893,P0185,2026-03-14,Damaged
T20250068530,P0452,2026-08-15,Customer Changed Mind
T20250022819,P0108,2026-02-07,Damaged
T20250054286,P0228,2026-07-13,Damaged
T20250074059,P0252,2026-04-02,Customer Changed Mind
T20250083513,P0001,2025-05-04,Damaged
T20260026092,P0410,2025-05-01,Damaged
T20260000828,P0287,2026-01-29,Damaged
T20260083500,P0078,2026-04-20,Damaged
T20250058166,P0073,2025-12-27,Wrong Item
T20260050849,P0446,2026-04-06,Damaged
T20260000569,P0217,2025-01-30,Customer Changed Mind
T20260091976,P0318,2026-02-04,Wrong Item
T20250045228,P0003,2025-12-11,Customer Changed Mind
T20250085644,P0235,2026-06-07,Customer Changed Mind
T20250037277,P0457,2025-01-02,Damaged
T20260118428,P0238,2026-02-25,Wrong Item
T20260030683,P0201,2025-07-01,Customer Changed Mind
T20260126029,P0476,2026-02-10,Damaged
T20260076146,P0496,2025-07-02,Customer Changed Mind
T20260143330,P0194,2025-04-15,Damaged
T20260105189,P0195,2025-06-27,Customer Changed Mind
T20250010827,P0017,2025-05-19,Wrong Item
T20250125511,P0339,2026-11-17,Wrong Item
T20250140491,P0262,2025-01-08,Damaged
T20250085436,P0074,2025-04-03,Wrong Item
T20260071208,P0491,2025-08-31,Wrong Item
T20250106782,P0035,2025-11-07,Wrong Item
T20250146584,P0014,2025-02-27,Customer Changed Mind
T20260030796,P0228,2026-02-24,Damaged
T20250045626,P0292,2026-11-24,Damaged
T20250122716,P0469,2026-08-07,Damaged
T20250049644,P0468,2025-04-15,Customer Changed Mind
T20260046468,P0453,2026-08-29,Wrong Item
T20250100845,P0064,2026-10-06,Customer Changed Mind
T20260017016,P0186,2025-05-31,Customer Changed Mind
T20260095078,P0076,2025-05-12,Wrong Item
T20260141833,P0386,2025-12-05,Damaged
T20260088822,P0154,2025-06-06,Wrong Item
T20250103993,P0217,2026-02-01,Customer Changed Mind
T20260065140,P0084,2026-08-26,Wrong Item
T20250019408,P0051,2025-12-07,Damaged
T20250127609,P0433,2026-02-17,Damaged
T20260055839,P0398,2026-04-29,Customer Changed Mind
T20250058662,P0310,2026-07-21,Wrong Item
T20260035112,P0280,2026-01-19,Wrong Item
T20250103538,P0469,2026-12-05,Customer Changed Mind
T20250033218,P0464,2025-08-03,Damaged
T20260139242,P0462,2026-04-22,Damaged
T20250146887,P0004,2025-05-17,Wrong Item
T20250106897,P0278,2026-03-23,Wrong Item
T20260136612,P0101,2026-04-02,Damaged
T20250142092,P0068,2025-05-20,Customer Changed Mind
T20260042929,P0420,2026-10-24,Wrong Item
T20250027904,P0026,2025-11-18,Damaged
T20250136598,P0368,2025-04-13,Customer Changed Mind
T20250111815,P0295,2026-04-23,Wrong Item
T20260064593,P0202,2026-10-22,Damaged
T20260121870,P0207,2026-12-23,Customer Changed Mind
T20250135315,P0414,2025-12-24,Wrong Item
T20250068194,P0171,2026-04-07,Customer Changed Mind
T20250121122,P0299,2025-06-09,Customer Changed Mind
T20260070067,P0345,2026-08-18,Damaged
T20250004795,P0247,2026-04-27,Wrong Item
T20260120623,P0102,2026-11-30,Damaged
T20260098892,P0395,2025-03-10,Customer Changed Mind
T20260143983,P0055,2025-09-21,Customer Changed Mind
T20260062919,P0151,2026-11-10,Wrong Item
T20250065168,P0356,2026-10-05,Damaged
T20260041321,P0054,2026-11-22,Customer Changed Mind
T20260000151,P0228,2025-08-23,Customer Changed Mind
T20250093675,P0420,2025-02-23,Damaged
T20260139015,P0231,2026-08-15,Damaged
T20260096875,P0407,2026-09-10,Customer Changed Mind
T20250134371,P0311,2026-06-15,Wrong Item
T20250026353,P0126,2026-10-09,Damaged
T20260100075,P0102,2025-10-18,Damaged
T20250122238,P0265,2025-08-21,Customer Changed Mind
T20250135613,P0376,2025-02-21,Damaged
T20260009060,P0297,2026-07-06,Damaged
T20250013463,P0150,2026-10-15,Wrong Item
T20260082853,P0377,2026-07-27,Customer Changed Mind
T20250069652,P0018,2025-05-20,Damaged
T20250030576,P0374,2025-05-13,Wrong Item
T20250076655,P0049,2025-08-12,Damaged
T20260046240,P0417,2026-09-07,Wrong Item
T20250028618,P0257,2025-08-08,Wrong Item
T20260033768,P0353,2025-05-30,Wrong Item
T20250089200,P0363,2025-07-09,Damaged
T20250142373,P0054,2025-11-27,Damaged
T20250055068,P0452,2026-10-30,Damaged
T20260117783,P0147,2025-04-07,Wrong Item
T20260079504,P0039,2025-02-11,Wrong Item
T20250010371,P0079,2026-02-25,Damaged
T20250039267,P0484,2025-09-02,Damaged
T20260145517,P0214,2025-02-01,Damaged
T20250136877,P0104,2026-11-12,Customer Changed Mind
T20260145564,P0109,2025-10-05,Wrong Item
T20260148089,P0056,2025-01-29,Damaged
T20260005533,P0361,2026-05-10,Customer Changed Mind
T20260032209,P0448,2026-08-29,Wrong Item
T20260114741,P0043,2026-03-04,Customer Changed Mind
T20260015059,P0106,2026-01-05,Wrong Item
T20260084599,P0358,2025-02-27,Wrong Item
T20250032540,P0347,2026-07-16,Wrong Item
T20250012865,P0117,2026-10-20,Customer Changed Mind
T20260106204,P0278,2025-03-24,Customer Changed Mind
T20250077033,P0342,2026-09-10,Customer Changed Mind
T20260095320,P0306,2025-10-01,Customer Changed Mind
T20250120109,P0065,2026-06-05,Damaged
T20260071022,P0408,2026-07-03,Damaged
T20250037492,P0380,2025-10-03,Wrong Item
T20250066606,P0227,2026-01-20,Wrong Item
T20260035040,P0452,2025-02-02,Damaged
T20250086318,P0312,2025-08-09,Damaged
T20250109110,P0096,2025-08-16,Wrong Item
T20250068838,P0002,2025-05-06,Wrong Item
T20260042440,P0208,2026-01-18,Customer Changed Mind
T20250003578,P0182,2026-09-30,Wrong Item
T20250043577,P0063,2026-08-02,Damaged
T20260139693,P0086,2025-11-24,Customer Changed Mind
T20260019244,P0168,2025-04-06,Wrong Item
T20250012540,P0312,2025-03-27,Customer Changed Mind
T20260132175,P0357,2026-06-10,Customer Changed Mind
T20260010874,P0113,2025-10-27,Wrong Item
T20250024161,P0310,2025-04-11,Wrong Item
T20260048437,P0130,2026-11-25,Damaged
T20260119832,P0177,2025-12-11,Wrong Item
T20260019213,P0431,2026-07-03,Damaged
T20260033497,P0113,2025-07-29,Damaged
T20260017128,P0391,2025-04-16,Customer Changed Mind
T20250032713,P0208,2026-08-22,Customer Changed Mind
T20260023775,P0324,2025-04-10,Wrong Item
T20250061693,P0245,2025-10-06,Customer Changed Mind
T20260045976,P0477,2026-07-08,Customer Changed Mind
T20250085610,P0063,2026-01-26,Wrong Item
T20260000854,P0265,2025-03-17,Wrong Item
T20250056382,P0337,2025-10-03,Damaged
T20260036217,P0104,2026-04-28,Wrong Item
T20250069571,P0428,2026-01-08,Wrong Item
T20260048531,P0463,2026-09-25,Damaged
T20260005131,P0129,2025-08-19,Wrong Item
T20260092214,P0212,2025-06-17,Customer Changed Mind
T20260089290,P0324,2026-05-23,Damaged
T20250090240,P0462,2026-03-03,Wrong Item
T20250085545,P0288,2026-10-03,Damaged
T20260044462,P0451,2026-12-04,Damaged
T20250107446,P0115,2025-02-23,Customer Changed Mind
T20250049818,P0173,2025-04-13,Wrong Item
T20250067517,P0098,2026-04-20,Customer Changed Mind
T20260059504,P0313,2026-03-09,Wrong Item
T20250045905,P0176,2026-01-19,Wrong Item
T20260032284,P0437,2025-03-04,Wrong Item
T20250113743,P0205,2025-12-14,Damaged
T20250056031,P0159,2025-06-01,Damaged
T20260096013,P0358,2025-03-22,Customer Changed Mind
T20260052892,P0246,2025-05-12,Wrong Item
T20250007730,P0057,2025-10-18,Wrong Item
T20260014549,P0454,2025-03-20,Customer Changed Mind
T20250062249,P0027,2025-05-20,Customer Changed Mind
T20250102957,P0146,2025-04-17,Customer Changed Mind
T20250053617,P0453,2025-07-25,Damaged
T20260127774,P0006,2025-09-08,Damaged
T20250058454,P0106,2025-12-29,Damaged
T20260086152,P0025,2026-08-30,Customer Changed Mind
T20260113930,P0105,2026-03-09,Wrong Item
T20260100586,P0133,2026-09-13,Damaged
T20260046242,P0459,2025-07-18,Wrong Item
T20260068010,P0204,2025-12-28,Wrong Item
T20260109834,P0183,2025-06-27,Wrong Item
T20260055310,P0121,2025-08-09,Damaged
T20260011193,P0457,2026-05-01,Wrong Item
T20260100959,P0344,2026-03-07,Customer Changed Mind
T20260112634,P0373,2025-10-30,Damaged
T20260111950,P0476,2025-10-05,Customer Changed Mind
T20250136604,P0038,2026-10-22,Customer Changed Mind
T20250086530,P0177,2026-11-05,Customer Changed Mind
T20250084164,P0073,2026-04-04,Wrong Item
T20250080186,P0478,2026-04-25,Customer Changed Mind
T20250046199,P0136,2025-05-12,Customer Changed Mind
T20250037437,P0302,2026-01-11,Wrong Item
T20250093992,P0074,2026-02-02,Customer Changed Mind
T20260023157,P0114,2025-08-28,Wrong Item
T20250062384,P0018,2025-01-17,Wrong Item
T20250109019,P0006,2026-07-01,Wrong Item
T20260116506,P0102,2025-09-29,Customer Changed Mind
T20260114132,P0348,2026-10-18,Wrong Item
T20250046565,P0353,2026-12-08,Customer Changed Mind
T20260030416,P0361,2026-08-28,Customer Changed Mind
T20260057043,P0253,2026-08-26,Customer Changed Mind
T20260022126,P0201,2025-03-28,Customer Changed Mind
T20260011491,P0439,2025-12-28,Customer Changed Mind
T20250063316,P0349,2025-12-21,Damaged
T20250022950,P0269,2026-05-30,Wrong Item
T20260049928,P0024,2025-08-22,Wrong Item
T20260058742,P0416,2025-12-19,Wrong Item
T20250032341,P0434,2026-06-05,Wrong Item
T20260013592,P0264,2026-05-12,Damaged
T20260061955,P0117,2026-04-17,Damaged
T20250135703,P0472,2026-07-30,Customer Changed Mind
T20260079750,P0253,2025-01-28,Customer Changed Mind
T20260126062,P0495,2026-08-12,Wrong Item
T20260042568,P0015,2026-03-31,Damaged
T20250064100,P0400,2026-03-31,Damaged
T20260005824,P0203,2025-11-10,Wrong Item
T20260117964,P0006,2026-07-19,Wrong Item
T20250123059,P0408,2026-05-04,Damaged
T20260102949,P0172,2026-07-28,Customer Changed Mind
T20250071473,P0027,2026-06-19,Customer Changed Mind
T20260143185,P0031,2026-04-06,Wrong Item
T20260112886,P0316,2025-04-12,Damaged
T20260048845,P0335,2026-09-10,Damaged
T20260082477,P0359,2026-12-13,Damaged
T20260123562,P0121,2026-06-27,Wrong Item
T20250103315,P0081,2025-07-16,Wrong Item
T20250107672,P0203,2025-06-15,Damaged
T20250125642,P0481,2026-12-11,Damaged
T20250052192,P0125,2026-12-01,Wrong Item
T20250042102,P0273,2025-10-15,Damaged
T20260090895,P0126,2025-12-27,Wrong Item
T20250145075,P0230,2025-07-17,Customer Changed Mind
T20260143058,P0427,2026-04-13,Damaged
T20250018011,P0498,2026-08-06,Damaged
T20260001461,P0264,2026-01-21,Damaged
T20260094032,P0471,2026-01-14,Wrong Item
T20250111394,P0440,2026-02-02,Wrong Item
T20260129376,P0358,2025-12-06,Customer Changed Mind
T20260135508,P0031,2025-04-04,Damaged
T20250057486,P0317,2025-10-16,Wrong Item
T20250016707,P0493,2025-06-27,Damaged
T20260036530,P0067,2026-12-30,Customer Changed Mind
T20260120906,P0242,2025-04-20,Wrong Item
T20250065565,P0207,2025-11-17,Customer Changed Mind
T20260027490,P0320,2026-10-06,Damaged
T20260039296,P0152,2026-03-20,Customer Changed Mind
T20250039611,P0374,2026-09-21,Customer Changed Mind
T20260071645,P0157,2025-01-10,Customer Changed Mind
T20260010828,P0253,2025-05-29,Wrong Item
T20260139691,P0316,2026-05-09,Damaged
T20250128979,P0072,2026-06-09,Wrong Item
T20250049134,P0082,2026-07-25,Customer Changed Mind
T20250125096,P0109,2026-10-11,Customer Changed Mind
T20260090120,P0189,2025-04-18,Damaged
T20250017207,P0232,2026-07-11,Wrong Item
T20250147799,P0040,2025-10-09,Customer Changed Mind
T20250038432,P0372,2026-11-24,Wrong Item
T20260138042,P0036,2026-09-05,Customer Changed Mind
T20250009658,P0041,2026-02-28,Customer Changed Mind
T20260136392,P0314,2025-02-23,Damaged
T20260069066,P0141,2026-10-02,Damaged
T20250025195,P0480,2025-04-23,Wrong Item
T20260054744,P0134,2025-06-27,Wrong Item
T20250007851,P0483,2025-04-27,Damaged
T20260018182,P0194,2025-07-13,Wrong Item
T20250062838,P0340,2026-03-20,Customer Changed Mind
T20250062898,P0449,2025-08-05,Customer Changed Mind
T20250002786,P0118,2025-05-03,Wrong Item
T20250098242,P0341,2026-03-22,Wrong Item
T20260046304,P0391,2025-09-05,Damaged
T20260079700,P0417,2025-01-03,Damaged
T20260133180,P0362,2025-07-23,Customer Changed Mind
T20250051266,P0058,2026-08-21,Damaged
T20250039394,P0354,2025-02-13,Customer Changed Mind
T20250118650,P0029,2025-04-27,Wrong Item
T20260141907,P0152,2026-06-30,Customer Changed Mind
T20250057740,P0303,2025-03-08,Customer Changed Mind
T20260088301,P0150,2026-10-22,Wrong Item
T20250001704,P0086,2026-08-12,Customer Changed Mind
T20260061221,P0058,2026-03-09,Wrong Item
T20260010364,P0014,2025-10-30,Damaged
T20250015024,P0458,2025-06-08,Customer Changed Mind
T20250065327,P0360,2025-07-16,Damaged
T20250012911,P0102,2026-02-09,Damaged
T20260102040,P0124,2026-05-28,Damaged
T20250047081,P0259,2025-05-03,Customer Changed Mind
T20250068662,P0354,2026-06-03,Wrong Item
T20250033656,P0126,2025-10-19,Damaged
T20250051887,P0498,2025-06-23,Damaged
T20260022021,P0181,2025-12-31,Wrong Item
T20250023089,P0461,2025-09-03,Wrong Item
T20250126112,P0094,2026-05-21,Damaged
T20260047425,P0405,2025-07-22,Damaged
T20250074717,P0372,2025-08-29,Damaged
T20250149634,P0450,2026-01-30,Wrong Item
T20260070240,P0012,2025-01-21,Wrong Item
T20260057062,P0032,2026-05-12,Damaged
T20250088903,P0381,2025-07-23,Wrong Item
T20250145783,P0129,2026-07-11,Damaged
T20250094397,P0278,2026-10-22,Wrong Item
T20250075533,P0071,2026-06-23,Wrong Item
T20260042097,P0355,2026-12-12,Damaged
T20250087314,P0401,2026-11-29,Damaged
T20260127750,P0432,2026-07-30,Wrong Item
T20260067555,P0189,2025-08-13,Customer Changed Mind
T20260069660,P0319,2025-10-29,Customer Changed Mind
T20250089589,P0191,2025-08-13,Wrong Item
T20260114231,P0115,2026-02-10,Damaged
T20250142156,P0294,2025-11-01,Customer Changed Mind
T20260077254,P0034,2025-03-27,Wrong Item
T20260012435,P0070,2026-09-09,Customer Changed Mind
T20260090519,P0247,2025-04-23,Damaged
T20260076082,P0019,2026-10-10,Customer Changed Mind
T20260076798,P0101,2026-09-11,Customer Changed Mind
T20260072034,P0093,2026-04-29,Customer Changed Mind
T20250011474,P0166,2026-07-10,Wrong Item
T20260070770,P0022,2026-12-08,Customer Changed Mind
T20250052162,P0443,2025-04-18,Damaged
T20250119237,P0455,2025-05-14,Customer Changed Mind
T20250148121,P0032,2025-09-01,Wrong Item
T20260006472,P0059,2025-01-29,Wrong Item
T20260031116,P0394,2026-07-10,Damaged
T20250139976,P0440,2026-02-28,Wrong Item
T20260075174,P0226,2026-03-24,Wrong Item
T20250037471,P0265,2026-02-02,Wrong Item
T20260009503,P0127,2026-07-05,Wrong Item
T20250122810,P0084,2025-06-12,Wrong Item
T20250024271,P0278,2025-02-25,Damaged
T20260066280,P0444,2025-11-09,Wrong Item
T20260106646,P0033,2026-11-07,Wrong Item
T20260039396,P0053,2026-08-11,Wrong Item
T20250127044,P0370,2025-03-13,Wrong Item
T20260003889,P0003,2025-11-25,Wrong Item
T20250119402,P0315,2025-06-02,Wrong Item
T20260135263,P0099,2026-03-23,Customer Changed Mind
T20260014279,P0137,2026-10-24,Customer Changed Mind
T20250093168,P0342,2026-11-06,Wrong Item
T20260079270,P0045,2026-05-29,Customer Changed Mind
T20250035980,P0456,2025-11-17,Wrong Item
T20250090824,P0469,2026-12-12,Wrong Item
T20250125538,P0316,2025-04-03,Damaged
T20250046592,P0416,2025-01-25,Customer Changed Mind
T20260086417,P0067,2025-06-27,Damaged
T20250035195,P0393,2025-03-23,Damaged
T20260004181,P0165,2026-08-24,Customer Changed Mind
T20250125178,P0423,2025-03-16,Customer Changed Mind
T20250004285,P0236,2026-04-24,Customer Changed Mind
T20250122872,P0460,2026-07-26,Customer Changed Mind
T20250122147,P0065,2025-11-13,Customer Changed Mind
T20260053061,P0015,2026-09-23,Wrong Item
T20260090589,P0044,2026-10-31,Wrong Item
T20260005940,P0113,2026-06-28,Customer Changed Mind
T20260124612,P0423,2026-01-26,Wrong Item
T20260088203,P0350,2026-11-03,Damaged
T20250146871,P0137,2026-06-25,Damaged
T20260108605,P0063,2026-06-03,Customer Changed Mind
T20250043072,P0395,2025-03-03,Wrong Item
T20260095134,P0456,2026-03-25,Damaged
T20260122621,P0099,2025-03-09,Damaged
T20260032351,P0229,2026-10-13,Wrong Item
T20250149744,P0369,2025-04-05,Damaged
T20260016015,P0385,2025-11-10,Customer Changed Mind
T20260012328,P0150,2026-11-17,Damaged
T20250114934,P0481,2026-06-20,Damaged
T20250025553,P0162,2025-06-02,Damaged
T20260009555,P0020,2025-01-01,Customer Changed Mind
T20250027160,P0347,2026-07-14,Customer Changed Mind
T20250109473,P0022,2025-09-21,Wrong Item
T20250014618,P0370,2025-05-07,Customer Changed Mind
T20260088612,P0023,2026-02-06,Customer Changed Mind
T20260099608,P0073,2025-09-26,Wrong Item
T20250052435,P0353,2025-11-11,Customer Changed Mind
T20260069876,P0453,2026-07-05,Wrong Item
T20250142912,P0390,2026-06-13,Customer Changed Mind
T20250034391,P0053,2025-10-01,Damaged
T20260010734,P0207,2025-06-24,Wrong Item
T20260098332,P0107,2026-08-10,Customer Changed Mind
T20260128393,P0083,2025-08-31,Customer Changed Mind
T20260073973,P0052,2025-02-16,Damaged
T20260085797,P0414,2026-11-17,Wrong Item
T20250132270,P0412,2025-11-02,Customer Changed Mind
T20250022590,P0344,2025-12-02,Customer Changed Mind
T20250062607,P0010,2026-04-28,Wrong Item
T20250117505,P0244,2026-03-02,Customer Changed Mind
T20260012104,P0273,2026-06-03,Damaged
T20260145107,P0090,2025-11-08,Customer Changed Mind
T20260080917,P0104,2026-08-07,Customer Changed Mind
T20250149426,P0387,2025-12-08,Customer Changed Mind
T20260036852,P0395,2025-04-16,Damaged
T20260054293,P0247,2026-02-22,Wrong Item
T20260114922,P0474,2025-12-29,Wrong Item
T20250129841,P0016,2025-01-03,Damaged
T20250006491,P0148,2026-12-20,Wrong Item
T20250085872,P0109,2025-12-17,Damaged
T20250139022,P0353,2026-11-02,Damaged
T20260012454,P0096,2026-09-06,Wrong Item
T20260082228,P0142,2025-04-20,Damaged
T20250082407,P0347,2025-07-20,Customer Changed Mind
T20260084812,P0377,2026-10-10,Wrong Item
T20260014939,P0020,2026-05-23,Wrong Item
T20250118776,P0041,2026-06-11,Customer Changed Mind
T20250080549,P0228,2025-11-26,Wrong Item
T20250117668,P0410,2025-10-07,Damaged
T20260107024,P0086,2026-10-04,Customer Changed Mind
T20260085126,P0292,2025-01-10,Customer Changed Mind
T20250057433,P0416,2026-10-07,Wrong Item
T20260037812,P0266,2025-02-11,Wrong Item
T20250042296,P0209,2026-11-28,Damaged
T20250080628,P0181,2025-12-08,Damaged
T20260079853,P0205,2025-04-01,Customer Changed Mind
T20250074062,P0487,2025-08-19,Customer Changed Mind
T20260113605,P0069,2026-04-17,Customer Changed Mind
T20260084682,P0116,2025-05-02,Damaged
T20260031747,P0017,2025-08-20,Customer Changed Mind
T20260070192,P0030,2026-09-12,Customer Changed Mind
T20250004829,P0223,2026-12-24,Wrong Item
T20250103529,P0301,2026-05-31,Customer Changed Mind
T20250024677,P0378,2025-06-24,Damaged
T20260049651,P0222,2025-10-30,Damaged
T20250065306,P0213,2026-02-16,Customer Changed Mind
T20260088474,P0440,2026-03-15,Damaged
T20250059887,P0052,2025-06-09,Wrong Item
T20260092062,P0162,2025-03-28,Wrong Item
T20260128664,P0118,2025-01-04,Wrong Item
T20250011846,P0021,2025-12-18,Customer Changed Mind
T20250019007,P0341,2026-05-27,Damaged
T20260090968,P0374,2025-06-03,Customer Changed Mind
T20260069270,P0166,2026-08-03,Damaged
T20250005180,P0119,2026-08-06,Damaged
T20260115710,P0397,2026-12-23,Damaged
T20260139712,P0380,2025-03-31,Customer Changed Mind
T20260050075,P0074,2026-04-23,Customer Changed Mind
T20260103529,P0235,2025-10-16,Customer Changed Mind
T20250032333,P0242,2025-07-26,Damaged
T20260050923,P0107,2025-02-15,Damaged
T20260039348,P0265,2025-06-22,Customer Changed Mind
T20250003262,P0064,2026-01-26,Damaged
T20250111771,P0424,2025-06-13,Wrong Item
T20260091340,P0174,2025-10-09,Damaged
T20260124674,P0070,2025-01-28,Wrong Item
T20250034306,P0331,2026-12-18,Damaged
T20260047655,P0412,2026-06-25,Customer Changed Mind
T20250126004,P0319,2026-07-11,Damaged
T20250065991,P0489,2026-01-24,Damaged
T20260084663,P0040,2026-07-16,Wrong Item
T20260128965,P0195,2025-02-16,Damaged
T20260122506,P0084,2025-07-25,Wrong Item
T20260029220,P0244,2025-08-17,Wrong Item
T20250122316,P0055,2026-09-19,Wrong Item
T20250118367,P0311,2026-03-22,Damaged
T20260043071,P0011,2026-05-25,Damaged
T20250089187,P0397,2025-10-11,Customer Changed Mind
T20250104896,P0499,2026-04-01,Customer Changed Mind
T20260031188,P0016,2025-03-31,Damaged
T20260092713,P0294,2025-06-17,Wrong Item
T20250055176,P0385,2025-11-19,Customer Changed Mind
T20250138243,P0211,2026-09-25,Wrong Item
T20260054926,P0478,2025-05-21,Wrong Item
T20260080857,P0347,2026-10-10,Wrong Item
T20250018790,P0285,2025-07-19,Wrong Item
T20260071806,P0025,2025-03-20,Customer Changed Mind
T20250037749,P0366,2025-12-15,Customer Changed Mind
T20250023688,P0254,2025-04-15,Wrong Item
T20250065767,P0220,2026-05-03,Damaged
T20250100366,P0001,2025-06-01,Customer Changed Mind
T20250127150,P0439,2026-04-11,Damaged
T20260082073,P0121,2026-05-02,Customer Changed Mind
T20260126385,P0486,2025-09-04,Damaged
T20260140565,P0106,2025-10-22,Damaged
T20250085212,P0473,2025-12-13,Damaged
T20250001151,P0001,2026-12-18,Damaged
T20260005671,P0041,2025-11-30,Customer Changed Mind
T20250083143,P0455,2026-10-13,Damaged
T20250018301,P0434,2025-07-27,Wrong Item
T20260045264,P0117,2025-03-26,Customer Changed Mind
T20250004052,P0222,2025-10-24,Customer Changed Mind
T20260045843,P0151,2026-03-25,Customer Changed Mind
T20260006764,P0182,2025-02-01,Damaged
T20260051784,P0056,2026-03-03,Damaged
T20260019510,P0329,2025-04-06,Customer Changed Mind
T20260099100,P0450,2026-12-04,Damaged
T20260013357,P0432,2026-04-24,Damaged
T20250001509,P0218,2025-04-14,Wrong Item
T20260147514,P0444,2025-07-18,Customer Changed Mind
T20250107690,P0078,2026-04-28,Wrong Item
T20250136724,P0475,2025-07-16,Customer Changed Mind
T20260003531,P0154,2026-06-30,Wrong Item
T20260116688,P0369,2026-09-26,Customer Changed Mind
T20260125458,P0037,2026-05-31,Damaged
T20250119221,P0424,2026-02-02,Wrong Item
T20250043249,P0227,2025-12-18,Customer Changed Mind
T20260055832,P0411,2026-06-05,Damaged
T20260133587,P0086,2026-11-26,Customer Changed Mind
T20260116910,P0061,2026-11-09,Customer Changed Mind
T20250015627,P0464,2026-11-21,Wrong Item
T20260060158,P0367,2025-05-31,Customer Changed Mind
T20250066927,P0087,2025-05-03,Damaged
T20260071264,P0336,2025-04-16,Customer Changed Mind
T20260092443,P0348,2025-08-21,Wrong Item
T20250008709,P0338,2026-04-22,Customer Changed Mind
T20260010840,P0276,2025-08-10,Damaged
T20260096535,P0329,2025-05-03,Wrong Item
T20250035787,P0444,2025-05-16,Wrong Item
T20260095458,P0499,2026-11-19,Damaged
T20260014277,P0021,2025-07-19,Wrong Item
T20260066660,P0128,2026-02-01,Wrong Item
T20260030227,P0215,2026-05-30,Damaged
T20260088873,P0403,2025-12-27,Customer Changed Mind
T20250029144,P0010,2025-03-07,Customer Changed Mind
T20250044773,P0294,2025-06-10,Wrong Item
T20250101295,P0276,2025-12-06,Wrong Item
T20250130108,P0495,2025-11-02,Wrong Item
T20250137052,P0180,2026-04-24,Wrong Item
T20250121334,P0114,2026-10-29,Customer Changed Mind
T20250001483,P0365,2025-02-15,Damaged
T20260131289,P0326,2026-08-14,Wrong Item
T20260070729,P0340,2025-01-26,Damaged
T20260019236,P0464,2026-12-18,Customer Changed Mind
T20250014575,P0009,2026-04-25,Wrong Item
T20260148005,P0334,2025-11-28,Wrong Item
T20250100286,P0173,2025-01-14,Damaged
T20260135831,P0451,2025-08-16,Wrong Item
T20250141191,P0205,2025-01-16,Customer Changed Mind
T20260120365,P0265,2025-08-16,Wrong Item
T20260054904,P0135,2026-07-14,Customer Changed Mind
T20250051778,P0072,2025-03-11,Damaged
T20260121260,P0019,2025-05-21,Wrong Item
T20260140224,P0077,2025-01-19,Damaged
T20250068480,P0056,2026-07-27,Wrong Item
T20260126766,P0238,2026-02-01,Customer Changed Mind
T20250077100,P0105,2026-09-10,Customer Changed Mind
T20260100028,P0280,2025-07-31,Customer Changed Mind
T20250027822,P0371,2026-06-02,Customer Changed Mind
T20250005661,P0332,2026-02-05,Damaged
T20260104947,P0021,2025-12-28,Wrong Item
T20250147601,P0224,2025-06-25,Customer Changed Mind
T20260088173,P0194,2026-07-07,Customer Changed Mind
T20250141208,P0461,2026-10-11,Damaged
T20250013457,P0107,2025-03-24,Customer Changed Mind
T20260096310,P0304,2025-12-01,Customer Changed Mind
T20260089728,P0123,2026-10-20,Customer Changed Mind
T20250026370,P0308,2026-06-16,Damaged
T20250093698,P0210,2026-08-09,Damaged
T20250074431,P0165,2025-10-28,Wrong Item
T20250078459,P0317,2025-08-07,Wrong Item
T20260060228,P0163,2026-06-06,Customer Changed Mind
T20250095328,P0274,2026-09-16,Wrong Item
T20250048464,P0366,2025-03-22,Customer Changed Mind
T20250023669,P0125,2026-12-23,Wrong Item
T20260023779,P0075,2025-07-10,Customer Changed Mind
T20250097553,P0367,2026-04-15,Customer Changed Mind
T20250017995,P0158,2025-12-03,Customer Changed Mind
T20250012836,P0153,2026-10-05,Wrong Item
T20250040346,P0217,2025-01-16,Wrong Item
T20260070069,P0308,2026-03-28,Wrong Item
T20260071456,P0357,2025-01-03,Wrong Item
T20260006986,P0461,2025-07-21,Wrong Item
T20250016393,P0470,2026-12-31,Damaged
T20260120783,P0298,2026-01-28,Damaged
T20250064272,P0260,2026-03-19,Damaged
T20250131216,P0479,2026-09-27,Customer Changed Mind
T20260071366,P0061,2025-04-16,Damaged
T20260011062,P0284,2025-09-09,Customer Changed Mind
T20260012483,P0131,2026-07-18,Damaged
T20250128141,P0328,2026-05-29,Customer Changed Mind
T20250122138,P0498,2025-12-02,Wrong Item
T20260082425,P0459,2026-10-13,Damaged
T20250073968,P0061,2026-01-03,Customer Changed Mind
T20250099193,P0418,2025-02-22,Wrong Item
T20260039318,P0052,2025-10-22,Damaged
T20260032869,P0178,2026-03-13,Customer Changed Mind
T20260072752,P0103,2026-07-31,Wrong Item
T20250030735,P0120,2025-10-31,Damaged
T20250091741,P0235,2025-10-17,Damaged
T20260080515,P0464,2026-07-27,Customer Changed Mind
T20260066801,P0084,2026-07-05,Wrong Item
T20260096095,P0068,2026-06-22,Damaged
T20260028513,P0135,2025-02-25,Wrong Item
T20260031199,P0436,2026-11-23,Customer Changed Mind
T20250116898,P0138,2026-01-20,Damaged
T20260132815,P0084,2025-10-06,Damaged
T20260072967,P0176,2025-07-17,Customer Changed Mind
T20260058454,P0202,2026-04-09,Wrong Item
T20250088997,P0499,2026-03-11,Customer Changed Mind
T20260004945,P0071,2026-06-26,Damaged
T20250003460,P0248,2026-11-04,Damaged
T20260106352,P0101,2025-05-24,Damaged
T20260065248,P0271,2025-02-15,Customer Changed Mind
T20250133295,P0492,2026-11-08,Damaged
T20250045553,P0248,2025-02-02,Damaged
T20260021964,P0408,2026-05-06,Damaged
T20260003656,P0468,2025-06-14,Damaged
T20250141865,P0103,2025-04-01,Damaged
T20250058797,P0037,2026-07-10,Customer Changed Mind
T20250051599,P0349,2025-12-08,Wrong Item
T20250135552,P0056,2026-04-22,Customer Changed Mind
T20250049473,P0132,2025-05-19,Wrong Item
T20260044071,P0473,2026-02-18,Damaged
T20250099234,P0411,2025-05-22,Customer Changed Mind
T20250038945,P0204,2025-06-16,Customer Changed Mind
T20260025889,P0263,2025-07-04,Damaged
T20260002166,P0242,2025-10-11,Wrong Item
T20260051995,P0114,2025-01-16,Customer Changed Mind
T20250145926,P0339,2025-04-17,Wrong Item
T20260037034,P0224,2025-08-25,Wrong Item
T20260139716,P0235,2025-02-03,Customer Changed Mind
T20250092250,P0328,2025-03-06,Damaged
T20260075828,P0462,2025-07-30,Damaged
T20260137055,P0104,2026-02-19,Customer Changed Mind
T20260045496,P0482,2026-07-27,Customer Changed Mind
T20260019267,P0461,2025-03-05,Wrong Item
T20250094073,P0473,2026-07-19,Wrong Item
T20260149047,P0125,2026-05-13,Wrong Item
T20250050787,P0326,2026-04-21,Customer Changed Mind
T20250088640,P0293,2025-06-04,Wrong Item
T20250086433,P0403,2026-07-27,Customer Changed Mind
T20260002992,P0468,2026-01-16,Wrong Item
T20260056101,P0045,2026-05-15,Customer Changed Mind
T20260115813,P0068,2025-10-26,Damaged
T20260024789,P0343,2025-05-14,Damaged
T20260080053,P0029,2026-09-03,Customer Changed Mind
T20260072139,P0414,2025-11-11,Damaged
T20260073312,P0461,2025-01-27,Wrong Item
T20260076624,P0303,2025-02-07,Customer Changed Mind
T20260141440,P0006,2025-03-20,Wrong Item
T20260055916,P0475,2026-12-13,Damaged
T20260060923,P0173,2026-02-17,Wrong Item
T20250078461,P0349,2026-05-19,Damaged
T20260098191,P0438,2026-03-29,Customer Changed Mind
T20250038050,P0181,2025-03-22,Wrong Item
T20260064570,P0343,2026-05-01,Customer Changed Mind
T20250109349,P0464,2025-06-26,Wrong Item
T20260113306,P0486,2026-10-04,Wrong Item
T20260118732,P0383,2025-05-22,Damaged
T20260117179,P0396,2025-04-30,Customer Changed Mind
T20250107365,P0012,2025-01-14,Wrong Item
T20260041117,P0479,2025-12-14,Wrong Item
T20250092991,P0324,2025-08-03,Damaged
T20260005341,P0394,2025-06-14,Customer Changed Mind
T20250044824,P0395,2025-07-06,Customer Changed Mind
T20250015196,P0253,2026-08-16,Customer Changed Mind
T20250090784,P0257,2026-06-03,Damaged
T20250136699,P0351,2026-01-23,Wrong Item
T20250082815,P0262,2025-08-10,Damaged
T20260098934,P0096,2025-10-09,Customer Changed Mind
T20260139308,P0009,2026-10-07,Damaged
T20260116582,P0493,2026-09-16,Damaged
T20260000244,P0114,2026-06-02,Wrong Item
T20260026641,P0093,2025-01-29,Damaged
T20250004550,P0172,2025-01-15,Wrong Item
T20250076352,P0365,2026-06-17,Customer Changed Mind
T20260021357,P0061,2026-05-01,Wrong Item
T20250094436,P0372,2025-07-21,Wrong Item
T20250034015,P0466,2025-02-04,Damaged
T20250102309,P0139,2026-08-09,Wrong Item
T20250136882,P0136,2026-10-25,Wrong Item
T20250061132,P0002,2026-03-02,Damaged
T20260145774,P0332,2026-02-18,Damaged
T20250027795,P0174,2026-09-29,Damaged
T20260071944,P0010,2025-10-04,Damaged
T20260133230,P0178,2025-09-18,Customer Changed Mind
T20250059783,P0153,2025-08-30,Customer Changed Mind
T20250022049,P0078,2026-04-14,Damaged
T20260100555,P0141,2026-07-24,Customer Changed Mind
T20250048983,P0402,2025-12-16,Damaged
T20250124169,P0106,2026-05-04,Customer Changed Mind
T20250080918,P0475,2026-08-24,Damaged
T20260094498,P0183,2026-12-08,Damaged
T20260107520,P0034,2025-01-17,Wrong Item
T20250086802,P0353,2025-10-28,Damaged
T20260045573,P0424,2026-10-15,Wrong Item
T20250003199,P0143,2025-08-30,Wrong Item
T20250054829,P0370,2025-08-23,Wrong Item
T20260120102,P0201,2025-04-07,Damaged
T20250132372,P0197,2026-04-23,Wrong Item
T20260021850,P0244,2026-08-01,Customer Changed Mind
T20250015638,P0359,2026-10-31,Wrong Item
T20250111398,P0206,2026-03-11,Wrong Item
T20250059310,P0129,2026-12-29,Customer Changed Mind
T20250131714,P0232,2025-12-11,Customer Changed Mind
T20260065502,P0442,2026-01-19,Customer Changed Mind
T20260064628,P0041,2026-02-05,Damaged
T20250134902,P0169,2026-01-24,Damaged
T20260074267,P0477,2026-02-13,Customer Changed Mind
T20250122012,P0388,2026-03-23,Damaged
T20260037738,P0280,2026-01-29,Damaged
T20260079860,P0193,2025-10-23,Customer Changed Mind
T20260130929,P0429,2026-05-23,Customer Changed Mind
T20250079540,P0275,2025-06-19,Damaged
T20250013889,P0075,2026-10-01,Damaged
T20250149258,P0291,2025-01-26,Wrong Item
T20250103395,P0204,2026-02-27,Customer Changed Mind
T20250022833,P0146,2026-12-30,Wrong Item
T20260011890,P0494,2025-06-19,Customer Changed Mind
T20250045860,P0087,2026-03-01,Customer Changed Mind
T20250143783,P0320,2026-06-09,Wrong Item
T20260074608,P0107,2025-07-27,Wrong Item
T20250059947,P0096,2025-04-20,Damaged
T20250097027,P0349,2026-04-10,Damaged
T20260091629,P0324,2026-04-30,Damaged
T20260094422,P0224,2026-09-24,Customer Changed Mind
T20250139898,P0006,2026-10-16,Damaged
T20250049458,P0059,2026-12-20,Wrong Item
T20250074002,P0343,2025-05-24,Wrong Item
T20260129963,P0201,2026-10-05,Wrong Item
T20260117245,P0160,2025-11-14,Customer Changed Mind
T20250147625,P0050,2025-01-19,Damaged
T20260015178,P0472,2025-05-14,Damaged
T20260000426,P0133,2025-09-01,Damaged
T20260024147,P0195,2025-12-31,Damaged
T20260064295,P0468,2025-12-13,Wrong Item
T20250111666,P0009,2026-06-26,Customer Changed Mind
T20260063589,P0207,2025-03-08,Wrong Item
T20250058943,P0135,2025-10-19,Wrong Item
T20260054832,P0069,2025-06-18,Customer Changed Mind
T20260073932,P0465,2025-12-27,Customer Changed Mind
T20260043986,P0044,2025-09-10,Wrong Item
T20260028904,P0151,2025-07-22,Wrong Item
T20260010963,P0269,2026-12-28,Customer Changed Mind
T20260125110,P0391,2026-06-30,Damaged
T20260009890,P0254,2025-06-30,Wrong Item
T20260005840,P0329,2025-06-10,Wrong Item
T20260016440,P0284,2026-11-29,Customer Changed Mind
T20260078792,P0002,2025-12-10,Customer Changed Mind
T20250024452,P0106,2026-03-11,Customer Changed Mind
T20260003884,P0264,2025-05-27,Customer Changed Mind
T20260006278,P0425,2025-03-27,Customer Changed Mind
T20250136867,P0347,2026-08-06,Customer Changed Mind
T20250139968,P0393,2026-06-29,Damaged
T20250109750,P0297,2025-07-01,Damaged
T20260026155,P0281,2025-03-14,Damaged
T20260014893,P0303,2025-04-22,Damaged
T20250051918,P0251,2025-07-31,Damaged
T20260087259,P0166,2026-02-01,Damaged
T20250143433,P0385,2026-01-27,Customer Changed Mind
T20250134863,P0493,2025-01-08,Damaged
T20250020624,P0314,2025-01-04,Customer Changed Mind
T20250111246,P0384,2025-09-18,Customer Changed Mind
T20250122848,P0318,2026-05-20,Wrong Item
T20250083361,P0341,2025-12-11,Wrong Item
T20250078058,P0213,2025-04-28,Wrong Item
T20250093581,P0140,2025-05-14,Damaged
T20260004798,P0329,2025-08-10,Wrong Item
T20250122787,P0450,2026-01-08,Customer Changed Mind
T20250149023,P0226,2026-03-07,Wrong Item
T20260100892,P0059,2026-08-10,Customer Changed Mind
T20260027862,P0473,2025-12-16,Damaged
T20260106796,P0147,2026-07-08,Wrong Item
T20250036329,P0257,2026-06-20,Wrong Item
T20260013595,P0252,2026-12-06,Wrong Item
T20250072292,P0194,2026-02-01,Customer Changed Mind
T20250064655,P0053,2025-10-14,Customer Changed Mind
T20250114135,P0098,2026-12-30,Damaged
T20260044944,P0480,2026-07-22,Customer Changed Mind
T20260036494,P0402,2026-10-24,Wrong Item
T20260036219,P0231,2025-08-06,Damaged
T20260013195,P0421,2025-04-01,Wrong Item
T20260059025,P0301,2025-03-17,Customer Changed Mind
T20250081883,P0443,2025-10-13,Customer Changed Mind
T20260086617,P0365,2025-11-04,Damaged
T20250069777,P0157,2025-10-04,Damaged
T20260137295,P0236,2025-10-15,Damaged
T20260109412,P0070,2026-02-04,Wrong Item
T20260061974,P0403,2025-10-06,Wrong Item
T20260010771,P0030,2026-06-29,Damaged
T20250011681,P0391,2026-03-11,Damaged
T20260018988,P0457,2025-11-08,Customer Changed Mind
T20250065965,P0303,2025-02-10,Wrong Item
T20260127078,P0248,2026-04-20,Wrong Item
T20260103385,P0002,2025-01-29,Customer Changed Mind
T20250115627,P0270,2025-11-12,Wrong Item
T20260002843,P0268,2026-10-17,Damaged
T20260110521,P0432,2026-05-18,Customer Changed Mind
T20250066434,P0205,2025-01-23,Damaged
T20250093179,P0324,2025-06-27,Wrong Item
T20260026693,P0276,2025-05-29,Damaged
T20250043427,P0241,2025-02-11,Wrong Item
T20260124645,P0327,2026-07-25,Wrong Item
T20260013114,P0419,2025-09-01,Wrong Item
T20260060803,P0288,2026-06-21,Wrong Item
T20260124965,P0472,2025-12-28,Damaged
T20250113430,P0017,2026-11-04,Wrong Item
T20250002264,P0482,2026-06-25,Wrong Item
T20250032401,P0032,2026-10-06,Damaged
T20260109110,P0042,2026-01-13,Customer Changed Mind
T20260019500,P0075,2025-02-26,Customer Changed Mind
T20250018105,P0452,2026-01-28,Damaged
T20260146268,P0109,2026-01-16,Customer Changed Mind
T20260031340,P0480,2026-11-27,Wrong Item
T20260079588,P0498,2025-08-05,Customer Changed Mind
T20250102838,P0333,2025-05-29,Customer Changed Mind
T20260012641,P0378,2025-07-06,Wrong Item
T20260068809,P0279,2025-09-12,Customer Changed Mind
T20260065534,P0346,2026-06-13,Customer Changed Mind
T20260074603,P0239,2025-08-21,Damaged
T20250063124,P0126,2026-07-10,Customer Changed Mind
T20260124626,P0436,2025-06-18,Wrong Item
T20260026965,P0062,2026-06-27,Damaged
T20260138266,P0344,2025-07-18,Damaged
T20250067126,P0146,2025-07-07,Damaged
T20260049246,P0073,2025-10-30,Customer Changed Mind
T20260072111,P0098,2026-12-25,Damaged
T20260119489,P0087,2026-01-31,Customer Changed Mind
T20250070597,P0088,2026-10-24,Wrong Item
T20250031433,P0051,2025-08-17,Customer Changed Mind
T20260003745,P0021,2026-01-18,Customer Changed Mind
T20250084318,P0065,2025-11-28,Damaged
T20250038773,P0315,2026-06-29,Damaged
T20260074787,P0462,2025-05-04,Customer Changed Mind
T20250051481,P0014,2026-11-21,Customer Changed Mind
T20260041641,P0297,2025-11-14,Customer Changed Mind
T20250021597,P0492,2026-03-31,Wrong Item
T20260117063,P0047,2026-01-05,Wrong Item
T20250131429,P0415,2025-04-29,Damaged
T20260002192,P0208,2026-03-29,Wrong Item
T20260077252,P0251,2025-04-29,Damaged
T20250016463,P0186,2025-06-05,Customer Changed Mind
T20260124293,P0246,2026-12-07,Customer Changed Mind
T20250097833,P0021,2026-01-13,Customer Changed Mind
T20250027906,P0437,2026-07-21,Damaged
T20250034241,P0480,2025-12-24,Damaged
T20250108719,P0283,2026-11-08,Damaged
T20260079202,P0186,2025-12-10,Customer Changed Mind
T20250015560,P0057,2025-08-01,Customer Changed Mind
T20260004698,P0289,2026-08-14,Wrong Item
T20250044585,P0358,2025-04-18,Customer Changed Mind
T20250035065,P0413,2026-01-26,Wrong Item
T20250043392,P0092,2026-03-11,Wrong Item
T20250127486,P0193,2026-09-03,Wrong Item
T20250066910,P0105,2026-07-19,Customer Changed Mind
T20250092463,P0470,2025-03-25,Damaged
T20250106635,P0230,2026-02-12,Wrong Item
T20260149672,P0221,2026-05-16,Wrong Item
T20260121417,P0452,2026-08-26,Damaged
T20260144284,P0460,2025-05-22,Wrong Item
T20260089969,P0296,2026-12-21,Wrong Item
T20260055885,P0146,2025-11-11,Damaged
T20260062596,P0270,2026-05-06,Customer Changed Mind
T20260142681,P0249,2025-03-24,Customer Changed Mind
T20250108148,P0427,2026-04-12,Wrong Item
T20250009181,P0259,2026-04-06,Wrong Item
T20260109225,P0148,2026-03-03,Wrong Item
T20260104250,P0076,2025-04-08,Wrong Item
T20260140295,P0442,2026-02-19,Customer Changed Mind
T20250141345,P0358,2026-05-13,Customer Changed Mind
T20250024658,P0200,2026-10-26,Customer Changed Mind
T20250040486,P0328,2025-02-22,Damaged
T20250016990,P0358,2026-12-27,Wrong Item
T20260128853,P0001,2026-06-21,Wrong Item
T20250062665,P0444,2025-12-13,Damaged
T20250020779,P0447,2026-05-26,Customer Changed Mind
T20260070779,P0341,2026-07-05,Wrong Item
T20250079214,P0185,2025-04-22,Customer Changed Mind
T20260111981,P0300,2026-12-04,Damaged
T20250030624,P0301,2025-05-11,Damaged
T20260036288,P0103,2025-08-05,Customer Changed Mind
T20250101326,P0152,2025-07-25,Damaged
T20250112288,P0362,2025-11-12,Wrong Item
T20250051285,P0047,2026-03-12,Wrong Item
T20250015279,P0270,2025-10-07,Damaged
T20260089808,P0207,2026-09-13,Customer Changed Mind
T20260120522,P0018,2025-08-20,Wrong Item
T20250031173,P0285,2026-01-29,Damaged
T20250128818,P0223,2026-10-02,Damaged
T20260040746,P0401,2026-05-23,Customer Changed Mind
T20260056666,P0291,2026-01-20,Damaged
T20260052461,P0450,2026-09-27,Wrong Item
T20260105463,P0110,2025-09-13,Damaged
T20250095100,P0196,2026-12-07,Wrong Item
T20250078816,P0270,2025-09-20,Customer Changed Mind
T20260022084,P0032,2025-03-12,Customer Changed Mind
T20250104606,P0303,2026-03-23,Customer Changed Mind
T20260096787,P0160,2026-03-18,Wrong Item
T20250131757,P0344,2026-05-21,Damaged
T20260066428,P0075,2026-01-28,Wrong Item
T20250139296,P0193,2025-12-30,Wrong Item
T20260009319,P0129,2026-05-15,Wrong Item
T20250033400,P0298,2026-05-06,Wrong Item
T20250042276,P0482,2025-11-07,Wrong Item
T20250101210,P0088,2026-10-01,Customer Changed Mind
T20260034031,P0157,2026-10-23,Damaged
T20250033874,P0058,2025-05-06,Damaged
T20250073982,P0163,2025-12-01,Wrong Item
T20260096179,P0093,2025-09-19,Damaged
T20260137941,P0264,2026-12-31,Damaged
T20250081640,P0072,2026-08-22,Wrong Item
T20260130226,P0488,2026-01-17,Customer Changed Mind
T20250106050,P0384,2025-12-11,Customer Changed Mind
T20250015774,P0267,2026-08-18,Damaged
T20250124346,P0024,2025-06-15,Wrong Item
T20250099076,P0083,2025-06-21,Wrong Item
T20260047676,P0219,2026-01-21,Customer Changed Mind
T20250092471,P0145,2026-02-25,Customer Changed Mind
T20260085491,P0243,2025-10-21,Damaged
T20260114178,P0064,2026-12-26,Customer Changed Mind
T20260035762,P0129,2025-11-24,Wrong Item
T20250106674,P0003,2026-05-07,Damaged
T20250117864,P0453,2025-01-15,Customer Changed Mind
T20250003644,P0146,2026-07-01,Damaged
T20260067081,P0091,2025-02-18,Damaged
T20250001499,P0224,2026-08-25,Wrong Item
T20260117622,P0188,2026-09-18,Wrong Item
T20260042970,P0222,2025-03-22,Damaged
T20260069497,P0430,2025-11-05,Customer Changed Mind
T20250094454,P0069,2026-02-08,Damaged
T20260129454,P0310,2025-11-10,Customer Changed Mind
T20250030495,P0291,2026-06-22,Customer Changed Mind
T20250127548,P0478,2025-11-09,Wrong Item
T20260096266,P0087,2026-10-02,Customer Changed Mind
T20260018982,P0095,2026-01-14,Wrong Item
T20250132638,P0498,2025-10-16,Damaged
T20260060513,P0496,2026-09-28,Customer Changed Mind
T20250048188,P0470,2026-01-29,Wrong Item
T20250034203,P0390,2025-01-28,Wrong Item
T20260087499,P0322,2026-07-06,Customer Changed Mind
T20260053084,P0273,2025-12-12,Damaged
T20250109633,P0263,2026-09-28,Customer Changed Mind
T20260001349,P0093,2025-07-26,Wrong Item
T20260045699,P0005,2025-02-14,Wrong Item
T20260056460,P0218,2025-01-10,Damaged
T20250110553,P0161,2026-12-17,Customer Changed Mind
T20260058029,P0093,2026-02-16,Customer Changed Mind
T20250136369,P0328,2026-07-12,Customer Changed Mind
T20250050506,P0422,2025-10-10,Customer Changed Mind
T20260096191,P0365,2025-07-24,Wrong Item
T20250099575,P0045,2026-12-18,Damaged
T20260131465,P0383,2025-01-21,Damaged
T20250135129,P0253,2025-11-21,Wrong Item
T20250038902,P0182,2025-08-15,Damaged
T20250089057,P0010,2026-05-24,Customer Changed Mind
T20250040483,P0228,2026-01-17,Customer Changed Mind
T20260027123,P0357,2025-08-18,Customer Changed Mind
T20250010055,P0419,2026-05-05,Damaged
T20260041575,P0246,2025-07-26,Damaged
T20250041298,P0001,2026-02-21,Wrong Item
T20250001328,P0196,2026-09-09,Damaged
T20260023699,P0446,2026-02-03,Customer Changed Mind
T20250038154,P0464,2026-07-11,Wrong Item
T20260020112,P0491,2025-08-14,Wrong Item
T20260101860,P0002,2025-11-20,Customer Changed Mind
T20250117758,P0032,2026-11-28,Wrong Item
T20250092582,P0041,2026-06-18,Wrong Item
T20250147332,P0064,2025-01-03,Damaged
T20260121211,P0359,2025-10-28,Customer Changed Mind
T20260042280,P0122,2025-04-01,Damaged
T20260028349,P0359,2025-05-08,Damaged
T20250025549,P0424,2025-03-09,Wrong Item
T20260048484,P0169,2026-09-09,Customer Changed Mind
T20260103059,P0295,2026-08-06,Wrong Item
T20260090647,P0390,2025-04-25,Customer Changed Mind
T20250024831,P0086,2026-01-17,Damaged
T20250108717,P0037,2026-03-05,Customer Changed Mind
T20250033417,P0298,2025-07-30,Wrong Item
T20260122450,P0007,2026-03-24,Damaged
T20250117264,P0148,2026-03-23,Wrong Item
T20260147777,P0270,2025-02-14,Wrong Item
T20260134262,P0141,2025-03-28,Wrong Item
T20250125299,P0018,2026-06-07,Damaged
T20260049274,P0279,2026-10-19,Damaged
T20250100479,P0408,2026-03-15,Damaged
T20250100177,P0126,2026-09-20,Customer Changed Mind
T20260022225,P0245,2026-08-31,Customer Changed Mind
T20250101859,P0307,2025-01-15,Wrong Item
T20260083615,P0323,2026-05-04,Customer Changed Mind
T20250030333,P0292,2026-04-30,Customer Changed Mind
T20250114304,P0257,2025-06-07,Wrong Item
T20250042866,P0220,2026-01-26,Customer Changed Mind
T20260017394,P0440,2026-10-13,Damaged
T20250065949,P0249,2026-07-19,Wrong Item
T20260058843,P0212,2026-01-15,Customer Changed Mind
T20250144673,P0363,2025-08-13,Wrong Item
T20260124711,P0409,2026-10-14,Wrong Item
T20260128384,P0051,2026-12-18,Customer Changed Mind
T20250038126,P0342,2025-03-22,Damaged
T20260060916,P0428,2026-08-26,Damaged
T20260066971,P0147,2026-12-23,Damaged
T20260038852,P0474,2025-12-15,Wrong Item
T20260019786,P0145,2026-10-07,Damaged
T20260111096,P0281,2025-04-24,Damaged
T20260112480,P0206,2026-03-09,Damaged
T20260107482,P0112,2025-06-19,Damaged
T20250010512,P0112,2025-11-29,Damaged
T20260070964,P0488,2025-03-09,Wrong Item
T20250022683,P0238,2026-02-17,Damaged
T20250061754,P0178,2026-09-25,Customer Changed Mind
T20260101555,P0430,2026-10-05,Damaged
T20260136809,P0295,2026-09-06,Wrong Item
T20250025476,P0433,2025-11-07,Wrong Item
T20250087348,P0430,2026-11-19,Customer Changed Mind
T20250077580,P0401,2025-02-04,Customer Changed Mind
T20250091910,P0291,2025-03-23,Damaged
T20260096377,P0217,2025-05-19,Damaged
T20260055242,P0152,2025-11-19,Wrong Item
T20260011180,P0314,2025-06-17,Damaged
T20260021728,P0325,2025-01-16,Wrong Item
T20250060782,P0017,2026-02-28,Damaged
T20260140387,P0073,2025-04-06,Damaged
T20260044234,P0072,2026-03-07,Damaged
T20260071676,P0005,2025-03-30,Customer Changed Mind
T20260088583,P0271,2025-12-29,Customer Changed Mind
T20260108364,P0159,2026-06-06,Damaged
T20260083207,P0235,2026-09-08,Damaged
T20250014342,P0344,2026-07-13,Wrong Item
T20260018738,P0110,2025-05-06,Customer Changed Mind
T20260021634,P0236,2025-07-18,Wrong Item
T20250043113,P0477,2026-02-11,Customer Changed Mind
T20250116742,P0343,2025-02-19,Wrong Item
T20250051139,P0362,2025-02-17,Wrong Item
T20250127014,P0193,2025-11-14,Damaged
T20260144135,P0423,2026-01-11,Damaged
T20260055817,P0365,2026-12-06,Wrong Item
T20250006868,P0247,2026-10-26,Customer Changed Mind
T20250134611,P0023,2025-06-12,Customer Changed Mind
T20260057339,P0445,2025-09-11,Customer Changed Mind
T20260096515,P0319,2026-01-16,Customer Changed Mind
T20260022327,P0178,2026-08-11,Customer Changed Mind
T20250022653,P0431,2026-11-25,Customer Changed Mind
T20260144453,P0241,2026-08-08,Customer Changed Mind
T20260099381,P0337,2025-06-14,Wrong Item
T20250147314,P0452,2025-12-20,Damaged
T20250107135,P0303,2026-05-05,Customer Changed Mind
T20250115514,P0094,2025-05-21,Damaged
T20250081095,P0190,2025-10-24,Wrong Item
T20250033825,P0469,2026-12-15,Damaged
T20260068553,P0498,2025-09-22,Wrong Item
T20250105775,P0345,2025-06-03,Damaged
T20260121856,P0278,2026-06-19,Customer Changed Mind
T20260092409,P0388,2026-11-20,Damaged
T20260059464,P0218,2026-08-05,Wrong Item
T20250088321,P0265,2025-10-10,Wrong Item
T20250043978,P0129,2026-03-01,Customer Changed Mind
T20260068425,P0314,2026-01-30,Customer Changed Mind
T20250081411,P0391,2026-09-17,Wrong Item
T20260026690,P0326,2025-03-19,Customer Changed Mind
T20250081978,P0105,2026-07-20,Wrong Item
T20250066048,P0103,2026-01-20,Customer Changed Mind
T20250138171,P0058,2026-05-19,Customer Changed Mind
T20250046036,P0365,2025-11-28,Wrong Item
T20250047353,P0232,2026-11-05,Wrong Item
T20260142916,P0183,2026-05-29,Customer Changed Mind
T20260088254,P0191,2026-07-07,Wrong Item
T20250097329,P0078,2025-08-16,Customer Changed Mind
T20250010486,P0105,2026-07-22,Customer Changed Mind
T20260121446,P0431,2025-01-22,Wrong Item
T20250061825,P0319,2025-07-30,Customer Changed Mind
T20260056363,P0338,2025-09-22,Damaged
T20250107029,P0448,2026-11-05,Customer Changed Mind
T20260142943,P0064,2025-09-22,Damaged
T20250132058,P0208,2025-10-05,Customer Changed Mind
T20260011005,P0156,2025-03-27,Customer Changed Mind
T20250134552,P0285,2025-08-10,Wrong Item
T20250116914,P0139,2026-02-01,Customer Changed Mind
T20250006001,P0348,2025-07-10,Customer Changed Mind
T20260094560,P0462,2025-08-26,Wrong Item
T20260119528,P0198,2025-08-28,Customer Changed Mind
T20250090914,P0436,2025-02-21,Wrong Item
T20250113061,P0291,2025-03-05,Customer Changed Mind
T20250104978,P0318,2025-05-21,Wrong Item
T20260054002,P0144,2026-01-14,Damaged
T20260028285,P0071,2026-10-22,Damaged
T20260011705,P0332,2026-06-04,Customer Changed Mind
T20250098853,P0324,2026-05-18,Damaged
T20250128384,P0043,2025-09-02,Damaged
T20250036577,P0475,2026-10-23,Wrong Item
T20250146793,P0195,2026-12-17,Wrong Item
T20260110304,P0047,2025-05-01,Damaged
T20260110726,P0274,2025-01-14,Wrong Item
T20260097479,P0297,2025-10-02,Damaged
T20250091338,P0096,2025-01-28,Damaged
T20250142014,P0151,2025-04-02,Wrong Item
T20260135153,P0392,2026-03-24,Customer Changed Mind
T20250032545,P0350,2025-10-11,Customer Changed Mind
T20250097748,P0082,2026-02-24,Customer Changed Mind
T20260146507,P0111,2025-07-29,Wrong Item
T20260127623,P0439,2026-05-11,Damaged
T20260035290,P0060,2025-07-10,Wrong Item
T20260016204,P0052,2026-12-22,Wrong Item
T20260010241,P0073,2025-02-19,Customer Changed Mind
T20250133848,P0448,2025-09-17,Damaged
T20260059685,P0223,2026-07-23,Damaged
T20250082730,P0184,2026-05-26,Wrong Item
T20260028099,P0340,2025-06-08,Damaged
T20260088594,P0178,2025-04-11,Wrong Item
T20250081361,P0254,2025-11-13,Wrong Item
T20250142405,P0179,2025-03-07,Damaged
T20250060170,P0362,2025-09-09,Wrong Item
T20260039003,P0344,2025-08-26,Wrong Item
T20260016001,P0083,2025-06-08,Customer Changed Mind
T20250116663,P0450,2026-12-09,Damaged
T20250074805,P0223,2026-08-07,Damaged
T20260025384,P0312,2026-04-11,Wrong Item
T20250136622,P0272,2026-07-14,Wrong Item
T20250102005,P0493,2026-12-17,Wrong Item
T20250039006,P0438,2026-12-01,Wrong Item
T20260020765,P0372,2025-02-12,Wrong Item
T20260069149,P0186,2026-07-30,Damaged
T20260116633,P0250,2025-10-10,Wrong Item
T20260099895,P0235,2025-04-15,Wrong Item
T20250108281,P0148,2026-06-18,Customer Changed Mind
T20250032158,P0094,2026-02-28,Customer Changed Mind
T20250055794,P0148,2025-10-24,Damaged
T20250082319,P0254,2026-01-27,Customer Changed Mind
T20260051767,P0299,2026-01-18,Customer Changed Mind
T20260133223,P0045,2026-02-15,Wrong Item
T20250023595,P0379,2026-09-19,Damaged
T20260000545,P0181,2026-11-08,Wrong Item
T20260145570,P0245,2025-10-23,Damaged
T20250065298,P0274,2025-01-26,Damaged
T20260030748,P0346,2026-05-14,Wrong Item
T20250111640,P0206,2026-02-20,Customer Changed Mind
T20260021319,P0129,2025-07-21,Damaged
T20250005078,P0233,2025-09-26,Wrong Item
T20260087745,P0238,2025-03-12,Customer Changed Mind
T20250031641,P0366,2025-05-18,Damaged
T20250036827,P0186,2026-09-05,Damaged
T20260147497,P0188,2026-04-06,Customer Changed Mind
T20250078741,P0205,2026-03-26,Damaged
T20250012903,P0013,2026-10-17,Wrong Item
T20250051885,P0424,2026-08-08,Wrong Item
T20250083010,P0013,2025-12-20,Wrong Item
T20250116117,P0384,2026-08-19,Damaged
T20260068283,P0075,2025-01-22,Damaged
T20260112921,P0245,2026-08-05,Wrong Item
T20260018883,P0387,2025-12-20,Damaged
T20250121072,P0017,2026-06-07,Damaged
T20260141722,P0255,2026-06-28,Customer Changed Mind
T20250094591,P0169,2025-07-20,Damaged
T20260045669,P0206,2026-07-21,Damaged
T20260102275,P0346,2025-08-29,Wrong Item
T20260108988,P0422,2025-11-26,Wrong Item
T20250129437,P0347,2025-07-27,Customer Changed Mind
T20260082199,P0147,2026-03-29,Customer Changed Mind
T20250001185,P0264,2025-05-04,Wrong Item
T20260100906,P0311,2026-11-01,Customer Changed Mind
T20250077697,P0151,2025-05-31,Wrong Item
T20260137333,P0330,2026-10-01,Damaged
T20260109474,P0011,2025-02-28,Damaged
T20260006350,P0384,2025-02-05,Customer Changed Mind
T20250076412,P0473,2026-11-05,Customer Changed Mind
T20250132697,P0396,2026-06-24,Wrong Item
T20250074901,P0269,2026-12-07,Damaged
T20250112186,P0246,2025-11-12,Wrong Item
T20260070058,P0317,2026-01-20,Customer Changed Mind
T20260040762,P0082,2025-10-03,Wrong Item
T20260094918,P0072,2026-09-16,Damaged
T20260123357,P0435,2025-06-09,Damaged
T20250122710,P0273,2026-08-13,Wrong Item
T20250010841,P0043,2025-02-01,Customer Changed Mind
T20250073218,P0006,2026-01-18,Damaged
T20260124735,P0079,2026-10-08,Damaged
T20250146440,P0378,2025-07-31,Damaged
T20260084699,P0226,2026-03-19,Customer Changed Mind
T20250100802,P0104,2026-12-12,Customer Changed Mind
T20250067793,P0324,2026-01-21,Customer Changed Mind
T20260105811,P0430,2026-11-19,Wrong Item
T20250030101,P0101,2025-02-19,Wrong Item
T20250086502,P0041,2026-08-09,Customer Changed Mind
T20250100040,P0395,2025-05-30,Damaged
T20250097376,P0211,2025-12-20,Customer Changed Mind
T20260144193,P0256,2026-04-21,Customer Changed Mind
T20250086409,P0046,2026-05-28,Wrong Item
T20260052399,P0404,2026-02-08,Damaged
T20250136070,P0078,2025-11-02,Customer Changed Mind
T20260035651,P0306,2025-07-12,Customer Changed Mind
T20260084048,P0474,2026-04-07,Customer Changed Mind
T20260067344,P0069,2025-06-25,Wrong Item
T20260007856,P0362,2025-09-27,Wrong Item
T20260112014,P0266,2025-07-27,Wrong Item
T20260090751,P0021,2026-03-04,Damaged
T20260000140,P0169,2026-12-08,Customer Changed Mind
T20250116022,P0488,2026-12-22,Customer Changed Mind
T20260065568,P0288,2026-07-30,Wrong Item
T20260126318,P0124,2026-10-18,Wrong Item
T20260071299,P0079,2025-07-26,Wrong Item
T20250149535,P0469,2026-09-22,Wrong Item
T20260016944,P0445,2026-12-15,Customer Changed Mind
T20260036832,P0105,2025-04-12,Wrong Item
T20250125229,P0312,2026-09-22,Wrong Item
T20250081252,P0359,2026-09-20,Wrong Item
T20250115954,P0256,2025-12-31,Damaged
T20260048664,P0331,2025-03-25,Damaged
T20250071926,P0480,2026-03-26,Customer Changed Mind
T20260077183,P0374,2025-06-27,Damaged
T20260080578,P0107,2025-01-20,Customer Changed Mind
T20260055341,P0198,2025-05-26,Damaged
T20250040440,P0396,2026-04-02,Wrong Item
T20250074393,P0225,2025-09-20,Wrong Item
T20260078287,P0133,2025-10-06,Wrong Item
T20250090550,P0211,2025-04-19,Customer Changed Mind
T20260079978,P0335,2025-11-21,Wrong Item
T20250097449,P0441,2025-10-14,Wrong Item
T20260149730,P0255,2026-08-27,Damaged
T20260007399,P0182,2025-04-11,Customer Changed Mind
T20250053545,P0173,2026-02-17,Customer Changed Mind
T20250134013,P0122,2026-07-22,Customer Changed Mind
T20260047653,P0476,2025-11-11,Customer Changed Mind
T20250142340,P0392,2025-11-19,Customer Changed Mind
T20260009414,P0143,2025-09-28,Wrong Item
T20250148663,P0452,2026-04-24,Damaged
T20250029807,P0312,2026-12-21,Wrong Item
T20260142969,P0004,2026-11-02,Customer Changed Mind
T20260134182,P0453,2025-12-27,Damaged
T20260081992,P0180,2025-04-01,Damaged
T20260054009,P0003,2026-03-14,Damaged
T20260139761,P0163,2026-01-06,Wrong Item
T20260135675,P0433,2026-03-02,Wrong Item
T20260053538,P0103,2026-05-18,Wrong Item
T20260075057,P0422,2025-08-24,Damaged
T20250127178,P0436,2026-07-10,Wrong Item
T20250032715,P0364,2026-09-16,Wrong Item
T20250028065,P0342,2025-01-09,Damaged
T20250009508,P0215,2025-12-29,Customer Changed Mind
T20260037382,P0373,2025-08-20,Damaged
T20250088851,P0324,2026-03-11,Wrong Item
T20260090185,P0443,2025-10-02,Customer Changed Mind
T20260139608,P0361,2026-06-09,Customer Changed Mind
T20250002862,P0454,2025-10-19,Damaged
T20250043256,P0288,2025-10-20,Wrong Item
T20250107400,P0025,2025-04-29,Damaged
T20260112132,P0395,2026-10-13,Wrong Item
T20260080564,P0354,2025-02-08,Wrong Item
T20250105931,P0071,2025-08-08,Wrong Item
T20250084413,P0003,2026-07-17,Damaged
T20250047159,P0044,2025-01-11,Damaged
T20250119941,P0234,2025-06-09,Damaged
T20260026987,P0362,2025-01-01,Wrong Item
T20260050005,P0338,2026-05-20,Customer Changed Mind
T20250029820,P0251,2026-07-28,Wrong Item
T20250021941,P0354,2025-11-28,Wrong Item
T20250084612,P0125,2026-11-25,Wrong Item
T20260066226,P0369,2025-08-18,Damaged
T20250061453,P0028,2026-12-25,Wrong Item
T20250131561,P0036,2025-03-20,Customer Changed Mind
T20250082385,P0332,2026-06-22,Damaged
T20250069492,P0035,2026-01-16,Wrong Item
T20260091578,P0389,2025-08-03,Damaged
T20250048001,P0218,2025-06-16,Customer Changed Mind
T20250019446,P0100,2026-01-13,Customer Changed Mind
T20260065763,P0039,2026-03-15,Customer Changed Mind
T20260007725,P0334,2025-05-27,Wrong Item
T20250128302,P0403,2025-02-05,Wrong Item
T20250145293,P0314,2025-08-19,Customer Changed Mind
T20260146264,P0224,2025-08-23,Damaged
T20250009848,P0197,2026-05-30,Wrong Item
T20260088110,P0079,2026-05-22,Damaged
T20260142968,P0023,2025-03-21,Damaged
T20260122489,P0210,2025-02-09,Damaged
T20260082048,P0291,2026-11-25,Wrong Item
T20260006342,P0401,2025-03-02,Wrong Item
T20260003653,P0096,2026-08-07,Damaged
T20250120465,P0448,2025-05-12,Wrong Item
T20260053264,P0257,2025-02-03,Damaged
T20250052749,P0098,2026-07-22,Damaged
T20250036705,P0470,2026-01-21,Damaged
T20250006208,P0340,2025-01-23,Wrong Item
T20250144873,P0482,2025-04-15,Damaged
T20260117921,P0277,2026-11-06,Damaged
T20250053671,P0387,2026-08-14,Damaged
T20250067863,P0149,2026-09-16,Wrong Item
T20250131502,P0071,2026-07-22,Customer Changed Mind
T20260009791,P0055,2025-01-01,Damaged
T20260144359,P0467,2026-12-06,Customer Changed Mind
T20260088593,P0229,2026-09-22,Wrong Item
T20250136438,P0382,2026-09-20,Wrong Item
T20260036595,P0319,2026-09-28,Wrong Item
T20250134391,P0332,2025-11-26,Wrong Item
T20260048746,P0375,2025-01-21,Wrong Item
T20260076836,P0086,2025-07-28,Wrong Item
T20260121362,P0128,2026-04-08,Damaged
T20260083148,P0282,2026-02-17,Wrong Item
T20260041311,P0388,2025-05-08,Damaged
T20260081262,P0417,2026-07-01,Damaged
T20260007236,P0329,2025-09-07,Wrong Item
T20250106838,P0450,2026-07-13,Customer Changed Mind
T20260057920,P0339,2026-11-17,Wrong Item
T20250125608,P0200,2025-05-07,Customer Changed Mind
T20260029634,P0485,2026-07-01,Customer Changed Mind
T20260143409,P0401,2025-10-29,Damaged
T20250130186,P0443,2026-02-27,Damaged
T20260135490,P0414,2026-07-17,Customer Changed Mind
T20260092397,P0280,2025-07-02,Customer Changed Mind
T20250130333,P0337,2026-05-21,Damaged
T20260102276,P0430,2026-09-21,Damaged
T20250052204,P0293,2026-01-18,Wrong Item
T20250142744,P0077,2025-02-22,Damaged
T20250075936,P0392,2025-08-22,Damaged
T20250100674,P0096,2025-07-06,Damaged
T20260081895,P0401,2025-11-09,Customer Changed Mind
T20250010635,P0290,2025-05-05,Damaged
T20250031773,P0321,2025-03-08,Customer Changed Mind
T20250042233,P0498,2025-09-29,Wrong Item
T20260138185,P0352,2025-06-20,Customer Changed Mind
T20250148693,P0100,2026-05-15,Damaged
T20250102317,P0090,2025-03-08,Wrong Item
T20250069369,P0471,2026-03-05,Damaged
T20250031332,P0133,2026-03-02,Customer Changed Mind
T20250095143,P0196,2025-04-07,Damaged
T20260018843,P0209,2026-12-29,Wrong Item
T20260111830,P0260,2026-07-02,Damaged
T20250017819,P0137,2025-11-12,Customer Changed Mind
T20260036640,P0377,2025-06-11,Customer Changed Mind
T20250082288,P0119,2026-01-04,Damaged
T20260023374,P0385,2025-12-01,Damaged
T20260128248,P0478,2025-04-09,Customer Changed Mind
T20260107040,P0234,2025-01-29,Customer Changed Mind
T20260078406,P0298,2026-03-03,Wrong Item
T20260106884,P0290,2025-11-14,Customer Changed Mind
T20260058745,P0165,2026-04-20,Wrong Item
T20250069851,P0049,2026-03-10,Wrong Item
T20250084372,P0289,2025-10-15,Customer Changed Mind
T20260086949,P0191,2026-02-06,Customer Changed Mind
T20250140208,P0316,2026-03-25,Damaged
T20260115385,P0269,2026-02-11,Damaged
T20260091378,P0357,2026-10-22,Wrong Item
T20250039671,P0323,2025-10-29,Damaged
T20250136982,P0410,2025-10-07,Customer Changed Mind
T20250022870,P0127,2025-11-09,Wrong Item
T20250102260,P0021,2025-03-27,Damaged
T20260072855,P0296,2026-12-30,Customer Changed Mind
T20250050349,P0112,2026-05-02,Damaged
T20260126193,P0310,2025-04-27,Wrong Item
T20250044128,P0223,2025-02-23,Wrong Item
T20260130927,P0364,2026-09-02,Customer Changed Mind
T20260133487,P0251,2025-02-07,Wrong Item
T20250108468,P0267,2025-10-16,Wrong Item
T20260058142,P0120,2026-07-13,Wrong Item
T20260064129,P0163,2026-04-19,Wrong Item
T20260099210,P0426,2026-10-16,Damaged
T20260027475,P0398,2026-12-22,Customer Changed Mind
T20260028397,P0298,2026-10-25,Wrong Item
T20260072532,P0345,2026-03-24,Customer Changed Mind
T20260147910,P0398,2025-01-23,Customer Changed Mind
T20260117643,P0217,2025-11-05,Customer Changed Mind
T20250019290,P0486,2025-02-24,Damaged
T20260009862,P0356,2026-12-13,Wrong Item
T20250120467,P0346,2025-11-24,Damaged
T20260084589,P0052,2026-02-22,Customer Changed Mind
T20250034436,P0155,2026-12-18,Wrong Item
T20260023463,P0055,2025-02-16,Damaged
T20260120465,P0139,2025-04-09,Customer Changed Mind
T20260093888,P0352,2026-11-04,Customer Changed Mind
T20260064347,P0059,2025-05-23,Damaged
T20260084375,P0337,2026-01-22,Customer Changed Mind
T20260022804,P0191,2026-11-09,Customer Changed Mind
T20250079588,P0431,2026-11-14,Damaged
T20260099998,P0226,2025-04-15,Customer Changed Mind
T20250120892,P0464,2025-08-06,Customer Changed Mind
T20250009058,P0165,2025-10-06,Customer Changed Mind
T20250069035,P0205,2025-01-07,Customer Changed Mind
T20250129580,P0225,2026-11-02,Damaged
T20250128517,P0392,2025-02-09,Damaged
T20250140569,P0010,2025-02-04,Wrong Item
T20260069637,P0180,2025-03-10,Wrong Item
T20260130014,P0068,2026-06-15,Damaged
T20250007104,P0033,2026-01-20,Customer Changed Mind
T20260130975,P0182,2025-02-17,Wrong Item
T20250098139,P0163,2026-04-07,Damaged
T20260038367,P0270,2025-10-28,Customer Changed Mind
T20260133716,P0321,2026-12-07,Wrong Item
T20250070107,P0096,2025-03-31,Customer Changed Mind
T20250042550,P0264,2026-01-25,Wrong Item
T20260019648,P0446,2025-07-31,Customer Changed Mind
T20250084883,P0187,2026-06-06,Customer Changed Mind
T20250064342,P0191,2026-03-30,Damaged
T20260062132,P0329,2026-12-20,Customer Changed Mind
T20260046853,P0111,2026-05-06,Damaged
T20250101523,P0312,2026-03-12,Customer Changed Mind
T20250137081,P0188,2026-01-14,Customer Changed Mind
T20260077609,P0068,2025-03-15,Customer Changed Mind
T20260096591,P0113,2025-09-27,Wrong Item
T20260078146,P0343,2026-10-28,Customer Changed Mind
T20260021511,P0050,2026-08-08,Wrong Item
T20260032342,P0058,2026-03-25,Wrong Item
T20260116030,P0194,2026-08-09,Wrong Item
T20260125962,P0173,2025-11-01,Damaged
T20260053249,P0398,2025-01-09,Damaged
T20260090790,P0151,2025-08-20,Wrong Item
T20250070745,P0312,2025-07-13,Damaged
T20260127480,P0146,2025-05-06,Damaged
T20260067720,P0066,2025-05-21,Damaged
T20260132789,P0245,2025-10-19,Damaged
T20260086016,P0034,2026-07-16,Customer Changed Mind
T20260075964,P0147,2026-04-22,Damaged
T20250072322,P0353,2025-11-01,Damaged
T20250012329,P0011,2026-06-30,Damaged
T20260132864,P0105,2026-11-08,Customer Changed Mind
T20250041020,P0186,2025-04-17,Wrong Item
T20250108882,P0126,2026-02-03,Damaged
T20250010679,P0021,2025-07-17,Wrong Item
T20260112061,P0310,2025-04-25,Damaged
T20250089514,P0097,2025-09-06,Customer Changed Mind
T20260111273,P0496,2026-11-21,Damaged
T20260089132,P0127,2026-10-06,Wrong Item
T20250107467,P0386,2025-10-31,Damaged
T20250113046,P0068,2026-10-11,Damaged
T20260053043,P0317,2025-06-03,Damaged
T20250112368,P0060,2025-07-15,Wrong Item
T20250031209,P0368,2026-05-25,Customer Changed Mind
T20250028318,P0299,2025-02-13,Wrong Item
T20260108658,P0001,2026-12-25,Damaged
T20250052607,P0454,2025-11-11,Damaged
T20260069908,P0478,2026-09-06,Damaged
T20250069267,P0321,2025-11-07,Wrong Item
T20260067672,P0056,2026-07-13,Damaged
T20250135415,P0329,2025-11-13,Damaged
T20260116568,P0359,2025-10-28,Damaged
T20260064507,P0188,2025-12-13,Wrong Item
T20260116698,P0088,2026-02-04,Customer Changed Mind
T20260060351,P0321,2026-06-13,Damaged
T20260125668,P0467,2026-12-20,Wrong Item
T20260003131,P0441,2025-05-31,Customer Changed Mind
T20250058835,P0242,2025-08-10,Customer Changed Mind
T20250083286,P0104,2026-02-26,Customer Changed Mind
T20250131982,P0199,2026-04-23,Wrong Item
T20250125190,P0088,2025-02-05,Damaged
T20260058603,P0011,2025-08-29,Wrong Item
T20260119626,P0444,2026-01-18,Wrong Item
T20260074235,P0279,2025-10-07,Damaged
T20260003500,P0024,2026-12-11,Customer Changed Mind
T20260107786,P0272,2026-03-17,Wrong Item
T20260050597,P0217,2025-08-21,Customer Changed Mind
T20260104836,P0380,2026-05-05,Customer Changed Mind
T20250012694,P0428,2026-05-02,Wrong Item
T20260042225,P0048,2026-07-30,Damaged
T20250146178,P0460,2026-11-05,Customer Changed Mind
T20250129239,P0429,2025-03-30,Damaged
T20260087529,P0178,2026-09-29,Damaged
T20250065929,P0420,2025-01-18,Damaged
T20250002449,P0237,2026-07-08,Damaged
T20250089058,P0271,2025-04-02,Customer Changed Mind
T20250085776,P0361,2025-06-10,Damaged
T20260078006,P0393,2025-01-25,Wrong Item
T20260018955,P0170,2026-04-10,Wrong Item
T20260010895,P0484,2025-11-19,Wrong Item
T20260143891,P0409,2025-02-28,Customer Changed Mind
T20260091058,P0010,2025-07-03,Wrong Item
T20250039707,P0238,2025-09-04,Customer Changed Mind
T20250140946,P0442,2025-07-24,Damaged
T20260047309,P0329,2026-05-30,Customer Changed Mind
T20260119422,P0209,2025-01-20,Wrong Item
T20260023462,P0157,2025-07-09,Wrong Item
T20260065511,P0118,2026-09-12,Wrong Item
T20260014995,P0367,2025-03-07,Customer Changed Mind
T20260040355,P0213,2025-01-17,Damaged
T20250019442,P0407,2025-08-28,Customer Changed Mind
T20250138668,P0473,2026-05-02,Wrong Item
T20250089445,P0380,2025-09-22,Wrong Item
T20260037290,P0116,2026-05-13,Wrong Item
T20260024450,P0495,2026-03-06,Customer Changed Mind
T20250124991,P0372,2026-11-22,Customer Changed Mind
T20260140069,P0257,2025-03-19,Customer Changed Mind
T20260108141,P0175,2025-10-01,Customer Changed Mind
T20250100289,P0059,2026-01-30,Wrong Item
T20250108376,P0452,2026-08-12,Customer Changed Mind
T20260095876,P0329,2026-12-19,Customer Changed Mind
T20260006666,P0218,2025-11-09,Damaged
T20260061121,P0243,2026-12-04,Wrong Item
T20260051226,P0006,2026-05-03,Damaged
T20260005650,P0169,2026-10-02,Wrong Item
T20260059064,P0129,2026-06-09,Customer Changed Mind
T20250026017,P0477,2025-10-16,Wrong Item
T20250055433,P0151,2025-12-22,Wrong Item
T20260048356,P0332,2026-09-23,Damaged
T20250046279,P0027,2025-10-14,Wrong Item
T20250141240,P0474,2026-03-09,Customer Changed Mind
T20250110722,P0028,2026-01-07,Damaged
T20250033201,P0180,2026-10-04,Wrong Item
T20260013210,P0122,2026-02-08,Damaged
T20260048142,P0251,2025-03-15,Damaged
T20250009688,P0471,2025-09-27,Wrong Item
T20260091947,P0187,2025-01-27,Customer Changed Mind
T20260038112,P0040,2026-03-30,Wrong Item
T20250082984,P0162,2026-08-11,Damaged
T20250002367,P0221,2025-11-17,Customer Changed Mind
T20250120504,P0341,2025-10-12,Wrong Item
T20250018558,P0446,2025-04-08,Damaged
T20260102496,P0367,2025-08-16,Customer Changed Mind
T20250049013,P0137,2026-04-07,Customer Changed Mind
T20250007540,P0143,2026-09-05,Customer Changed Mind
T20260117178,P0038,2025-01-30,Customer Changed Mind
T20250073840,P0058,2026-10-17,Wrong Item
T20260029467,P0388,2025-01-07,Wrong Item
T20260142088,P0333,2026-05-01,Damaged
T20250056989,P0324,2026-02-23,Damaged
T20250080744,P0107,2025-09-30,Damaged
T20260090676,P0029,2026-04-03,Damaged
T20260009486,P0485,2025-05-25,Damaged
T20260073477,P0255,2026-12-15,Wrong Item
T20250075159,P0177,2025-02-25,Damaged
T20250063360,P0455,2026-03-01,Customer Changed Mind
T20250060231,P0376,2025-03-06,Wrong Item
T20260106221,P0486,2026-04-26,Wrong Item
T20250058683,P0373,2026-02-01,Wrong Item
T20250000321,P0065,2026-08-03,Damaged
T20260136842,P0313,2026-03-02,Damaged
T20260050920,P0100,2025-04-11,Wrong Item
T20250118693,P0384,2026-12-03,Wrong Item
T20250068272,P0293,2026-01-10,Damaged
T20250129185,P0310,2025-05-20,Wrong Item
T20260055376,P0403,2026-04-07,Damaged
T20250004488,P0339,2026-01-10,Customer Changed Mind
T20250065039,P0079,2026-05-20,Wrong Item
T20250029489,P0438,2025-12-17,Damaged
T20260112574,P0295,2026-07-03,Wrong Item
T20250127560,P0272,2026-12-26,Damaged
T20250086504,P0352,2025-05-07,Damaged
T20250104305,P0308,2025-04-06,Damaged
T20250008715,P0009,2026-03-05,Wrong Item
T20260030612,P0181,2026-12-09,Customer Changed Mind
T20260033704,P0096,2025-03-31,Damaged
T20250006851,P0008,2026-07-08,Damaged
T20250076455,P0046,2025-04-11,Damaged
T20250010750,P0155,2026-10-08,Damaged
T20250041146,P0300,2025-04-13,Customer Changed Mind
T20250113079,P0343,2026-07-26,Damaged
T20250056160,P0381,2026-09-13,Damaged
T20260114391,P0109,2026-07-09,Customer Changed Mind
T20250138113,P0290,2025-12-25,Customer Changed Mind
T20250101288,P0307,2025-10-09,Damaged
T20260088471,P0191,2025-10-19,Wrong Item
T20260064970,P0356,2025-11-01,Customer Changed Mind
T20260048796,P0266,2026-03-26,Wrong Item
T20250090929,P0400,2025-02-02,Customer Changed Mind
T20250059184,P0454,2026-02-14,Damaged
T20250069189,P0229,2026-02-28,Wrong Item
T20260059396,P0136,2026-08-25,Damaged
T20250109399,P0216,2026-03-18,Damaged
T20260060505,P0354,2026-06-16,Customer Changed Mind
T20260057499,P0431,2026-07-12,Damaged
T20250100524,P0305,2026-01-27,Customer Changed Mind
T20260006955,P0157,2026-05-17,Damaged
T20260048577,P0341,2026-03-19,Customer Changed Mind
T20250087141,P0292,2026-11-22,Customer Changed Mind
T20260050094,P0082,2026-12-28,Customer Changed Mind
T20250092629,P0105,2025-04-17,Customer Changed Mind
T20260118832,P0298,2026-02-02,Customer Changed Mind
T20250012136,P0197,2025-07-21,Customer Changed Mind
T20250006005,P0198,2026-06-09,Wrong Item
T20260038388,P0362,2025-07-28,Wrong Item
T20260106325,P0326,2026-03-03,Damaged
T20250102088,P0053,2026-10-06,Damaged
T20260111339,P0234,2026-04-06,Customer Changed Mind
T20250007979,P0201,2026-04-07,Damaged
T20250143620,P0475,2025-07-02,Customer Changed Mind
T20250066199,P0479,2025-03-04,Damaged
T20260013032,P0099,2026-03-17,Wrong Item
T20260104234,P0100,2026-03-18,Wrong Item
T20260108146,P0174,2026-01-25,Wrong Item
T20250052187,P0402,2026-09-23,Customer Changed Mind
T20250098369,P0276,2025-08-16,Customer Changed Mind
T20250031741,P0190,2025-04-12,Damaged
T20250056234,P0104,2026-02-06,Customer Changed Mind
T20250146857,P0444,2025-11-11,Damaged
T20250131149,P0446,2026-04-05,Customer Changed Mind
T20260007924,P0226,2026-09-30,Customer Changed Mind
T20260134810,P0377,2025-05-27,Wrong Item
T20250116443,P0360,2026-03-20,Customer Changed Mind
T20250108749,P0147,2025-04-16,Wrong Item
T20260012312,P0401,2026-02-21,Customer Changed Mind
T20250100863,P0333,2026-12-10,Customer Changed Mind
T20250082577,P0030,2025-12-07,Wrong Item
T20250078775,P0043,2025-06-18,Customer Changed Mind
T20260006026,P0064,2026-09-01,Customer Changed Mind
T20250035437,P0469,2025-08-12,Damaged
T20250080881,P0354,2025-12-12,Customer Changed Mind
T20260143961,P0058,2025-03-11,Wrong Item
T20260003881,P0151,2025-05-29,Damaged
T20260033614,P0156,2026-04-18,Customer Changed Mind
T20250117889,P0482,2025-09-30,Damaged
T20260049388,P0166,2025-04-07,Wrong Item
T20260130703,P0098,2025-01-24,Wrong Item
T20260011965,P0128,2025-04-25,Wrong Item
T20260027419,P0173,2026-08-31,Customer Changed Mind
T20260019429,P0388,2025-06-03,Wrong Item
T20260010772,P0085,2026-01-22,Damaged
T20250056693,P0017,2026-09-08,Wrong Item
T20260016341,P0019,2026-09-24,Damaged
T20250029401,P0139,2025-08-02,Customer Changed Mind
T20260088961,P0018,2026-11-15,Customer Changed Mind
T20260027627,P0011,2025-01-23,Damaged
T20260002584,P0254,2026-11-15,Damaged
T20260060854,P0313,2026-08-20,Damaged
T20250040731,P0004,2026-04-13,Damaged
T20250085538,P0346,2026-07-17,Wrong Item
T20250068360,P0068,2026-10-19,Wrong Item
T20260009781,P0020,2025-12-13,Wrong Item
T20260133394,P0379,2026-09-15,Wrong Item
T20250128638,P0378,2025-05-31,Damaged
T20260062059,P0222,2026-12-17,Customer Changed Mind
T20260053248,P0194,2025-03-23,Wrong Item
T20260058357,P0278,2025-04-21,Damaged
T20250119091,P0381,2025-03-09,Damaged
T20260137052,P0047,2026-07-03,Wrong Item
T20260006269,P0165,2026-10-10,Customer Changed Mind
T20250012586,P0074,2026-04-12,Damaged
T20250053917,P0408,2026-05-15,Customer Changed Mind
T20250041599,P0060,2026-11-15,Customer Changed Mind
T20260001554,P0399,2025-05-23,Customer Changed Mind
T20250030258,P0343,2026-12-23,Damaged
T20250093454,P0399,2025-12-04,Customer Changed Mind
T20250034175,P0223,2026-04-25,Wrong Item
T20260094575,P0110,2025-04-10,Customer Changed Mind
T20260063890,P0217,2026-03-19,Customer Changed Mind
T20250037351,P0210,2026-05-13,Damaged
T20260091966,P0427,2026-07-30,Damaged
T20260102260,P0386,2026-03-08,Wrong Item
T20260005256,P0007,2026-11-08,Damaged
T20250099532,P0229,2026-01-20,Customer Changed Mind
T20260110926,P0330,2025-07-23,Damaged
T20250121056,P0041,2026-06-21,Wrong Item
T20250011993,P0401,2026-09-06,Damaged
T20260128940,P0045,2025-07-22,Customer Changed Mind
T20250007195,P0485,2026-08-15,Customer Changed Mind
T20260083003,P0073,2026-11-06,Damaged
T20260062922,P0303,2026-02-22,Customer Changed Mind
T20250076862,P0196,2026-12-31,Customer Changed Mind
T20250033678,P0307,2025-10-19,Damaged
T20250080036,P0151,2025-01-04,Wrong Item
T20260138254,P0070,2025-01-25,Wrong Item
T20250088712,P0427,2025-11-23,Customer Changed Mind
T20260103939,P0201,2025-07-02,Wrong Item
T20250106711,P0049,2025-01-16,Wrong Item
T20260058476,P0401,2025-05-23,Customer Changed Mind
T20250091201,P0194,2026-09-04,Customer Changed Mind
T20250143807,P0490,2026-05-05,Wrong Item
T20260065224,P0166,2026-04-19,Wrong Item
T20250034242,P0431,2025-04-19,Wrong Item
T20250113802,P0369,2025-12-28,Damaged
T20260053065,P0072,2025-05-21,Damaged
T20260021496,P0170,2025-01-21,Customer Changed Mind
T20250085585,P0376,2026-10-11,Customer Changed Mind
T20250148875,P0177,2025-03-04,Customer Changed Mind
T20260074344,P0140,2025-08-16,Customer Changed Mind
T20250000338,P0377,2026-06-29,Customer Changed Mind
T20260009173,P0396,2025-08-09,Damaged
T20250036991,P0487,2025-10-01,Wrong Item
T20260001088,P0236,2025-03-26,Damaged
T20250040940,P0186,2025-11-16,Damaged
T20260030864,P0231,2025-01-23,Customer Changed Mind
T20250034377,P0165,2025-07-20,Customer Changed Mind
T20260038495,P0301,2026-06-01,Customer Changed Mind
T20250004106,P0204,2026-10-26,Wrong Item
T20260096198,P0483,2025-04-17,Wrong Item
T20250087172,P0294,2026-11-23,Customer Changed Mind
T20250078252,P0074,2026-02-15,Wrong Item
T20260037816,P0318,2026-05-13,Wrong Item
T20250135060,P0087,2025-07-22,Wrong Item
T20250087716,P0023,2026-08-16,Wrong Item
T20260024474,P0448,2025-04-19,Damaged
T20250074829,P0073,2026-10-06,Wrong Item
T20250027081,P0154,2025-01-15,Wrong Item
T20250067823,P0176,2025-08-31,Wrong Item
T20260059977,P0149,2025-02-06,Customer Changed Mind
T20260119127,P0274,2026-08-04,Customer Changed Mind
T20260097966,P0014,2026-04-16,Damaged
T20250106009,P0329,2025-12-03,Customer Changed Mind
T20250058562,P0372,2026-09-29,Customer Changed Mind
T20250119707,P0205,2025-09-09,Wrong Item
T20250034049,P0136,2026-01-13,Wrong Item
T20260017805,P0300,2025-12-19,Damaged
T20260060369,P0489,2025-03-19,Wrong Item
T20260107699,P0182,2025-06-18,Damaged
T20250012840,P0246,2026-08-26,Damaged
T20250001126,P0308,2025-11-11,Customer Changed Mind
T20250146893,P0047,2025-01-01,Damaged
T20250147486,P0380,2026-10-29,Damaged
T20260089649,P0016,2026-09-21,Customer Changed Mind
T20250117058,P0098,2026-10-22,Wrong Item
T20260087273,P0327,2026-06-21,Damaged
T20250010438,P0238,2025-04-20,Wrong Item
T20260082038,P0186,2026-12-31,Customer Changed Mind
T20250048815,P0333,2026-09-27,Wrong Item
T20260018707,P0117,2025-07-15,Customer Changed Mind
T20250101794,P0465,2026-05-05,Customer Changed Mind
T20260033238,P0346,2026-04-19,Damaged
T20260091979,P0109,2025-10-11,Damaged
T20250116311,P0143,2026-05-21,Damaged
T20250135681,P0020,2025-01-09,Wrong Item
T20260033435,P0491,2026-07-15,Customer Changed Mind
T20260040625,P0144,2026-08-15,Wrong Item
T20260079614,P0161,2026-12-15,Wrong Item
T20260103170,P0350,2026-06-21,Customer Changed Mind
T20260041665,P0298,2026-08-04,Customer Changed Mind
T20260100046,P0033,2025-09-17,Wrong Item
T20260143678,P0176,2025-08-12,Damaged
T20250009245,P0220,2025-04-13,Damaged
T20260134678,P0455,2026-11-19,Damaged
T20250075899,P0193,2026-03-25,Damaged
T20260060069,P0154,2026-11-13,Customer Changed Mind
T20260133649,P0418,2025-12-24,Customer Changed Mind
T20260082093,P0058,2025-02-26,Customer Changed Mind
T20260131162,P0187,2025-04-14,Customer Changed Mind
T20260144487,P0091,2026-11-15,Wrong Item
T20250052933,P0019,2025-04-27,Damaged
T20260083758,P0469,2025-05-19,Wrong Item
T20260005210,P0030,2025-12-28,Wrong Item
T20250090221,P0372,2026-08-09,Wrong Item
T20260127803,P0050,2026-09-28,Damaged
T20250062001,P0297,2025-07-07,Customer Changed Mind
T20250121076,P0426,2025-01-22,Customer Changed Mind
T20260028711,P0269,2026-04-15,Damaged
T20250126458,P0339,2026-03-18,Customer Changed Mind
T20250054724,P0364,2025-08-24,Customer Changed Mind
T20250106952,P0232,2026-04-10,Wrong Item
T20250082321,P0248,2025-04-28,Customer Changed Mind
T20250120816,P0499,2025-01-02,Damaged
T20250067827,P0046,2025-11-24,Damaged
T20250023609,P0288,2026-06-20,Customer Changed Mind
T20250071380,P0312,2026-04-21,Customer Changed Mind
T20250133032,P0099,2026-11-18,Customer Changed Mind
T20260110853,P0414,2025-07-17,Damaged
T20250002847,P0464,2025-12-01,Damaged
T20260038872,P0470,2025-03-10,Customer Changed Mind
T20260039830,P0366,2025-06-19,Wrong Item
T20250104623,P0380,2025-02-27,Customer Changed Mind
T20260031643,P0466,2026-08-22,Customer Changed Mind
T20260114899,P0215,2025-02-12,Wrong Item
T20250078315,P0125,2026-09-18,Customer Changed Mind
T20250109896,P0051,2025-06-02,Customer Changed Mind
T20250067175,P0434,2025-10-22,Customer Changed Mind
T20260021441,P0499,2025-12-27,Customer Changed Mind
T20260078893,P0015,2026-10-07,Damaged
T20250082585,P0001,2026-11-23,Damaged
T20260028548,P0368,2025-01-18,Wrong Item
T20250012789,P0199,2025-10-23,Wrong Item
T20260053622,P0212,2025-07-30,Wrong Item
T20250036749,P0346,2026-08-11,Customer Changed Mind
T20260076240,P0124,2026-12-30,Customer Changed Mind
T20250023369,P0138,2026-06-21,Customer Changed Mind
T20250073602,P0440,2025-10-17,Customer Changed Mind
T20250121283,P0162,2026-10-29,Wrong Item
T20250014210,P0452,2025-11-20,Wrong Item
T20260032191,P0096,2026-02-19,Customer Changed Mind
T20260134595,P0096,2026-12-28,Customer Changed Mind
T20260127113,P0151,2026-12-31,Wrong Item
T20260107780,P0310,2025-08-02,Customer Changed Mind
T20260015586,P0021,2025-01-17,Customer Changed Mind
T20250131542,P0329,2025-11-02,Wrong Item
T20250072385,P0285,2026-06-25,Damaged
T20260013967,P0434,2025-12-03,Wrong Item
T20250024861,P0074,2026-08-10,Wrong Item
T20250101691,P0460,2026-01-01,Damaged
T20250097134,P0437,2025-07-20,Wrong Item
T20250036359,P0218,2025-03-26,Damaged
T20260049649,P0358,2026-03-05,Damaged
T20250026095,P0155,2025-12-23,Customer Changed Mind
T20250095563,P0335,2025-03-03,Wrong Item
T20250079554,P0495,2026-10-08,Customer Changed Mind
T20250052998,P0013,2025-09-14,Customer Changed Mind
T20250095935,P0212,2026-10-08,Damaged
T20260136808,P0016,2026-04-28,Damaged
T20250088659,P0467,2026-06-24,Wrong Item
T20260050430,P0070,2025-02-23,Customer Changed Mind
T20260149073,P0468,2026-08-25,Damaged
T20260082032,P0043,2025-06-05,Wrong Item
T20250093639,P0491,2026-10-09,Wrong Item
T20260060597,P0148,2026-09-24,Wrong Item
T20250030126,P0200,2025-05-17,Wrong Item
T20250070301,P0043,2025-06-17,Customer Changed Mind
T20260016796,P0321,2026-12-30,Wrong Item
T20250094180,P0391,2025-02-26,Customer Changed Mind
T20260136339,P0245,2025-02-19,Damaged
T20250122212,P0464,2026-09-26,Damaged
T20260056325,P0224,2026-06-30,Damaged
T20260081210,P0036,2025-12-01,Wrong Item
T20250110439,P0061,2026-10-14,Customer Changed Mind
T20250008150,P0319,2026-10-13,Damaged
T20250069379,P0037,2026-11-28,Customer Changed Mind
T20260028914,P0254,2026-10-05,Damaged
T20260116666,P0125,2025-09-28,Customer Changed Mind
T20260066849,P0462,2026-05-04,Damaged
T20260110191,P0198,2025-12-28,Customer Changed Mind
T20260020486,P0288,2026-06-15,Wrong Item
T20250141734,P0093,2025-12-08,Damaged
T20260057253,P0459,2025-03-19,Wrong Item
T20260011948,P0378,2026-04-12,Customer Changed Mind
T20260046121,P0480,2025-01-12,Wrong Item
T20250081263,P0164,2025-04-26,Wrong Item
T20250003930,P0039,2026-05-31,Customer Changed Mind
T20260102618,P0089,2026-08-05,Customer Changed Mind
T20250077476,P0247,2026-12-07,Customer Changed Mind
T20250056637,P0229,2026-11-04,Damaged
T20260114757,P0079,2026-08-06,Damaged
T20260052881,P0311,2025-01-09,Customer Changed Mind
T20250079773,P0493,2026-07-31,Damaged
T20260148329,P0299,2026-09-09,Wrong Item
T20250011194,P0049,2025-06-25,Customer Changed Mind
T20260093608,P0499,2025-01-03,Customer Changed Mind
T20260062985,P0311,2025-01-13,Wrong Item
T20260088186,P0105,2026-10-09,Customer Changed Mind
T20260024483,P0384,2026-04-03,Customer Changed Mind
T20260067309,P0291,2025-07-04,Customer Changed Mind
T20250046830,P0174,2025-10-21,Wrong Item
T20250127751,P0164,2025-12-18,Damaged
T20250073716,P0088,2025-08-20,Customer Changed Mind
T20250027234,P0282,2025-09-14,Wrong Item
T20250096913,P0331,2025-08-27,Customer Changed Mind
T20260095805,P0304,2026-12-19,Damaged
T20250106345,P0266,2026-05-26,Damaged
T20250012794,P0143,2025-08-21,Damaged
T20260069384,P0200,2025-08-07,Wrong Item
T20250062019,P0292,2025-06-29,Damaged
T20260082083,P0353,2026-10-09,Wrong Item
T20250080143,P0143,2026-11-21,Damaged
T20250007628,P0029,2025-02-13,Customer Changed Mind
T20250031016,P0199,2026-04-14,Damaged
T20260127454,P0106,2025-04-09,Customer Changed Mind
T20260106120,P0084,2026-07-29,Damaged
T20250110656,P0262,2025-03-22,Damaged
T20260096587,P0406,2025-04-06,Customer Changed Mind
T20250015079,P0241,2026-08-28,Wrong Item
T20250043453,P0218,2025-09-22,Damaged
T20260057411,P0281,2025-10-06,Wrong Item
T20260091799,P0246,2026-04-01,Wrong Item
T20250076387,P0400,2026-05-20,Customer Changed Mind
T20260038734,P0088,2026-02-22,Damaged
T20260121813,P0326,2026-06-02,Damaged
T20250041326,P0130,2025-06-17,Damaged
T20250098545,P0043,2025-07-30,Customer Changed Mind
T20260143583,P0471,2026-02-21,Customer Changed Mind
T20250005693,P0129,2025-09-01,Customer Changed Mind
T20260087713,P0152,2025-01-01,Wrong Item
T20260071891,P0002,2025-02-07,Customer Changed Mind
T20260108281,P0408,2026-08-28,Damaged
T20250037036,P0239,2026-12-03,Wrong Item
T20260118876,P0393,2026-09-11,Customer Changed Mind
T20250007137,P0450,2025-08-26,Damaged
T20260146925,P0113,2025-01-02,Customer Changed Mind
T20250042315,P0435,2025-02-04,Wrong Item
T20250043400,P0004,2026-06-02,Customer Changed Mind
T20250096702,P0183,2025-08-19,Customer Changed Mind
T20250054540,P0293,2026-01-06,Customer Changed Mind
T20250065689,P0267,2026-07-19,Customer Changed Mind
T20260092013,P0086,2025-02-11,Customer Changed Mind
T20260077659,P0482,2025-06-11,Wrong Item
T20250062815,P0360,2026-12-11,Damaged
T20250086708,P0226,2026-06-11,Customer Changed Mind
T20250132366,P0299,2026-12-07,Damaged
T20260117276,P0034,2026-12-02,Damaged
T20250051283,P0496,2026-08-08,Customer Changed Mind
T20260101481,P0352,2026-06-12,Customer Changed Mind
T20250122675,P0239,2026-12-26,Customer Changed Mind
T20260073244,P0352,2025-12-24,Wrong Item
T20260097507,P0431,2025-03-31,Damaged
T20250001764,P0306,2025-03-31,Wrong Item
T20250005022,P0258,2026-06-05,Damaged
T20250108945,P0287,2026-04-14,Damaged
T20260044570,P0246,2025-01-26,Customer Changed Mind
T20260066401,P0433,2025-05-27,Damaged
T20260046310,P0021,2026-11-08,Wrong Item
T20260006023,P0361,2026-06-14,Customer Changed Mind
T20250117444,P0281,2026-09-04,Customer Changed Mind
T20260054117,P0153,2025-07-20,Damaged
T20250086764,P0373,2025-11-25,Wrong Item
T20250060258,P0160,2026-02-21,Customer Changed Mind
T20250021479,P0455,2026-07-11,Damaged
T20260095798,P0067,2025-01-18,Wrong Item
T20250068005,P0464,2025-08-03,Customer Changed Mind
T20260010834,P0296,2026-01-15,Customer Changed Mind
T20260142161,P0261,2026-09-03,Customer Changed Mind
T20260055090,P0132,2025-06-04,Customer Changed Mind
T20260128799,P0166,2026-06-02,Wrong Item
T20250022821,P0039,2026-08-30,Wrong Item
T20250123962,P0427,2026-02-18,Wrong Item
T20260025265,P0247,2025-03-26,Damaged
T20260061017,P0071,2025-06-07,Wrong Item
T20260148374,P0393,2026-10-07,Damaged
T20250130310,P0427,2026-06-05,Customer Changed Mind
T20250065944,P0001,2025-10-03,Damaged
T20260047180,P0245,2026-07-02,Customer Changed Mind
T20260080812,P0484,2025-10-12,Damaged
T20260077720,P0128,2026-01-16,Customer Changed Mind
T20260018366,P0341,2025-05-24,Damaged
T20250086626,P0272,2026-07-05,Damaged
T20250097709,P0189,2025-03-16,Wrong Item
T20250028915,P0385,2026-01-22,Damaged
T20250044416,P0204,2025-01-16,Wrong Item
T20250143179,P0478,2026-11-06,Damaged
T20250083296,P0198,2025-08-15,Damaged
T20250120257,P0168,2025-09-08,Customer Changed Mind
T20250099717,P0130,2025-02-14,Damaged
T20250030655,P0356,2025-01-04,Damaged
T20260108540,P0323,2026-06-02,Damaged
T20260037230,P0137,2026-10-25,Customer Changed Mind
T20260147292,P0097,2026-11-22,Wrong Item
T20260002642,P0382,2025-05-27,Damaged
T20260132788,P0073,2025-11-16,Wrong Item
T20260050805,P0444,2025-10-25,Damaged
T20250060410,P0087,2026-11-06,Damaged
T20250094014,P0140,2025-10-10,Damaged
T20250090667,P0257,2026-09-04,Damaged
T20250119622,P0165,2026-03-11,Customer Changed Mind
T20260124625,P0073,2025-05-11,Wrong Item
T20250044679,P0093,2026-10-22,Damaged
T20250044075,P0318,2025-02-10,Customer Changed Mind
T20260040699,P0029,2026-05-14,Customer Changed Mind
T20250133585,P0095,2025-03-29,Damaged
T20250026378,P0357,2025-02-08,Damaged
T20250010434,P0442,2025-01-08,Damaged
T20250073121,P0145,2026-08-08,Wrong Item
T20250060471,P0443,2026-09-14,Customer Changed Mind
T20250121455,P0334,2025-08-21,Wrong Item
T20250082555,P0369,2025-04-17,Customer Changed Mind
T20260032896,P0427,2026-12-03,Customer Changed Mind
T20250067043,P0216,2026-08-16,Wrong Item
T20250074610,P0325,2025-07-30,Wrong Item
T20250100551,P0315,2025-03-12,Customer Changed Mind
T20250014256,P0040,2026-12-13,Damaged
T20260087904,P0144,2026-10-10,Wrong Item
T20260146372,P0289,2025-10-11,Damaged
T20260065868,P0159,2025-03-28,Wrong Item
T20250053208,P0421,2025-03-23,Wrong Item
T20260112560,P0140,2025-01-23,Damaged
T20260090537,P0307,2026-01-24,Damaged
T20260030896,P0119,2025-05-12,Wrong Item
T20260069702,P0336,2026-03-07,Customer Changed Mind
T20260075289,P0041,2025-03-30,Customer Changed Mind
T20250030133,P0143,2026-10-04,Customer Changed Mind
T20250119945,P0488,2026-05-04,Damaged
T20260011531,P0108,2025-05-24,Damaged
T20250090436,P0221,2026-11-14,Damaged
T20250002532,P0106,2026-04-27,Customer Changed Mind
T20260032902,P0398,2026-05-22,Damaged
T20260125605,P0063,2025-08-30,Wrong Item
T20250008702,P0273,2026-12-04,Damaged
T20260080004,P0236,2026-03-17,Damaged
T20260048377,P0120,2025-12-22,Customer Changed Mind
T20260071819,P0257,2026-08-06,Damaged
T20260044063,P0347,2026-06-14,Damaged
T20250105625,P0270,2025-04-20,Customer Changed Mind
T20250095356,P0084,2026-01-23,Customer Changed Mind
T20250093564,P0360,2025-07-18,Wrong Item
T20260037981,P0145,2026-09-24,Customer Changed Mind
T20260138234,P0294,2025-12-23,Wrong Item
T20250138391,P0311,2026-01-27,Customer Changed Mind
T20260116455,P0016,2026-05-03,Customer Changed Mind
T20250102089,P0332,2026-04-01,Damaged
T20250023134,P0283,2025-12-09,Wrong Item
T20260143165,P0184,2026-08-26,Wrong Item
T20260084486,P0102,2025-12-23,Customer Changed Mind
T20250030362,P0416,2026-07-01,Damaged
T20250089215,P0488,2025-02-10,Wrong Item
T20260004412,P0389,2025-02-09,Customer Changed Mind
T20260140518,P0059,2026-09-20,Damaged
T20250088465,P0370,2026-11-27,Damaged
T20250051869,P0095,2026-04-05,Damaged
T20260015112,P0136,2025-05-20,Damaged
T20260131382,P0454,2025-07-31,Customer Changed Mind
T20250100938,P0143,2025-08-24,Customer Changed Mind
T20260100920,P0180,2026-07-13,Wrong Item
T20260006028,P0134,2026-01-30,Wrong Item
T20250085782,P0423,2025-04-23,Customer Changed Mind
T20260037907,P0349,2025-07-02,Damaged
T20260134092,P0118,2025-09-16,Wrong Item
T20260138423,P0436,2025-07-15,Damaged
T20250018094,P0051,2026-07-22,Wrong Item
T20250020013,P0499,2026-02-28,Wrong Item
T20250054747,P0245,2025-11-12,Damaged
T20250010171,P0147,2025-08-26,Customer Changed Mind
T20250117293,P0321,2026-10-24,Customer Changed Mind
T20250139696,P0185,2025-12-03,Customer Changed Mind
T20250111207,P0441,2025-01-02,Customer Changed Mind
T20260040733,P0381,2025-09-28,Damaged
T20260026325,P0096,2025-08-11,Wrong Item
T20260091686,P0054,2026-07-21,Wrong Item
T20250133489,P0341,2026-12-05,Customer Changed Mind
T20250079149,P0257,2025-07-16,Damaged
T20250145701,P0212,2026-02-24,Wrong Item
T20250023064,P0266,2026-05-12,Damaged
T20250023981,P0393,2025-08-01,Damaged
T20260139057,P0330,2026-02-11,Damaged
T20260001917,P0039,2026-03-09,Customer Changed Mind
T20250115936,P0133,2025-12-20,Customer Changed Mind
T20250035870,P0472,2026-08-26,Customer Changed Mind
T20260114111,P0084,2025-09-16,Wrong Item
T20260078091,P0267,2025-11-05,Damaged
T20250110403,P0405,2025-10-30,Wrong Item
T20260062189,P0327,2026-05-25,Damaged
T20250135094,P0164,2025-06-21,Customer Changed Mind
T20260071042,P0353,2025-06-28,Customer Changed Mind
T20250114106,P0051,2025-09-11,Customer Changed Mind
T20260050688,P0252,2025-01-09,Damaged
T20260090767,P0141,2025-02-07,Customer Changed Mind
T20260118702,P0194,2026-10-13,Customer Changed Mind
T20260117463,P0380,2026-04-12,Customer Changed Mind
T20260107265,P0162,2026-05-11,Wrong Item
T20250102218,P0051,2025-09-19,Wrong Item
T20250108128,P0349,2025-12-16,Customer Changed Mind
T20250136235,P0345,2025-05-15,Damaged
T20260049374,P0252,2025-08-01,Wrong Item
T20260118353,P0101,2026-09-19,Customer Changed Mind
T20260103139,P0291,2026-10-02,Customer Changed Mind
T20250116754,P0085,2025-11-15,Damaged
T20250088621,P0407,2026-05-07,Wrong Item
T20250055857,P0167,2026-09-17,Damaged
T20250029989,P0204,2025-01-18,Wrong Item
T20250046107,P0021,2025-11-09,Damaged
T20250032365,P0161,2026-12-12,Wrong Item
T20250036608,P0179,2025-10-28,Wrong Item
T20250072745,P0107,2026-02-22,Damaged
T20260047366,P0244,2026-06-30,Wrong Item
T20260116608,P0457,2026-11-24,Damaged
T20250004012,P0054,2025-09-02,Customer Changed Mind
T20260058014,P0057,2026-02-15,Wrong Item
T20250080164,P0190,2026-04-07,Wrong Item
T20250090055,P0279,2025-10-23,Customer Changed Mind
T20260120884,P0274,2025-03-13,Customer Changed Mind
T20260148917,P0238,2026-03-30,Customer Changed Mind
T20250133635,P0359,2025-09-08,Wrong Item
T20250056375,P0325,2025-01-24,Customer Changed Mind
T20250098532,P0020,2026-03-13,Customer Changed Mind
T20250107798,P0198,2025-01-01,Customer Changed Mind
T20250054300,P0142,2025-10-20,Wrong Item
T20250020362,P0119,2025-03-15,Wrong Item
T20260033502,P0329,2026-10-22,Wrong Item
T20260032273,P0265,2025-01-18,Damaged
T20250124897,P0132,2026-12-21,Wrong Item
T20260107117,P0081,2025-01-07,Damaged
T20250059842,P0093,2025-01-12,Wrong Item
T20260113222,P0042,2025-02-04,Damaged
T20250100670,P0115,2026-07-24,Damaged
T20250092744,P0401,2026-06-06,Customer Changed Mind
T20250088852,P0371,2025-03-14,Customer Changed Mind
T20250059411,P0187,2026-08-18,Customer Changed Mind
T20250116857,P0249,2026-09-02,Customer Changed Mind
T20260092739,P0481,2026-10-14,Customer Changed Mind
T20250012904,P0461,2026-09-24,Customer Changed Mind
T20260071292,P0411,2026-04-26,Wrong Item
T20260107675,P0045,2025-05-01,Damaged
T20250055497,P0389,2025-01-01,Wrong Item
T20250141241,P0103,2026-10-19,Customer Changed Mind
T20260129324,P0227,2026-06-05,Wrong Item
T20250085503,P0479,2026-05-24,Customer Changed Mind
T20260081889,P0426,2025-03-09,Damaged
T20260146739,P0401,2026-04-19,Wrong Item
T20260048780,P0409,2025-02-16,Damaged
T20260083954,P0338,2026-08-05,Damaged
T20260082711,P0409,2025-10-01,Customer Changed Mind
T20250066293,P0290,2026-12-10,Customer Changed Mind
T20260057821,P0017,2025-10-15,Customer Changed Mind
T20260019316,P0389,2025-10-09,Wrong Item
T20260008186,P0158,2025-05-09,Wrong Item
T20260112620,P0488,2025-07-14,Wrong Item
T20260042075,P0366,2025-07-14,Wrong Item
T20260067625,P0219,2026-09-15,Damaged
T20260111029,P0499,2026-12-10,Damaged
T20260144196,P0125,2026-06-27,Damaged
T20260115497,P0253,2025-12-20,Damaged
T20260096748,P0248,2026-12-02,Wrong Item
T20250026314,P0113,2025-06-15,Customer Changed Mind
T20260048104,P0427,2026-05-13,Damaged
T20260114413,P0312,2026-09-16,Damaged
T20250047724,P0366,2026-04-26,Damaged
T20260036538,P0485,2025-01-28,Customer Changed Mind
T20250149501,P0469,2026-01-18,Customer Changed Mind
T20250060162,P0118,2026-12-07,Customer Changed Mind
T20260067881,P0166,2026-06-23,Customer Changed Mind
T20260146253,P0179,2025-06-15,Wrong Item
T20250120941,P0272,2025-10-23,Wrong Item
T20260017778,P0266,2025-11-18,Damaged
T20260094552,P0135,2025-03-26,Damaged
T20260017845,P0383,2025-07-28,Wrong Item
T20260034408,P0264,2026-05-27,Customer Changed Mind
T20260054144,P0261,2026-09-16,Customer Changed Mind
T20260036510,P0399,2026-08-18,Damaged
T20250147028,P0258,2025-08-24,Damaged
T20260086815,P0414,2026-10-23,Damaged
T20260066121,P0411,2025-03-31,Damaged
T20250027636,P0347,2025-01-26,Wrong Item
T20260109190,P0079,2025-06-26,Wrong Item
T20260016443,P0304,2025-04-23,Customer Changed Mind
T20260087888,P0018,2026-04-20,Wrong Item
T20250135087,P0081,2026-09-13,Wrong Item
T20250132400,P0051,2026-01-19,Customer Changed Mind
T20260076506,P0134,2026-05-17,Customer Changed Mind
T20250087536,P0477,2026-07-03,Damaged
T20260102437,P0294,2025-03-22,Wrong Item
T20250020639,P0008,2025-03-22,Wrong Item
T20260098188,P0145,2026-04-10,Customer Changed Mind
T20260128631,P0062,2026-03-19,Customer Changed Mind
T20260083465,P0301,2026-11-03,Customer Changed Mind
T20250007429,P0390,2026-02-16,Damaged
T20250131790,P0358,2025-01-27,Customer Changed Mind
T20260003158,P0104,2025-09-24,Damaged
T20250120399,P0217,2025-12-17,Customer Changed Mind
T20260006599,P0305,2025-05-19,Customer Changed Mind
T20260047992,P0312,2026-02-21,Customer Changed Mind
T20260001646,P0209,2025-04-27,Customer Changed Mind
T20260112894,P0320,2026-09-16,Damaged
T20250139169,P0409,2026-12-15,Customer Changed Mind
T20260020874,P0441,2025-02-04,Wrong Item
T20260083683,P0390,2025-09-22,Customer Changed Mind
T20250034695,P0012,2025-08-09,Customer Changed Mind
T20250129202,P0428,2026-07-05,Customer Changed Mind
T20260025113,P0008,2026-02-12,Wrong Item
T20260024570,P0286,2025-08-12,Wrong Item
T20260116262,P0066,2026-05-04,Wrong Item
T20250045324,P0111,2026-05-04,Wrong Item
T20260074251,P0113,2026-01-18,Wrong Item
T20260140960,P0205,2025-05-31,Customer Changed Mind
T20260069305,P0030,2026-01-13,Customer Changed Mind
T20260119366,P0477,2026-05-07,Customer Changed Mind
T20250101231,P0230,2025-12-23,Damaged
T20250105599,P0038,2025-04-24,Wrong Item
T20260107861,P0431,2026-09-23,Damaged
T20260035867,P0071,2026-03-09,Customer Changed Mind
T20250041976,P0399,2026-04-25,Damaged
T20260052771,P0155,2026-08-22,Customer Changed Mind
T20260037607,P0336,2026-03-05,Damaged
T20250082313,P0269,2026-04-18,Customer Changed Mind
T20260149761,P0470,2025-07-29,Customer Changed Mind
T20250116010,P0240,2025-06-01,Wrong Item
T20250141507,P0374,2026-11-09,Customer Changed Mind
T20250130468,P0360,2025-10-18,Customer Changed Mind
T20260103600,P0478,2026-11-06,Customer Changed Mind
T20260088239,P0236,2026-12-19,Wrong Item
T20250065468,P0366,2025-09-08,Wrong Item
T20250034016,P0129,2025-09-18,Customer Changed Mind
T20260056382,P0322,2025-01-05,Customer Changed Mind
T20250059867,P0256,2025-08-28,Damaged
T20250014457,P0495,2026-09-22,Damaged
T20250141667,P0451,2026-08-23,Damaged
T20250096477,P0160,2025-01-20,Customer Changed Mind
T20260116611,P0007,2026-08-24,Damaged
T20260022629,P0146,2025-02-08,Customer Changed Mind
T20260132522,P0213,2025-05-20,Customer Changed Mind
T20250089651,P0163,2025-11-25,Damaged
T20250115970,P0183,2025-02-22,Customer Changed Mind
T20250096400,P0292,2025-08-31,Damaged
T20260114011,P0253,2026-09-07,Customer Changed Mind
T20260148499,P0366,2026-10-16,Damaged
T20250073194,P0025,2026-05-17,Customer Changed Mind
T20250102568,P0425,2025-11-03,Damaged
T20260043972,P0011,2026-03-26,Wrong Item
T20250030664,P0124,2025-11-20,Wrong Item
T20260101800,P0094,2025-07-14,Damaged
T20250065759,P0494,2026-10-29,Wrong Item
T20260072533,P0194,2025-03-26,Damaged
T20260076020,P0338,2026-11-17,Customer Changed Mind
T20260088652,P0247,2025-04-05,Customer Changed Mind
T20250121551,P0218,2025-01-21,Wrong Item
T20260039041,P0052,2025-05-24,Damaged
T20260072389,P0450,2025-03-30,Customer Changed Mind
T20250032308,P0351,2025-05-19,Wrong Item
T20260130720,P0288,2025-03-19,Wrong Item
T20250070524,P0379,2025-09-02,Customer Changed Mind
T20250073417,P0010,2025-11-17,Wrong Item
T20260102457,P0451,2025-06-29,Customer Changed Mind
T20260143572,P0414,2026-11-08,Customer Changed Mind
T20260065354,P0372,2026-10-07,Customer Changed Mind
T20250086628,P0228,2025-09-19,Customer Changed Mind
T20250147567,P0401,2025-10-15,Wrong Item
T20250098365,P0098,2026-11-16,Damaged
T20260115118,P0012,2025-10-07,Damaged
T20250024356,P0336,2025-05-10,Damaged
T20260118594,P0414,2025-08-11,Damaged
T20250032311,P0042,2025-06-24,Damaged
T20250066934,P0297,2025-04-12,Damaged
T20260010102,P0052,2026-03-28,Wrong Item
T20260120451,P0226,2026-02-07,Customer Changed Mind
T20250106013,P0424,2025-04-24,Customer Changed Mind
T20260086059,P0381,2026-08-08,Damaged
T20260106991,P0146,2026-07-14,Customer Changed Mind
T20260090528,P0326,2026-03-12,Damaged
T20250016421,P0306,2025-03-24,Damaged
T20260146144,P0154,2026-10-02,Wrong Item
T20250032275,P0269,2026-04-10,Customer Changed Mind
T20260061356,P0014,2026-07-23,Customer Changed Mind
T20250045776,P0302,2025-11-03,Customer Changed Mind
T20260016608,P0083,2025-06-14,Customer Changed Mind
T20250082430,P0307,2025-10-20,Wrong Item
T20250067620,P0367,2025-03-14,Customer Changed Mind
T20250094271,P0160,2025-03-27,Damaged
T20260057853,P0002,2025-11-14,Customer Changed Mind
T20260097518,P0153,2025-07-05,Damaged
T20260035170,P0333,2026-07-29,Customer Changed Mind
T20260091233,P0104,2025-10-04,Wrong Item
T20250069988,P0356,2026-05-15,Wrong Item
T20260142562,P0398,2025-12-02,Wrong Item
T20260075548,P0169,2026-09-15,Wrong Item
T20260070105,P0177,2025-09-10,Damaged
T20260085866,P0352,2025-05-17,Customer Changed Mind
T20250075004,P0126,2026-05-25,Wrong Item
T20250091401,P0272,2026-10-09,Customer Changed Mind
T20250033536,P0392,2026-01-21,Customer Changed Mind
T20250062129,P0090,2026-08-04,Damaged
T20260116236,P0418,2025-02-22,Customer Changed Mind
T20250077787,P0158,2025-01-01,Damaged
T20250146132,P0060,2025-02-28,Damaged
T20260040729,P0116,2025-06-28,Wrong Item
T20250137771,P0330,2025-12-15,Customer Changed Mind
T20260129177,P0106,2025-05-30,Customer Changed Mind
T20260125400,P0452,2026-10-21,Wrong Item
T20250032833,P0454,2026-12-13,Customer Changed Mind
T20260094220,P0319,2025-05-09,Customer Changed Mind
T20260081116,P0139,2025-08-02,Wrong Item
T20250123968,P0440,2026-02-06,Wrong Item
T20250138775,P0099,2026-05-07,Damaged
T20250080236,P0267,2025-03-21,Damaged
T20250118087,P0209,2025-01-19,Wrong Item
T20250142143,P0477,2026-06-02,Damaged
T20260090193,P0343,2026-03-11,Wrong Item
T20260076746,P0124,2026-08-09,Damaged
T20250018303,P0145,2026-06-22,Customer Changed Mind
T20250039852,P0447,2026-02-02,Damaged
T20260040911,P0143,2026-11-25,Customer Changed Mind
T20260038562,P0413,2025-05-21,Wrong Item
T20250107423,P0131,2025-03-26,Damaged
T20260136770,P0042,2025-08-14,Wrong Item
T20250102673,P0064,2025-12-30,Damaged
T20250114325,P0130,2025-05-16,Damaged
T20260008673,P0297,2026-07-26,Wrong Item
T20250018007,P0044,2025-03-26,Damaged
T20260065974,P0160,2025-04-16,Damaged
T20250032189,P0177,2025-02-19,Damaged
T20250116448,P0241,2025-12-06,Wrong Item
T20250063645,P0247,2025-01-13,Customer Changed Mind
T20260111219,P0500,2026-07-12,Damaged
T20260111913,P0466,2026-07-30,Customer Changed Mind
T20250028724,P0071,2026-11-14,Wrong Item
T20250073332,P0358,2026-07-23,Wrong Item
T20260014855,P0433,2026-10-20,Wrong Item
T20260060457,P0117,2026-04-29,Damaged
T20250089143,P0381,2025-04-23,Damaged
T20260080928,P0466,2025-04-25,Wrong Item
T20260085886,P0119,2025-03-17,Damaged
T20260098744,P0456,2025-10-09,Damaged
T20260099929,P0260,2026-08-15,Wrong Item
T20250033643,P0290,2026-06-25,Damaged
T20260140392,P0464,2026-12-29,Damaged
T20260045816,P0301,2026-12-31,Customer Changed Mind
T20260074667,P0370,2026-06-08,Wrong Item
T20260125158,P0175,2026-06-01,Wrong Item
T20260048149,P0288,2026-01-15,Damaged
T20250034861,P0353,2025-07-03,Wrong Item
T20260122057,P0477,2026-08-15,Wrong Item
T20260074550,P0018,2026-11-12,Damaged
T20250016957,P0407,2025-01-16,Customer Changed Mind
T20260094155,P0260,2026-08-12,Wrong Item
T20260050845,P0424,2026-10-04,Wrong Item
T20250026351,P0163,2025-12-08,Wrong Item
T20260046061,P0174,2025-12-15,Customer Changed Mind
T20250101198,P0076,2025-09-18,Wrong Item
T20250053647,P0408,2026-09-12,Wrong Item
T20260010970,P0075,2026-10-02,Customer Changed Mind
T20260133091,P0314,2025-12-13,Customer Changed Mind
T20250130977,P0150,2025-05-02,Wrong Item
T20260058119,P0462,2026-03-26,Customer Changed Mind
T20250148080,P0391,2026-12-30,Customer Changed Mind
T20250106649,P0147,2026-10-17,Damaged
T20250093936,P0275,2026-05-12,Damaged
T20250054674,P0295,2025-08-05,Customer Changed Mind
T20260109624,P0168,2025-02-21,Customer Changed Mind
T20260092750,P0387,2026-09-16,Wrong Item
T20260077040,P0262,2025-05-16,Customer Changed Mind
T20250022410,P0283,2026-02-02,Damaged
T20250069176,P0437,2026-02-15,Damaged
T20260113404,P0311,2025-05-08,Damaged
T20260076111,P0313,2026-11-20,Damaged
T20250066016,P0233,2025-03-25,Customer Changed Mind
T20260040516,P0138,2025-12-25,Damaged
T20250144429,P0414,2025-06-10,Damaged
T20250071739,P0035,2026-10-14,Wrong Item
T20260024244,P0404,2026-05-19,Customer Changed Mind
T20250108980,P0295,2025-08-23,Wrong Item
T20260005544,P0226,2025-06-09,Wrong Item
T20260001246,P0239,2025-04-13,Damaged
T20260073204,P0439,2026-11-20,Wrong Item
T20260010983,P0334,2026-06-24,Damaged
T20250049480,P0073,2025-12-06,Wrong Item
T20260099511,P0006,2025-06-03,Wrong Item
T20260057277,P0404,2025-07-25,Wrong Item
T20260145998,P0297,2026-09-03,Customer Changed Mind
T20260082809,P0018,2026-02-19,Customer Changed Mind
T20250093955,P0493,2025-01-07,Customer Changed Mind
T20250119284,P0074,2025-01-03,Customer Changed Mind
T20260042661,P0103,2025-04-18,Customer Changed Mind
T20250112776,P0004,2025-09-04,Damaged
T20250105631,P0491,2025-01-19,Wrong Item
T20250019402,P0052,2026-10-20,Damaged
T20250143974,P0151,2025-12-18,Wrong Item
T20260114348,P0109,2025-03-03,Customer Changed Mind
T20250071809,P0476,2025-05-04,Customer Changed Mind
T20260107073,P0427,2025-06-09,Damaged
T20250094159,P0163,2026-11-11,Damaged
T20250060987,P0364,2025-10-20,Damaged
T20260114058,P0353,2025-03-22,Damaged
T20250143253,P0380,2026-05-09,Damaged
T20260047671,P0100,2025-07-13,Wrong Item
T20250104053,P0091,2025-10-11,Wrong Item
T20260037314,P0410,2026-07-15,Damaged
T20260142226,P0394,2025-01-11,Customer Changed Mind
T20260075168,P0063,2025-03-10,Customer Changed Mind
T20250006117,P0086,2025-10-06,Customer Changed Mind
T20250015971,P0053,2025-05-10,Customer Changed Mind
T20260083177,P0200,2025-08-03,Customer Changed Mind
T20250131737,P0309,2026-12-11,Wrong Item
T20260046136,P0164,2026-12-26,Customer Changed Mind
T20260132417,P0055,2025-03-18,Wrong Item
T20250114375,P0075,2026-07-11,Customer Changed Mind
T20250004018,P0398,2025-03-23,Customer Changed Mind
T20250094137,P0246,2025-08-30,Damaged
T20260129536,P0493,2025-02-19,Wrong Item
T20260024881,P0419,2026-01-26,Wrong Item
T20260001683,P0227,2026-10-28,Customer Changed Mind
T20250012044,P0043,2025-11-29,Wrong Item
T20260079550,P0100,2026-01-18,Damaged
T20250100356,P0344,2026-03-30,Wrong Item
T20260121669,P0333,2026-02-24,Wrong Item
T20260032720,P0447,2026-11-22,Customer Changed Mind
T20250064443,P0141,2026-07-06,Customer Changed Mind
T20260001561,P0003,2025-04-11,Damaged
T20250026702,P0387,2025-08-19,Customer Changed Mind
T20260042325,P0449,2025-10-21,Customer Changed Mind
T20260089994,P0284,2026-07-19,Damaged
T20260065998,P0054,2025-07-25,Damaged
T20250088616,P0475,2025-07-21,Customer Changed Mind
T20250021697,P0376,2025-04-05,Customer Changed Mind
T20260121505,P0417,2026-06-23,Damaged
T20260136778,P0208,2026-07-10,Damaged
T20260007695,P0472,2026-11-16,Customer Changed Mind
T20260149644,P0464,2025-02-09,Wrong Item
T20250124637,P0370,2025-06-30,Wrong Item
T20260050764,P0158,2025-10-03,Customer Changed Mind
T20250110620,P0212,2026-07-12,Damaged
T20260000709,P0477,2025-07-25,Damaged
T20260036226,P0009,2025-06-14,Damaged
T20260015158,P0339,2025-03-10,Wrong Item
T20250028513,P0042,2025-01-25,Customer Changed Mind
T20260089361,P0055,2025-11-07,Wrong Item
T20260132340,P0405,2026-06-27,Wrong Item
T20250003311,P0155,2025-01-20,Damaged
T20250140499,P0044,2025-11-18,Customer Changed Mind
T20250006525,P0252,2026-02-13,Damaged
T20250019968,P0417,2026-12-30,Wrong Item
T20260110135,P0453,2026-05-29,Customer Changed Mind
T20250117951,P0246,2026-04-26,Damaged
T20260095560,P0134,2025-11-13,Damaged
T20250046326,P0237,2026-10-15,Damaged
T20250031909,P0083,2025-05-06,Customer Changed Mind
T20250066587,P0111,2026-06-20,Damaged
T20250011931,P0075,2026-09-26,Customer Changed Mind
T20250122839,P0376,2025-08-01,Wrong Item
T20260117801,P0371,2025-08-24,Wrong Item
T20260018587,P0255,2025-03-30,Wrong Item
T20250078542,P0416,2025-05-14,Customer Changed Mind
T20250077549,P0004,2025-12-12,Damaged
T20260041594,P0241,2026-06-12,Customer Changed Mind
T20250020512,P0126,2025-07-02,Customer Changed Mind
T20250091550,P0206,2025-02-10,Wrong Item
T20260134901,P0033,2025-11-07,Wrong Item
T20260010084,P0344,2026-11-29,Wrong Item
T20250112989,P0046,2025-04-10,Damaged
T20260040610,P0212,2025-01-20,Customer Changed Mind
T20260117016,P0470,2026-12-21,Wrong Item
T20250097883,P0283,2025-03-19,Customer Changed Mind
T20260142989,P0397,2025-08-28,Damaged
T20260091926,P0016,2026-06-19,Damaged
T20260095287,P0154,2026-06-09,Wrong Item
T20250060056,P0114,2026-10-19,Wrong Item
T20250029434,P0312,2025-03-05,Wrong Item
T20260017997,P0304,2025-04-13,Wrong Item
T20250079611,P0499,2026-09-12,Customer Changed Mind
T20250044872,P0050,2026-05-09,Wrong Item
T20260008191,P0248,2026-07-10,Damaged
T20250055279,P0368,2025-09-20,Wrong Item
T20250113899,P0113,2025-12-23,Wrong Item
T20260119419,P0349,2026-05-16,Customer Changed Mind
T20260146010,P0036,2025-09-24,Damaged
T20260122453,P0425,2026-08-19,Customer Changed Mind
T20250101885,P0323,2025-12-22,Damaged
T20260138242,P0080,2026-10-16,Wrong Item
T20250009220,P0251,2025-01-23,Damaged
T20260052003,P0308,2026-07-07,Damaged
T20250080055,P0118,2025-11-24,Customer Changed Mind
T20250058845,P0097,2025-05-19,Damaged
T20250033035,P0498,2026-01-07,Damaged
T20250106374,P0262,2025-12-23,Customer Changed Mind
T20250076284,P0459,2026-01-29,Wrong Item
T20250008488,P0480,2026-08-15,Customer Changed Mind
T20250026039,P0071,2025-05-19,Customer Changed Mind
T20250146377,P0065,2025-07-12,Wrong Item
T20250128418,P0127,2026-12-02,Customer Changed Mind
T20260088243,P0150,2026-01-08,Customer Changed Mind
T20260104206,P0306,2026-05-08,Damaged
T20260086881,P0047,2026-06-11,Wrong Item
T20250057663,P0404,2025-10-18,Wrong Item
T20260133491,P0121,2026-12-14,Wrong Item
T20260055224,P0236,2025-07-12,Wrong Item
T20260142725,P0431,2026-07-27,Customer Changed Mind
T20250043468,P0369,2025-01-26,Wrong Item
T20260082557,P0097,2026-09-17,Wrong Item
T20260080411,P0315,2026-06-03,Wrong Item
T20260144071,P0182,2025-11-06,Wrong Item
T20260037227,P0222,2026-04-13,Customer Changed Mind
T20250034156,P0325,2026-06-30,Damaged
T20250000204,P0058,2026-06-09,Damaged
T20260072625,P0132,2025-07-24,Customer Changed Mind
T20260141301,P0432,2026-05-05,Damaged
T20260034110,P0170,2026-02-16,Customer Changed Mind
T20260090326,P0284,2026-09-16,Damaged
T20260099346,P0384,2025-09-12,Customer Changed Mind
T20260074687,P0408,2025-04-13,Damaged
T20250045021,P0462,2026-04-04,Customer Changed Mind
T20260144962,P0282,2026-02-20,Wrong Item
T20250082723,P0109,2025-03-27,Damaged
T20260086507,P0364,2026-10-05,Damaged
T20250018335,P0338,2025-03-25,Customer Changed Mind
T20260132529,P0310,2025-05-11,Wrong Item
T20260032309,P0299,2025-04-13,Customer Changed Mind
T20250039289,P0233,2026-09-27,Damaged
T20250048467,P0403,2026-04-25,Wrong Item
T20260078033,P0151,2025-06-20,Damaged
T20250101352,P0167,2026-03-24,Customer Changed Mind
T20260094503,P0206,2025-08-10,Wrong Item
T20250089708,P0464,2025-05-22,Customer Changed Mind
T20260107578,P0083,2025-12-15,Wrong Item
T20260113424,P0048,2025-09-09,Damaged
T20250082595,P0056,2026-07-02,Wrong Item
T20250075374,P0163,2026-08-06,Customer Changed Mind
T20250089852,P0026,2026-12-01,Customer Changed Mind
T20250131456,P0160,2026-01-07,Damaged
T20260051164,P0437,2025-05-09,Wrong Item
T20260026395,P0047,2026-10-02,Customer Changed Mind
T20250111852,P0380,2025-12-05,Customer Changed Mind
T20260118601,P0094,2026-06-21,Damaged
T20250114126,P0330,2026-10-20,Customer Changed Mind
T20260136414,P0057,2025-11-22,Wrong Item
T20260024184,P0424,2026-10-17,Wrong Item
T20250085830,P0209,2026-10-15,Customer Changed Mind
T20250119440,P0061,2025-03-03,Wrong Item
T20250047272,P0069,2026-08-14,Customer Changed Mind
T20250143938,P0268,2026-03-20,Damaged
T20260085567,P0341,2026-05-03,Customer Changed Mind
T20250122406,P0304,2025-02-12,Customer Changed Mind
T20260105058,P0008,2026-04-07,Damaged
T20260093412,P0284,2025-07-26,Damaged
T20250116657,P0500,2025-06-12,Damaged
T20250054046,P0395,2026-08-31,Customer Changed Mind
T20260141504,P0083,2026-10-25,Damaged
T20260059885,P0407,2026-02-12,Wrong Item
T20250057045,P0452,2026-10-11,Customer Changed Mind
T20260009390,P0297,2025-03-02,Damaged
T20250063912,P0153,2026-11-11,Wrong Item
T20250132438,P0044,2026-09-13,Damaged
T20250051410,P0390,2026-10-11,Customer Changed Mind
T20250127076,P0170,2025-10-18,Wrong Item
T20260026407,P0113,2026-05-06,Customer Changed Mind
T20250090518,P0498,2025-04-08,Damaged
T20260048477,P0268,2026-02-28,Customer Changed Mind
T20250030520,P0108,2026-04-04,Customer Changed Mind
T20250086819,P0381,2026-12-22,Damaged
T20250004562,P0113,2026-07-09,Damaged
T20250021402,P0468,2025-11-22,Wrong Item
T20250041911,P0074,2025-08-09,Customer Changed Mind
T20260024729,P0269,2025-06-29,Customer Changed Mind
T20260047861,P0212,2025-05-19,Wrong Item
T20250048579,P0289,2026-12-21,Wrong Item
T20260090865,P0396,2026-10-03,Wrong Item
T20260092524,P0066,2025-11-29,Wrong Item
T20260141153,P0202,2026-07-03,Damaged
T20260045395,P0204,2025-12-15,Damaged
T20250007588,P0416,2026-10-19,Customer Changed Mind
T20260052277,P0262,2025-08-20,Wrong Item
T20250005181,P0438,2026-11-01,Customer Changed Mind
T20260109975,P0216,2025-08-14,Wrong Item
T20250056597,P0445,2026-05-27,Damaged
T20260122604,P0075,2025-10-22,Customer Changed Mind
T20260132062,P0346,2025-04-21,Damaged
T20250027286,P0316,2026-07-13,Damaged
T20250079022,P0166,2025-03-05,Wrong Item
T20250099116,P0135,2026-09-08,Wrong Item
T20250121911,P0028,2025-05-20,Customer Changed Mind
T20260024319,P0277,2026-01-02,Wrong Item
T20250132147,P0081,2025-01-01,Wrong Item
T20260100366,P0119,2026-06-17,Customer Changed Mind
T20250017214,P0379,2026-04-09,Wrong Item
T20260128669,P0165,2025-04-07,Customer Changed Mind
T20250044131,P0493,2026-09-16,Wrong Item
T20260147611,P0281,2026-03-02,Wrong Item
T20260133624,P0356,2025-07-18,Damaged
T20250027689,P0026,2025-04-02,Damaged
T20250068095,P0297,2025-06-04,Customer Changed Mind
T20260016423,P0438,2025-09-16,Customer Changed Mind
T20250020467,P0176,2026-12-17,Customer Changed Mind
T20250064311,P0074,2025-07-29,Customer Changed Mind
T20250100504,P0204,2025-03-21,Damaged
T20250035767,P0129,2025-12-18,Customer Changed Mind
T20250094537,P0297,2026-02-10,Wrong Item
T20260029895,P0154,2026-10-11,Wrong Item
T20250102324,P0323,2025-09-05,Damaged
T20250016245,P0260,2025-06-22,Wrong Item
T20260074196,P0342,2025-05-05,Customer Changed Mind
T20260070727,P0039,2025-03-19,Damaged
T20260064773,P0138,2026-04-15,Customer Changed Mind
T20250054089,P0050,2026-07-23,Customer Changed Mind
T20250103598,P0410,2025-01-14,Damaged
T20260138294,P0388,2026-07-01,Damaged
T20250063678,P0226,2026-11-15,Wrong Item
T20250114925,P0332,2025-10-21,Customer Changed Mind
T20250038203,P0437,2025-03-07,Customer Changed Mind
T20260121526,P0164,2025-11-11,Customer Changed Mind
T20250142922,P0035,2026-03-07,Customer Changed Mind
T20260104573,P0245,2026-10-25,Damaged
T20250124806,P0247,2025-06-05,Damaged
T20260039745,P0408,2026-11-30,Wrong Item
T20260077415,P0249,2026-01-02,Damaged
T20260064812,P0173,2026-04-28,Wrong Item
T20250087488,P0254,2026-04-22,Damaged
T20250062837,P0404,2025-01-29,Damaged
T20260101692,P0488,2026-08-04,Damaged
T20260144947,P0292,2026-02-28,Wrong Item
T20260052313,P0389,2026-05-19,Damaged
T20250083778,P0370,2025-11-12,Damaged
T20260131427,P0462,2026-02-08,Customer Changed Mind
T20250129710,P0413,2025-04-23,Customer Changed Mind
T20250125482,P0189,2025-05-22,Customer Changed Mind
T20260092674,P0075,2026-04-27,Damaged
T20250044172,P0199,2026-07-29,Customer Changed Mind
T20260058013,P0177,2025-09-11,Wrong Item
T20250118213,P0482,2025-04-30,Wrong Item
T20260012234,P0217,2025-10-04,Customer Changed Mind
T20260143520,P0476,2026-10-29,Wrong Item
T20250022113,P0405,2025-01-12,Customer Changed Mind
T20250018848,P0226,2025-08-26,Wrong Item
T20250059819,P0165,2026-09-02,Customer Changed Mind
T20250060375,P0104,2025-07-21,Wrong Item
T20260068761,P0003,2026-04-26,Damaged
T20250142363,P0320,2025-09-03,Customer Changed Mind
T20260051517,P0429,2026-04-08,Damaged
T20250040159,P0213,2025-01-05,Wrong Item
T20260090027,P0156,2025-10-08,Customer Changed Mind
T20250044622,P0458,2025-06-27,Damaged
T20250137306,P0257,2025-07-05,Wrong Item
T20260117950,P0132,2025-04-08,Wrong Item
T20260072283,P0082,2025-07-15,Damaged
T20250099990,P0424,2026-07-08,Damaged
T20250081450,P0122,2026-07-17,Wrong Item
T20260053977,P0242,2026-04-21,Wrong Item
T20250134471,P0093,2025-10-18,Damaged
T20260098255,P0121,2025-05-09,Wrong Item
T20250002335,P0356,2025-08-03,Wrong Item
T20250083104,P0030,2026-08-28,Customer Changed Mind
T20250115100,P0081,2025-06-09,Damaged
T20250029005,P0213,2025-07-27,Damaged
T20250125602,P0363,2026-04-17,Damaged
T20250060134,P0414,2026-02-14,Customer Changed Mind
T20260136651,P0373,2025-01-10,Damaged
T20250064994,P0398,2026-08-04,Customer Changed Mind
T20250029202,P0376,2025-12-14,Damaged
T20250019254,P0064,2026-07-31,Customer Changed Mind
T20260095038,P0403,2026-08-18,Wrong Item
T20260050927,P0112,2025-11-21,Wrong Item
T20260019470,P0306,2026-12-28,Wrong Item
T20260051886,P0434,2026-08-21,Damaged
T20260101647,P0371,2025-09-09,Wrong Item
T20260025219,P0239,2025-07-28,Wrong Item
T20250058756,P0275,2025-09-01,Customer Changed Mind
T20260061236,P0211,2025-12-25,Wrong Item
T20260014516,P0043,2025-08-08,Wrong Item
T20260003480,P0026,2026-02-23,Customer Changed Mind
T20260105632,P0080,2025-03-07,Damaged
T20250073219,P0078,2025-08-17,Damaged
T20260074071,P0263,2025-10-09,Wrong Item
T20260101907,P0079,2025-12-28,Customer Changed Mind
T20250026130,P0126,2025-02-09,Damaged
T20250031895,P0491,2025-11-02,Damaged
T20260026819,P0127,2026-02-16,Customer Changed Mind
T20250001279,P0300,2025-08-31,Customer Changed Mind
T20250123667,P0309,2025-11-11,Customer Changed Mind
T20260024404,P0475,2026-02-20,Wrong Item
T20250027753,P0407,2026-01-19,Damaged
T20250082519,P0319,2025-10-30,Wrong Item
T20260129918,P0031,2025-09-05,Wrong Item
T20250053220,P0466,2026-06-25,Damaged
T20250073456,P0033,2025-02-23,Wrong Item
T20250072112,P0310,2025-12-01,Customer Changed Mind
T20260012541,P0451,2026-07-18,Damaged
T20250108549,P0483,2026-02-15,Wrong Item
T20260044788,P0257,2025-11-06,Damaged
T20260077969,P0221,2026-05-04,Damaged
T20260022311,P0320,2025-09-03,Damaged
T20250012089,P0244,2025-12-08,Customer Changed Mind
T20260112439,P0475,2025-08-05,Damaged
T20260101317,P0072,2025-03-06,Wrong Item
T20260095881,P0476,2025-12-07,Damaged
T20250088644,P0264,2026-02-23,Damaged
T20260010215,P0325,2025-06-22,Wrong Item
T20250106921,P0129,2026-07-09,Customer Changed Mind
T20260126373,P0229,2025-02-26,Customer Changed Mind
T20250084770,P0403,2026-07-28,Wrong Item
T20260017930,P0167,2025-07-06,Wrong Item
T20260042160,P0316,2026-08-20,Customer Changed Mind
T20260005832,P0353,2025-08-18,Wrong Item
T20260031725,P0358,2026-07-17,Wrong Item
T20250018599,P0353,2025-10-05,Customer Changed Mind
T20250131233,P0119,2025-04-19,Damaged
T20250037453,P0098,2025-11-29,Damaged
T20260014034,P0488,2025-09-08,Wrong Item
T20250133431,P0379,2025-08-05,Damaged
T20260062982,P0451,2026-09-07,Damaged
T20260005471,P0124,2025-03-04,Customer Changed Mind
T20250099011,P0411,2026-07-16,Damaged
T20260080358,P0291,2026-02-19,Wrong Item
T20250049535,P0318,2026-12-28,Wrong Item
T20260109905,P0383,2025-03-23,Customer Changed Mind
T20250107234,P0377,2025-11-11,Wrong Item
T20250012091,P0240,2026-11-11,Wrong Item
T20260085816,P0443,2025-02-03,Wrong Item
T20250053734,P0432,2025-04-10,Damaged
T20260009240,P0441,2025-07-07,Damaged
T20260126289,P0183,2026-08-06,Damaged
T20250012172,P0096,2025-03-15,Customer Changed Mind
T20260053831,P0156,2025-07-16,Damaged
T20250131130,P0463,2026-07-07,Wrong Item
T20250143244,P0452,2026-01-20,Damaged
T20250122577,P0334,2025-10-18,Wrong Item
T20250009166,P0356,2026-09-27,Damaged
T20250062516,P0128,2025-01-10,Damaged
T20260031857,P0385,2025-03-06,Wrong Item
T20260003295,P0284,2025-12-18,Damaged
T20250042240,P0289,2025-09-05,Wrong Item
T20260097708,P0406,2025-04-14,Customer Changed Mind
T20250027239,P0321,2026-09-13,Wrong Item
T20260097746,P0441,2026-08-02,Damaged
T20260069655,P0260,2025-02-05,Wrong Item
